mean,std,median,D,xmin,alpha
3.691573385,20.37007023,1,0.012389656,12,2.552501625
3.601681914,14.3236017,1,0.008863536,9,2.543298521
3.353059833,9.284438237,1,0.009954,7,2.649953692
3.409909654,9.969397209,1,0.007824425,7,2.595130741
3.573924655,15.19169435,1,0.007481746,7,2.564548376
3.491732485,12.01583219,1,0.004603665,9,2.627416447
3.415449741,11.07923346,1,0.006538336,8,2.611424314
3.549178931,13.7576641,1,0.008255963,7,2.571087
3.592817774,18.75851627,1,0.010771101,7,2.59897252
3.708875504,17.82228329,1,0.009859711,9,2.529547489
3.478123757,11.80055994,1,0.008061672,7,2.591621288
3.454770157,9.680423244,1,0.011954939,7,2.589575012
3.542530826,17.66916471,1,0.009384402,9,2.614790398
3.503664981,12.59816506,1,0.008097025,7,2.568741932
3.507727712,13.00710445,1,0.009356135,7,2.562798217
3.437098699,8.658184129,1,0.009352697,9,2.594952667
3.525825331,14.3092444,1,0.008069632,7,2.578226946
3.671941588,18.42497523,1,0.011960924,10,2.535261252
3.643701347,17.82729671,1,0.010915527,8,2.560224318
3.468776635,13.53331483,1,0.006991148,12,2.663570908
3.479544292,10.72384871,1,0.013909091,7,2.5703758
3.435053128,14.86312824,1,0.009346594,7,2.6263847
3.560486391,16.31570208,1,0.012261846,9,2.565715286
3.57213478,16.7221101,1,0.006911426,7,2.588502714
3.656940735,16.2758277,1,0.008885206,8,2.515458663
3.568611853,19.5923625,1,0.007157299,7,2.620345057
3.538581738,14.74444994,1,0.007225043,7,2.571554075
3.483436559,10.52617334,1.5,0.008633343,8,2.59148147
3.564293426,15.57045104,1,0.007697301,11,2.547588181
3.442411501,10.13189451,1,0.005705755,7,2.599341826
3.404824138,8.412957094,1,0.004488045,7,2.58353244
3.516279334,12.65279384,1,0.008390403,9,2.587053062
3.439456787,10.42206701,1,0.006182058,7,2.608682041
3.477527132,10.15111365,1,0.003926199,8,2.567088401
3.39482357,12.36889211,1,0.007930839,7,2.606079239
3.495425876,13.985258,1,0.01041998,7,2.577093308
3.499346554,13.72213921,1,0.006466659,7,2.594658467
3.462497869,9.764369776,1,0.004123534,7,2.574835608
3.594238309,17.00456759,1,0.007300748,7,2.549153799
3.569123246,15.47478545,1,0.010722926,7,2.590995225
3.682453548,18.55994031,1,0.005931621,12,2.508205411
3.402835388,9.772317397,1,0.004291331,9,2.653960753
3.520001136,14.8925479,1,0.01111443,7,2.583287047
3.440138644,10.48139191,1,0.007196258,7,2.594956578
3.548809591,13.18362369,1,0.010107416,7,2.608073351
3.546906074,12.003042,1,0.010977724,7,2.573754127
3.542331951,13.58459554,1,0.009845798,7,2.58400031
3.545258253,11.47218304,1,0.010378734,7,2.548829521
3.666685607,17.06976686,1,0.006904845,8,2.528664639
3.54835502,11.33741828,1,0.009246218,11,2.537865317
3.505000284,13.30372107,1,0.00788186,7,2.614972908
3.593528041,15.71617183,1,0.00747668,7,2.54095821
3.517586226,18.02115245,1,0.007637943,7,2.602573667
3.387891357,9.339401456,1,0.009580758,7,2.619538416
3.433945111,9.364013702,1,0.007168196,7,2.612124477
3.600943235,18.45277746,1,0.007545654,7,2.580493339
3.502102392,18.43821168,1,0.010256759,7,2.594348924
3.435109949,9.441635277,1.5,0.008601338,8,2.57567415
3.598926075,21.93261576,1,0.00785772,7,2.622480035
3.602363771,17.98124128,1,0.010060732,7,2.584732757
3.529660776,13.77705205,1,0.007799967,14,2.537460209
3.55721916,17.07925016,1,0.007830987,11,2.585821797
3.674754247,20.96519956,1,0.013133471,7,2.581720493
3.462412637,11.27561232,1,0.00767302,10,2.632287041
3.520626172,11.75237254,1,0.009562511,7,2.598698563
3.428802773,9.003262031,1,0.00608113,7,2.584212654
3.531706347,19.93314164,1,0.005732089,7,2.594666226
3.589948293,13.48906189,1,0.009871685,7,2.573245336
3.47261208,12.0275163,1,0.005930946,7,2.602407959
3.541195522,10.25608486,1,0.005446836,7,2.570529491
3.460452298,14.49985398,1,0.00743218,7,2.614907059
3.616995284,19.73569009,1,0.010956555,12,2.537515801
3.451531337,10.80263305,1,0.007415078,9,2.597990056
3.477470311,9.664362301,1,0.007223785,8,2.586660927
3.521648957,12.2559974,1,0.006801202,7,2.593459635
3.589294846,15.26364405,1,0.00915563,9,2.525070776
3.509119836,11.56286667,1,0.006478673,8,2.539009831
3.387039036,8.786874874,1,0.007747905,9,2.59600205
3.36987897,8.560961418,1,0.0081317,7,2.608882268
3.488266379,11.99912001,1,0.008593584,8,2.616073453
3.437922609,10.44172127,1,0.009365732,7,2.576836043
3.431388147,11.68747751,1,0.007968819,8,2.622532957
3.613472356,17.99102179,1,0.006927632,8,2.587281486
3.590686971,18.10926426,1,0.009133172,7,2.583189407
3.437325984,9.299563475,1,0.008945368,7,2.614666672
3.609466447,14.72097408,1,0.008725608,8,2.560219225
3.479373828,12.26286579,1,0.010414178,7,2.590493651
3.488465254,13.82353169,1,0.009431217,7,2.565251309
3.651514291,16.38464704,1,0.007665789,7,2.542476348
3.578129439,16.60805211,1,0.006316157,7,2.546618304
3.508295926,12.25787732,2,0.012023782,13,2.574332014
3.639354509,18.68234006,1,0.008041351,7,2.56824763
3.61037559,15.47793501,1,0.007728963,7,2.608471027
3.486448094,14.48884454,1,0.009167437,7,2.592927101
3.434030343,12.09063392,1,0.010444287,12,2.600439995
3.473720098,12.82914425,1,0.00709761,7,2.580700573
3.445792375,14.58584655,1,0.011297659,7,2.622050591
3.54349679,16.33841054,1,0.007094405,8,2.554270048
3.520569351,12.05538741,1,0.010854929,8,2.553585205
3.54997443,12.04061256,1,0.006270553,9,2.608428321
3.578669243,16.9885731,1,0.011981209,7,2.589742909
3.507614069,13.83818257,1,0.00644918,7,2.568188241
3.497329394,10.14258993,1,0.005980426,7,2.56616011
3.694329223,19.60712067,1,0.010523216,8,2.516112953
3.442496733,9.196198346,1,0.007122522,7,2.591932674
3.688419797,18.86600309,1,0.009740146,7,2.57279792
3.507301551,11.3226769,1,0.009572015,7,2.568438176
3.484402523,14.95391042,1,0.007120989,8,2.617338434
3.557645321,18.19493299,1,0.007202055,8,2.579567015
3.469572135,10.26278521,1,0.012191437,10,2.580848812
3.392181374,10.21875389,1,0.006391817,8,2.647309504
3.497130519,15.49240763,1,0.008954165,7,2.636053484
3.556167964,16.6301868,1,0.008282626,7,2.558304699
3.632052958,18.0286103,1,0.006119261,10,2.571560856
3.563412694,12.4424717,1,0.008798426,11,2.585980927
3.512330246,12.2382129,1,0.006883323,7,2.581454405
3.353173476,9.450975993,1,0.004496615,7,2.652853581
3.70185806,18.42893025,1,0.008141201,12,2.532345901
3.559605659,15.21221779,1,0.007398575,7,2.560157859
3.508324337,15.13952296,1,0.011590695,8,2.59205819
3.484203648,17.08759077,1,0.006801314,7,2.574199113
3.509318711,10.45698323,1,0.010417287,8,2.577240693
3.547303824,12.69066949,2,0.005909004,7,2.562394091
3.495937269,11.17230311,1,0.005432427,7,2.559188902
3.482186488,9.414244507,1,0.008080006,7,2.566900774
3.449968748,14.14136155,1,0.012378575,8,2.598843048
3.47261208,12.02954285,1,0.008131836,9,2.599488496
3.481845559,14.04779846,1,0.006249302,7,2.57755534
3.539292005,15.05203124,1,0.006990611,7,2.580603134
3.58662424,17.51839388,1,0.007040815,7,2.563567799
3.468037957,10.21682868,1,0.006777466,10,2.614678007
3.594891755,19.25922919,1,0.00725083,10,2.551080742
3.456844139,10.6955794,1,0.007914833,11,2.639092177
3.574691744,16.35513031,1,0.007984284,8,2.597427793
3.431302915,11.86343081,1,0.008878536,7,2.592923269
3.602392181,17.57220659,2,0.008649729,10,2.613041049
3.499545429,10.61781972,1,0.011542208,7,2.602473215
3.422041025,9.050786967,1,0.010466525,7,2.55955588
3.530257401,17.81319727,1,0.008218234,10,2.628106526
3.49034036,15.01448456,1,0.009333178,7,2.591403656
3.580743224,15.62670392,2,0.010110821,7,2.594638229
3.65671345,21.58460551,1,0.00905224,9,2.533160044
3.762884255,25.11152862,1,0.009923508,7,2.540749272
3.496590715,12.34027457,1,0.009084658,7,2.578246976
3.531450651,18.0241177,1,0.007977331,7,2.609893032
3.808085687,25.81880032,1,0.010158221,12,2.51625025
3.46292403,10.26518258,1,0.005662613,7,2.566931524
3.513779192,11.26655434,1,0.005873125,8,2.60505398
3.646059435,17.91840625,1,0.011861378,8,2.558547082
3.671600659,17.02211507,1,0.018186811,7,2.560216954
3.682368316,17.90303897,2,0.007817476,7,2.576128229
3.425137792,9.44364355,1,0.008809928,7,2.591623795
3.475339508,14.43403567,1,0.005874224,9,2.567863545
3.523410421,18.20153028,1,0.010033503,7,2.601126083
3.472697312,11.06027381,1,0.007440215,7,2.615005908
3.396187283,9.048995325,1,0.009362535,7,2.606137748
3.431672254,9.68498834,1,0.009577133,15,2.572844269
3.49034036,12.47479442,1,0.006785028,7,2.583333136
3.411813171,9.928180887,1,0.006096981,7,2.646696999
3.576339565,16.84510137,1,0.010351832,15,2.52063691
3.54270129,12.6215476,1,0.006193717,7,2.565735799
3.504119552,12.19375804,1,0.008859099,7,2.584525727
3.556281607,13.0447311,1,0.007045373,11,2.54351313
3.44317859,9.798941698,1,0.007558403,7,2.585448584
3.631712029,18.53205742,1,0.010973309,7,2.619291344
3.574578101,14.25127778,1,0.005213881,7,2.527023834
3.583129723,16.90375474,1,0.007100259,8,2.542558679
3.550997216,17.72624082,1,0.008953497,8,2.547208089
3.49315302,9.524524688,1,0.008164856,7,2.584517744
3.603358145,19.22560196,1,0.006647951,7,2.545263155
3.580345474,15.2728283,1,0.008330611,7,2.574258138
3.59830104,16.56925588,1,0.008613463,7,2.57857271
3.551281323,12.30570798,1,0.006510922,7,2.563587483
3.503522927,10.49742048,1,0.009454483,9,2.574962754
3.529149383,12.20045325,1,0.011540681,8,2.565953994
3.487669754,12.37605882,1,0.005790057,7,2.579926043
3.429115291,11.95499193,1,0.006772218,7,2.606625922
3.640803455,16.51316197,1,0.013743239,11,2.517503352
3.429797148,11.16455089,1,0.008388348,9,2.603404887
3.541309165,14.62104938,1,0.007589259,8,2.586521897
3.521506904,17.45929916,1,0.007725355,7,2.595563946
3.563014944,12.13416735,1,0.006571887,8,2.553551432
3.439456787,11.05694069,1,0.009046394,7,2.591317621
3.432695039,10.2709335,1,0.007127255,7,2.584329342
3.466276493,12.401795,1,0.006837342,7,2.568376845
3.455878175,10.7338322,1,0.006291179,7,2.573330882
3.531479061,13.60030974,1,0.009961912,7,2.586061391
3.576453208,17.21559193,1,0.012230888,7,2.593414057
3.579805671,19.16714465,1,0.007015319,7,2.569685528
3.506875391,10.73764146,1,0.009026283,7,2.563748297
3.461276209,15.71591613,1,0.006671542,7,2.606515838
3.525001421,16.06961946,1,0.013653235,7,2.580853116
3.448718677,10.64496462,1,0.010932637,7,2.58250671
3.573470084,14.96890683,1,0.00484569,9,2.567785209
3.510994943,16.26526762,1,0.005835789,7,2.610275437
3.50644923,12.33493784,1,0.009005009,8,2.543150254
3.478578328,10.60235577,1,0.007652486,9,2.54322248
3.519546565,14.04437624,1,0.009578724,7,2.574926317
3.36746406,8.058696434,1,0.005144345,7,2.62696183
3.56648105,15.95817087,1,0.008723939,8,2.557655466
3.510369907,11.29784145,1,0.010858506,7,2.593461832
3.459798852,13.48182081,1,0.009056669,7,2.612647942
3.400505711,11.66421438,1,0.008764729,7,2.637592423
3.472754134,11.15056567,1,0.008271963,7,2.599747422
3.621881925,17.26758735,1,0.008963386,7,2.565511038
3.520285243,11.91157381,1,0.006902844,8,2.569455674
3.451673391,12.30705893,1,0.008838082,7,2.567905161
3.580004546,12.8545432,1,0.007378208,8,2.536163829
3.525569635,15.20077433,1,0.008237751,7,2.612397468
3.529461901,14.61734093,1,0.01100478,7,2.596945619
3.511080175,14.26394065,1,0.009146675,10,2.584715264
3.528694812,13.72008833,1,0.007363462,13,2.579552419
3.463463833,11.4982273,1,0.008170639,8,2.625401954
3.563043355,11.41267002,2,0.009403451,8,2.524616158
3.463975226,15.40362668,1,0.010237434,9,2.619974739
3.533212114,11.63526848,2,0.009476584,8,2.564586327
3.463662708,11.12806226,1,0.008409757,7,2.57802888
3.590147167,21.96772596,1,0.013974964,7,2.612421494
3.393118927,8.422567245,1,0.010205336,10,2.632728584
3.619893176,14.19189747,2,0.008022404,10,2.519761253
3.543809307,17.13679528,1,0.006696508,7,2.555528853
3.577220297,14.9589772,1,0.007841487,7,2.568002385
3.453491676,12.54066556,1,0.010887045,7,2.596449339
3.577958975,14.26537506,1,0.008632488,7,2.565061166
3.495255412,10.82444236,1,0.014058869,7,2.590657854
3.542985397,12.92993007,1,0.007710562,7,2.57357316
3.477555543,11.66835034,1,0.006089548,9,2.61418121
3.514858799,16.38139052,1,0.017535999,7,2.63248857
3.39885789,8.818647874,1,0.005687556,7,2.602071194
3.44883232,11.79302025,2,0.008664508,7,2.607614337
3.5668788,17.87426496,1,0.008852781,7,2.556922161
3.431132451,11.49035245,1,0.008089522,7,2.602650267
3.554321268,13.21251643,1,0.006268991,8,2.557645227
3.446246946,12.31730955,1,0.009525072,7,2.616514006
3.436445253,13.52947689,1,0.008343433,7,2.57877117
3.499460197,12.06126929,2,0.006376472,7,2.605926123
3.368287971,9.350959728,1,0.007554618,8,2.652300141
3.494431502,12.47294294,1,0.007163137,8,2.551440091
3.513978067,10.55843263,2,0.006528726,7,2.592728559
3.442809251,9.909231177,1,0.009425544,7,2.596952402
3.655946361,19.56488555,1,0.015045393,7,2.556687292
3.408006137,10.08810782,1,0.009084754,7,2.603301897
3.570572192,16.61793468,1,0.011323449,8,2.576537728
3.538837434,16.70454526,1,0.009897226,7,2.600483221
3.40613103,10.37085414,1,0.007641199,8,2.583298369
3.610148304,17.20600991,1,0.008914342,9,2.5697368
3.536138417,11.97523527,1,0.008972051,8,2.562566763
3.577788511,17.53128795,1,0.008515942,7,2.586796514
3.45809421,12.51292608,1,0.008187945,7,2.600919201
3.571026763,17.18783328,1,0.006625359,7,2.55025038
3.50684698,17.42883043,1,0.009632481,7,2.582831604
3.60798909,14.50497546,1,0.009617687,10,2.524403022
3.578271493,18.62017119,1,0.009812422,7,2.590497649
3.487754986,15.06990381,1,0.005796931,7,2.604736499
3.434115575,9.073458687,1,0.004685767,7,2.560705552
3.571964316,15.79795582,1,0.007352373,10,2.514171142
3.56042957,15.55832601,1,0.009762538,8,2.591926108
3.520796636,12.34860506,2,0.009951012,7,2.594719918
3.484970737,10.55700496,1,0.005822185,7,2.58653375
3.521506904,15.45664486,1,0.005221294,9,2.58725406
3.484175237,10.36278506,1,0.006472489,9,2.588527871
3.528126598,13.97526861,1,0.012984103,7,2.5862765
3.400164782,10.13200935,1,0.009174561,11,2.644862324
3.494516734,14.45978221,2,0.007381405,7,2.632282729
3.442809251,10.45741784,1,0.005976927,9,2.577715713
3.410193761,9.645120173,1,0.011195442,9,2.658109962
3.541252344,18.46052082,1,0.007907365,7,2.575144282
3.428717541,10.1863436,1,0.00701257,7,2.609766482
3.644013864,16.44340005,1,0.005819435,10,2.516765333
3.528780044,14.86232665,1,0.013457776,15,2.565528559
3.506648105,13.41236256,1,0.011354844,7,2.586052934
3.497869197,11.73064721,1,0.008241268,7,2.596540964
3.412296153,9.9802845,1,0.006929107,7,2.59282925
3.408403887,10.87562009,1,0.008272792,9,2.565706571
3.399653389,9.091677002,1,0.013539071,7,2.602001492
3.405534405,14.44121755,1,0.004974696,8,2.624557854
3.417324848,9.026834809,1,0.005296098,7,2.597541491
3.533609864,12.84910673,1,0.006645956,7,2.576587942
3.472413205,14.9118484,1,0.008181335,7,2.57987196
3.505994659,11.97738061,1,0.008604603,7,2.556929649
3.492698449,14.22680771,1,0.008319571,7,2.57586131
3.430479004,9.820560917,1,0.004853131,7,2.611052328
3.496278198,13.89773251,1,0.008906136,7,2.549087759
3.502216035,10.47525329,1,0.013558759,8,2.56727968
3.709727825,20.95505439,1,0.009474946,8,2.547563118
3.561054605,19.27524125,1,0.006741859,11,2.58253061
3.516222513,15.75310085,1,0.010166765,7,2.588175076
3.441530769,10.16136522,1,0.009318011,7,2.614775759
3.469913063,9.289226129,1,0.009630429,7,2.596971569
3.583470652,18.54344866,2,0.007731426,9,2.593249684
3.450934712,10.76573975,1,0.008586201,7,2.61004231
3.419739758,11.44010653,1,0.006016455,8,2.634704028
3.423660435,10.26145559,1,0.007026489,7,2.63534892
3.563355872,15.44668747,2,0.00748137,7,2.575181983
3.410080118,9.814662557,1,0.008972543,7,2.587460599
3.505170748,14.4771938,1,0.00879806,7,2.579367626
3.583868402,15.21727212,1,0.006109683,9,2.532358851
3.52659242,15.32025363,1,0.006367337,7,2.60477079
3.553951929,15.31332423,1,0.011039715,7,2.60500123
3.516563441,11.97377886,1,0.009138353,7,2.595166291
3.520825047,16.57018593,1,0.011976057,8,2.599423424
3.423319507,10.76222111,1,0.008056228,8,2.622903295
3.749843741,23.73014278,1,0.01236239,13,2.490409879
3.421700097,10.23256432,1,0.008656449,8,2.589637775
3.52539917,10.45135547,1,0.004769546,7,2.537220654
3.527870902,13.54560807,1,0.006814487,8,2.53724993
3.497073697,18.43963373,1,0.010017368,8,2.574240309
3.387806125,8.105392147,1,0.007234013,7,2.574674436
3.509489176,13.59592397,1,0.007519649,7,2.585166918
3.455792943,12.80356903,1,0.008803439,7,2.602514677
3.435962271,9.638681196,1,0.009512604,12,2.574085138
3.472896187,10.13593281,1,0.008166119,7,2.612738396
3.546224217,17.24898329,1,0.010626495,7,2.616905639
3.555400875,16.8935708,1,0.006510063,7,2.586786817
3.446303767,10.66785957,1,0.007560991,7,2.577643952
3.557730553,13.28024734,1,0.009951753,10,2.564192695
3.527075402,13.295485,1,0.007282273,8,2.557085049
3.59264731,13.88027203,1,0.010577363,7,2.548295646
3.510313086,13.43708072,1,0.009447341,7,2.574875016
3.50965964,12.74780644,1,0.006795967,9,2.57765056
3.542246719,14.71066354,1,0.006400837,9,2.557259076
3.54835502,13.43310668,1,0.010130763,10,2.600330031
3.546195807,11.9857298,1,0.008388762,7,2.550360769
3.456986192,11.36560892,1,0.011079295,7,2.598548181
3.441331894,13.60132675,1,0.008883565,7,2.604798107
3.543297915,13.53073697,1,0.010081831,14,2.611177298
3.542729701,13.55836384,1,0.008109718,7,2.578123227
3.677112336,20.18528962,1,0.009529491,8,2.546594098
3.554264447,14.34004359,1,0.005942047,7,2.600811155
3.443207,12.05503551,1,0.006870843,7,2.612881559
3.494573555,15.55376517,1,0.007383779,7,2.653291967
3.587931132,15.53710931,1,0.008514961,7,2.55207562
3.621768282,13.12799348,1,0.011912184,9,2.51572261
3.446531053,15.01938713,1,0.005519063,7,2.612098171
3.602477413,16.92650799,1,0.008297855,7,2.541867162
3.487158361,13.69104363,1,0.009530358,7,2.578669414
3.455167907,10.97543186,1,0.012216886,7,2.574856232
3.513722371,14.48894046,1,0.009213402,7,2.593397538
3.589010739,15.6234243,1,0.004433252,7,2.564165695
3.472441616,10.65176534,1,0.012652046,13,2.654547902
3.460651173,11.14571036,1,0.009751768,7,2.586280935
3.619495426,17.79330992,1,0.010257227,8,2.541478731
3.60798909,13.38551772,1,0.010557922,7,2.564184925
3.461844423,9.370474466,1,0.00605745,7,2.584627071
3.358685153,8.689628777,1,0.007291695,7,2.621029688
3.440962555,12.96155463,1,0.01130421,13,2.58432971
3.520427297,14.68347481,1,0.007885155,10,2.606731177
3.630916529,17.05104278,2,0.007173434,7,2.568113135
3.51974544,12.3790607,1,0.009248306,9,2.604051096
3.600204557,18.80565783,1,0.00575813,7,2.606584089
3.44599125,12.67897815,1,0.00931156,7,2.647444193
3.471333598,14.35348847,1,0.005615752,7,2.576804375
3.530115347,11.61053253,1,0.00685942,7,2.583139852
3.630746065,13.57760576,1,0.009811239,12,2.520407674
3.546394682,16.37943062,1,0.011995855,8,2.614703852
3.471873402,16.54333069,1,0.009755218,10,2.596756621
3.486448094,11.33403457,1,0.00598859,7,2.599227836
3.497130519,15.5792062,1,0.007888181,7,2.572547168
3.584408205,14.73366284,1,0.008850556,7,2.535448348
3.465850332,15.06486011,1,0.011302427,10,2.56286506
3.492499574,13.81148344,1,0.007806898,8,2.588114395
3.753395079,17.62922664,1,0.012979495,10,2.468051991
3.488010682,11.11771422,1,0.008169869,12,2.578037907
3.269049378,7.638967851,1,0.004962342,7,2.683528427
3.617677141,15.71218207,1,0.01066503,7,2.552694398
3.399170407,8.718644607,1,0.009565602,7,2.607139843
3.387777715,8.996776737,1,0.007759499,7,2.584381239
3.428149327,10.14368027,1,0.006811817,7,2.592366684
3.506818569,13.06377189,1,0.007853567,8,2.567255708
3.492045003,15.81276937,1,0.009045636,7,2.591346884
3.459060174,13.53572812,1,0.006247664,7,2.61554648
3.507415194,14.30891038,1,0.010716031,7,2.600508382
3.482243309,14.01760803,1,0.004679124,7,2.551022492
3.306466276,7.807974284,1,0.005950623,7,2.648468792
3.443803625,9.194089947,1,0.00747221,7,2.576854072
3.420563668,9.984284196,1,0.008181279,13,2.609982246
3.452781408,12.58160365,1,0.008667974,7,2.618105674
3.46616285,10.71440035,1,0.012557793,10,2.580414564
3.484828683,13.41397811,1,0.010189662,8,2.565118049
3.396698676,9.403463981,1,0.010864413,7,2.605487046
3.586965168,15.17098159,1,0.005907618,8,2.57471105
3.463407012,14.34420801,1,0.007404488,11,2.617899531
3.637110063,16.88975477,1,0.008471916,10,2.515283191
3.55920791,15.09458795,1,0.006526374,8,2.557537705
3.58338542,15.10942789,1,0.007953023,7,2.557454763
3.476760043,14.22658491,1,0.007312143,7,2.597653163
3.558099892,15.78957268,1,0.012508044,11,2.578434651
3.454230354,12.98815583,1,0.011095112,7,2.643989845
3.488550486,11.05010425,1,0.007884693,7,2.558611629
3.516222513,13.00114319,1,0.010877668,7,2.583920099
3.464458208,11.87389351,1,0.008806512,7,2.624909318
3.505738962,11.65683337,1,0.008708399,7,2.597550378
3.486050344,17.41001448,1,0.004129401,10,2.623940338
3.540172737,14.00760256,1,0.006664757,7,2.589211967
3.61281891,16.87301915,1,0.009272265,8,2.577627635
3.619324962,17.55872206,1,0.013097982,12,2.523738751
3.5225581,13.5726057,1,0.010031861,9,2.555249607
3.514375817,11.07882105,1,0.009408256,8,2.520232853
3.496136144,15.15711696,1,0.009141688,7,2.618042406
3.619523837,18.41159824,1,0.010032531,8,2.54298449
3.525541224,15.77798778,1,0.006796546,7,2.59020642
3.516591852,15.37323205,1,0.007961259,8,2.56109451
3.542076254,16.66843511,1,0.011021936,13,2.520562307
3.380163646,8.15712723,2,0.006522384,8,2.633171735
3.73649071,21.53852835,1,0.008882867,7,2.535552401
3.488919825,14.50121444,1,0.007365556,10,2.621157188
3.463208137,14.12523421,1,0.00558276,9,2.60298768
3.442894483,10.62825704,1,0.006006673,7,2.584694611
3.488578897,11.89083596,1,0.010916801,9,2.627369076
3.524461617,16.28933275,1,0.009614093,11,2.572103138
3.596539576,13.6676512,1,0.009167792,10,2.507915904
3.606312859,18.09070284,1,0.013655406,11,2.542824379
3.612534803,19.1017859,1,0.008507321,7,2.576198568
3.422410364,10.38124284,1,0.007891325,7,2.60809141
3.515142906,12.70721473,1,0.008128377,7,2.600537134
3.604267288,16.24573431,1,0.009269846,7,2.57263934
3.490027842,13.11820622,1,0.011922293,7,2.584485598
3.452980283,9.725898049,1,0.006438183,7,2.582237754
3.553667822,16.38142208,1,0.007491365,10,2.577774295
3.477555543,12.49172437,1,0.007362415,7,2.57458136
3.625745781,18.06202337,1,0.00876279,7,2.528886087
3.467981135,9.60579246,1,0.007583254,9,2.572207637
3.565827604,16.08562535,1,0.012687411,7,2.563875193
3.588527757,13.57452304,1,0.008582943,9,2.52432115
3.489033468,14.09273313,1,0.009529146,12,2.601348541
3.548298199,18.42217055,1,0.004328471,7,2.58518539
3.37269163,10.00383333,1,0.006359213,7,2.626547982
3.484999148,15.28724121,1,0.010811183,7,2.603574775
3.457185067,14.73012811,1,0.006682716,7,2.635796046
3.485794647,10.69311201,1,0.010832032,7,2.60306244
3.409313029,9.23183179,1,0.010767832,12,2.674519748
3.448974374,10.82169023,1,0.007372481,9,2.626117446
3.543724075,16.5434531,1,0.005499076,10,2.57367398
3.570373317,13.8004571,1,0.006278532,8,2.547447798
3.625433263,17.10662334,1,0.010428723,9,2.525769066
3.422012614,11.07087774,1,0.00875891,7,2.608977173
3.514659924,13.4227189,1,0.007857832,7,2.593267334
3.525683277,10.60485149,1,0.008001898,8,2.540449343
3.521109154,14.41290977,1,0.008813571,9,2.599860445
3.525541224,12.15958078,1,0.00621312,9,2.562387416
3.490652878,11.5436904,1,0.011662686,13,2.649992073
3.561736462,14.65948648,1,0.007998736,10,2.591358734
3.431473379,8.853666723,1,0.005750706,7,2.603197052
3.516620263,10.43023271,1,0.009767873,7,2.553565279
3.511989318,11.60873491,1,0.011733564,7,2.577873775
3.486107165,14.63105434,1,0.005443615,7,2.581707002
3.447866356,12.18397412,1,0.007945105,7,2.605703812
3.441275072,10.28208332,1,0.007035001,7,2.600704891
3.420563668,8.945284169,1,0.010365633,8,2.624581096
3.484033184,10.97049663,1,0.012914849,7,2.594847443
3.465537815,12.56396068,1,0.007734008,7,2.608183721
3.506591284,11.85352482,1,0.009639427,8,2.586931512
3.601056878,16.16463121,1,0.011399168,12,2.548061151
3.46130462,10.90606155,1,0.007290926,8,2.582303129
3.543610432,16.12003471,1,0.006573962,8,2.576482635
3.500170464,13.63864155,1,0.009953067,13,2.609511812
3.473208705,14.39786604,1,0.009681518,13,2.638039488
3.366924257,8.747761434,1,0.011092006,9,2.670483318
3.548497074,16.14419927,1,0.007851205,7,2.610113295
3.405562816,10.31819405,1,0.008660572,7,2.63202564
3.395959998,9.928940243,1,0.009243792,7,2.639801775
3.643076311,15.98056679,1,0.009924791,7,2.565804409
3.462696744,10.46761464,1,0.007110151,8,2.630149948
3.511591568,15.33972986,1,0.00556527,7,2.615800306
3.592221149,15.58441994,1,0.008295861,13,2.525026401
3.539604523,12.88184083,1,0.015154693,7,2.591411895
3.489573271,15.7891975,1,0.006588066,8,2.604082938
3.471333598,13.05842816,1,0.005990395,8,2.617047633
3.474345133,15.44107309,1,0.008460658,7,2.614515066
3.443519518,10.98140008,1,0.008776837,7,2.583772237
3.483663845,15.12932874,1,0.012224573,7,2.620524319
3.435053128,11.15898038,1,0.007347925,14,2.69348968
3.475765669,13.01184277,1,0.007304513,9,2.58047666
3.560514802,17.71657413,1,0.011318367,7,2.549986234
3.502216035,12.15212836,1,0.009398317,13,2.598973055
3.522501278,14.12828089,1,0.006935184,7,2.586892868
3.512046139,14.76941198,1,0.004800883,8,2.596160726
3.534490596,12.11137355,1,0.006997574,7,2.560883767
3.555855446,15.89891116,1,0.009702589,7,2.597115103
3.478606739,12.51034391,1,0.015673287,7,2.606773719
3.658105574,17.63561388,1,0.009458544,7,2.544886934
3.590715382,16.40329788,1,0.005959437,9,2.565544815
3.516677084,14.30286134,1,0.00806997,7,2.600119968
3.475140633,11.43259539,2,0.008710719,7,2.608181108
3.486050344,12.88273883,1,0.008304781,7,2.594642931
3.456219103,14.05722805,1,0.006021416,7,2.609665806
3.537587363,13.61079146,1,0.010457071,7,2.581539214
3.445451446,11.2105446,1,0.006951836,10,2.636237849
3.424370703,10.3041592,1,0.007358409,7,2.582565013
3.53988863,13.85881081,1,0.011378241,10,2.555261428
3.412012046,9.992933183,1,0.00959002,8,2.564347674
3.703676345,18.10901899,1,0.012714978,7,2.563454695
3.454684925,11.64497604,1,0.00917791,10,2.542843228
3.526876527,12.55249116,1,0.012424027,7,2.574333119
3.556196375,11.88364612,1,0.009486379,10,2.526921849
3.53585431,15.97322381,1,0.011685878,7,2.564092751
3.447014035,9.576839535,1,0.005884275,7,2.596314986
3.637024831,15.2247483,1,0.015409159,19,2.449217434
3.477157793,10.35990933,1,0.009174626,11,2.576883437
3.543411557,10.26066758,2,0.010176133,9,2.530504683
3.545684414,15.12371096,1,0.007146873,7,2.572768032
3.513495085,15.59317066,1,0.00899249,8,2.588292846
3.523666117,13.6953199,1,0.008153439,7,2.594933735
3.551139269,11.50339637,1,0.007270689,8,2.545402739
3.544832093,16.67487636,1,0.009759194,7,2.572050296
3.436019092,11.11327322,1,0.00665908,7,2.566248558
3.541536451,15.88953677,1,0.01208812,7,2.6189564
3.577703279,20.43182532,1,0.008488587,7,2.600110494
3.540343201,14.73225849,1,0.009229536,7,2.595460855
3.399539747,9.888077964,1,0.008736651,7,2.636324883
3.456162282,10.02605541,1,0.011260692,7,2.593640032
3.494914484,12.07959449,2,0.006534598,7,2.604054412
3.470367635,13.91893338,1,0.011117193,7,2.580807673
3.636655492,20.04481752,1,0.010148404,7,2.555395477
3.430564237,11.18305577,1,0.006582686,7,2.592321941
3.437212342,9.981511318,1,0.007701377,12,2.602069944
3.501903517,17.19920799,1,0.004834041,8,2.610611251
3.472072277,11.27828571,1,0.014843377,7,2.642984816
3.609949429,13.34512613,1,0.00579427,7,2.565715516
3.464571851,15.58527233,1,0.006775615,9,2.627449943
3.449883516,10.0623985,1,0.006099353,11,2.612806229
3.460821638,10.73560079,1,0.008104741,8,2.635334714
3.547616342,12.09660493,1,0.003719597,7,2.56658802
3.523296778,15.07268447,1,0.008981531,14,2.539535045
3.628728905,13.50166322,1,0.007601606,8,2.558941949
3.49639184,12.84827677,1,0.006888771,7,2.605130271
3.506250355,14.2662459,1,0.009668969,12,2.628628662
3.563384283,15.38152418,1,0.006160406,8,2.579250523
3.688249332,21.63406026,1,0.009377031,7,2.569875876
3.437354395,12.8117263,1,0.007460415,7,2.612997044
3.407125405,9.329787923,1,0.01372281,8,2.566664689
3.481533042,11.38080339,1,0.008346878,7,2.598864587
3.599267004,12.49891712,1,0.006144317,9,2.539082171
3.415108813,11.58786395,1,0.007190368,7,2.613223635
3.451105176,10.23280816,1,0.006304834,7,2.585375415
3.482243309,15.23648871,1,0.008849546,14,2.651344237
3.40934144,9.4727655,1,0.007532649,8,2.577248597
3.533212114,10.56984363,1,0.008219913,7,2.591747191
3.398516961,10.59775334,1,0.008444133,7,2.606888249
3.527274277,16.43472584,1,0.011060932,7,2.599606794
3.471731348,14.41183697,1,0.010768997,7,2.605144907
3.546281039,12.16873353,1,0.009675236,7,2.573327029
3.47866356,9.568055534,1,0.00952757,9,2.586374477
3.607335644,20.42820202,1,0.011844015,7,2.611030868
3.485425308,16.0238437,1,0.008460347,8,2.609881134
3.502159214,15.99652938,1,0.00702527,9,2.597841474
3.368202739,10.08091601,1,0.00599377,9,2.662747452
3.455849764,14.31977237,1,0.007396431,7,2.590709262
3.484146827,10.44238623,1,0.005298768,8,2.562782231
3.418972669,11.45447116,1,0.007304404,7,2.585245744
3.580544349,16.63872712,1,0.006107703,7,2.581180237
3.561139837,17.02638304,1,0.008642484,7,2.565326025
3.501448946,10.12316816,2,0.009919392,7,2.593694569
3.408801636,9.077691127,1,0.007274914,7,2.606465022
3.610744929,17.28595678,1,0.012603938,7,2.579098785
3.521165975,20.00315031,1,0.0102618,7,2.587879739
3.480396613,14.85101875,1,0.010504205,7,2.589552113
3.408176601,9.562244649,2,0.006282499,7,2.604993808
3.625973067,20.64758101,1,0.009247697,9,2.539181355
3.661003466,18.46123759,2,0.012077245,7,2.607513679
3.626882209,21.65443784,1,0.008536316,7,2.597135926
3.526734474,17.4570413,1,0.005210888,7,2.566582435
3.504403659,11.35566629,1,0.005914413,7,2.591434032
3.497869197,10.99962722,1,0.009318243,8,2.597588132
3.445252571,10.19547011,1,0.01755123,9,2.587794589
3.50724473,12.66353299,1,0.011653037,8,2.569234452
3.478095346,14.83266189,1,0.006435391,11,2.635247558
3.549917609,13.27640628,1,0.011662835,8,2.541116052
3.452724587,10.80819143,1,0.011222547,7,2.598514366
3.536450935,12.78025533,1,0.008460023,7,2.533950605
3.488664129,12.88725932,1,0.004830229,9,2.5841986
3.410904029,9.292034068,1,0.010602639,7,2.594265198
3.436928235,10.1844173,1,0.010606003,9,2.645536703
3.389965339,10.22687596,1,0.005753157,7,2.621263772
3.458747656,10.46051076,1,0.011204889,7,2.591741781
3.523410421,11.65161632,1,0.006603395,7,2.554307732
3.474941758,13.03532922,1,0.009449472,7,2.57923119
3.607079948,18.49094968,1,0.006772045,8,2.591884087
3.510994943,12.8151208,1,0.00568452,10,2.560264634
3.395761123,10.41900874,1,0.008048812,7,2.604992805
3.491363146,14.40627818,1,0.003996008,7,2.588166981
3.449940338,11.1511261,1,0.009723712,8,2.588684778
3.457128246,13.56224358,1,0.00872263,8,2.63500474
3.441331894,13.7246451,1,0.009432567,10,2.616288489
3.456730496,11.73067659,1,0.004432863,7,2.584401676
3.591027899,19.75405187,1,0.010329329,7,2.571063464
3.580459117,13.51339914,1,0.008227916,7,2.556443046
3.360332973,10.50476569,1,0.006348126,7,2.609042148
3.488408432,12.19762497,1,0.006662214,7,2.560148465
3.383345645,9.29330656,1,0.008489374,7,2.634456823
3.653673504,18.26218872,1,0.006827509,8,2.548362931
3.525626456,11.73257617,1,0.008833985,7,2.581974031
3.658105574,17.82852457,1,0.008283133,7,2.543958531
3.452639355,15.15979112,1,0.00705592,7,2.580114957
3.660122734,19.11138667,1,0.008612259,10,2.547814597
3.559151088,12.27698072,1,0.008644471,7,2.523071737
3.644269561,17.02276421,1,0.01059519,18,2.454128025
3.468123189,10.87503692,1,0.007762794,8,2.579076956
3.418233991,9.162007866,1,0.008155831,8,2.5589552
3.501420535,15.91815912,1,0.009967543,16,2.565475807
3.515824763,11.55442617,1,0.007227154,7,2.586962139
3.552872322,14.8385645,1,0.01210246,7,2.571410847
3.528297062,14.49082124,1,0.013175827,7,2.58255628
3.547104949,14.39959368,1,0.005979819,7,2.555554557
3.471674527,13.00839075,1,0.008354264,7,2.591527016
3.633587136,20.12387865,1,0.006569257,7,2.565617238
3.561878516,17.58376148,1,0.010722316,7,2.594119649
3.444087732,11.69038406,1,0.011722847,7,2.62200308
3.537928291,14.55928789,1,0.00755639,9,2.549809447
3.45928746,10.22758687,1,0.006130205,8,2.583166249
3.598528325,15.71045309,2,0.007675004,7,2.563111284
3.557020285,13.59034422,1,0.006372895,8,2.555459458
3.691033581,24.97245314,1,0.018404536,7,2.639178394
3.485965112,14.70226761,1,0.00710358,7,2.590132035
3.51451787,14.78370494,1,0.011497349,9,2.556171626
3.576112279,20.49576297,1,0.010813504,7,2.604127408
3.540229558,17.80819749,1,0.005786796,9,2.585651609
3.420648901,11.07414211,1,0.008238602,9,2.621716362
3.427410648,9.980044345,1,0.012926352,7,2.598463938
3.419484062,11.50420379,1,0.011591027,11,2.602597293
3.438036252,10.40629581,1,0.009711179,7,2.599530487
3.526507188,15.71815765,1,0.004568091,7,2.603826534
3.461929655,11.33207099,1,0.012536645,7,2.628212868
3.5544065,12.95995716,1,0.01258235,7,2.568636726
3.394653105,9.755562539,1,0.00842587,7,2.58951833
3.489289164,12.52551854,1,0.014859333,9,2.564205932
3.454770157,10.83527003,1,0.009470142,10,2.586426083
3.436445253,9.793381271,1,0.008168956,7,2.591810685
3.438718109,14.5100361,1,0.010336243,9,2.630838226
3.599039718,17.59093349,1,0.008461751,7,2.599024286
3.576623672,16.26073917,1,0.007262905,8,2.548281062
3.488266379,10.59407682,1,0.007360386,9,2.554368827
3.478947667,13.69675756,1,0.005432483,7,2.612260811
3.482186488,14.70232535,1,0.010329696,8,2.591923496
3.452554122,13.74477597,1,0.009251164,7,2.607068296
3.508153872,12.09858171,1,0.010033535,16,2.56315473
3.513608728,11.960666,1,0.006456682,9,2.531336002
3.48266947,12.87247584,1,0.008839438,8,2.588468375
3.442837661,10.26129239,1,0.007957085,10,2.625212144
3.512529121,14.33190059,2,0.006467365,7,2.55007058
3.479970453,14.0068751,1,0.008623454,7,2.639664603
3.504971873,13.89071237,1,0.00837382,7,2.594202791
3.469316438,14.91228817,1,0.011698602,7,2.607095785
3.469202796,14.78185228,1,0.007559155,7,2.598174618
3.567560657,12.87973723,1,0.005960235,9,2.502340067
3.561026195,15.30810753,1,0.010404273,8,2.556750297
3.553355304,13.27611685,1,0.014546141,7,2.553502201
3.500340928,15.24880076,1,0.007196526,8,2.599565411
3.3126314,8.158004488,1,0.013511407,7,2.638520451
3.589948293,17.68671687,1,0.009795532,7,2.575150387
3.467526564,12.29513106,1,0.007479742,7,2.588929091
3.528552759,14.12138292,1,0.006405888,7,2.576748161
3.511250639,12.00553058,1,0.013916883,9,2.565485503
3.482783113,10.66796218,1,0.004662927,7,2.576344249
3.502102392,11.17524038,1,0.012074832,8,2.611364741
3.443633161,11.98235068,1,0.008800601,11,2.646035554
3.593925791,19.24685472,1,0.007773632,7,2.575962579
3.509972158,13.94310152,1,0.006840876,7,2.601241005
3.48227172,14.54426385,1,0.006418425,11,2.611684827
3.611426786,15.43932703,1,0.008072307,7,2.559505592
3.561395534,12.66828964,2,0.008903095,7,2.560410103
3.550684698,12.45019749,1,0.004548766,10,2.571964617
3.584663901,16.01464364,1,0.012688243,7,2.564292132
3.475765669,12.68895239,1,0.00643598,8,2.599115598
3.558383999,15.66563475,1,0.007027078,7,2.596548556
3.619694301,18.39386624,1,0.006233633,7,2.56886718
3.573470084,15.05569853,1,0.006905427,7,2.553293785
3.553611001,14.67961376,1,0.009518159,7,2.585050226
3.492073413,12.14658384,1,0.005334108,7,2.610190121
3.398829479,11.46615595,1,0.005963698,8,2.625751615
3.53224615,15.12550193,1,0.012399547,7,2.584886529
3.428745951,11.11068498,1,0.006633026,9,2.607366503
3.471901813,12.82507828,1,0.010026873,7,2.57920358
3.549832377,17.94686466,1,0.013331754,7,2.588225824
3.392976874,10.11167872,1,0.009769489,7,2.612969407
3.513495085,17.73751508,1,0.009822707,7,2.60995897
3.394567873,10.01268904,1,0.010288157,7,2.598727412
3.487811807,10.60481397,1,0.012735452,10,2.585460835
3.490397182,15.38515893,1,0.006837684,7,2.622321082
3.469117563,14.58392962,1,0.007039388,8,2.626671579
3.614637195,21.0635728,1,0.008214192,7,2.591666623
3.439542019,11.59309361,1,0.010935453,13,2.608082962
3.638104438,16.4504485,1,0.00683873,7,2.548461
3.539405648,16.71443952,1,0.013647786,7,2.614050653
3.479942042,12.31570585,1,0.007461049,7,2.592467482
3.601596682,20.51960973,1,0.009340037,7,2.595873742
3.439542019,11.52311956,1,0.00809298,7,2.585648165
3.587050401,18.20530302,1,0.008704617,9,2.594216487
3.531138133,12.30151971,1,0.011946446,9,2.558099808
3.429030059,10.20449778,1,0.008668483,7,2.618424199
3.407153816,9.154165216,1,0.011695779,7,2.628866452
3.404454799,9.536303338,1,0.005919246,7,2.626764746
3.538581738,14.14234767,1,0.004918619,7,2.58835418
3.448178874,11.18274224,1,0.007318875,7,2.619935881
3.419256776,13.53804885,1,0.007392278,7,2.578387133
3.532359793,14.51631145,1,0.010827581,12,2.529815984
3.412750724,10.15011421,1,0.01173671,16,2.674782498
3.804790045,23.70739348,1,0.011784963,12,2.507151138
3.582078527,15.49597696,1,0.008049692,7,2.561781284
3.657082789,20.62061207,1,0.014532483,8,2.560928438
3.45690096,12.67644279,1,0.007815582,7,2.601881625
3.519177226,14.58491593,1,0.007648173,7,2.602704027
3.483379737,14.86608573,1,0.006577551,7,2.616278752
3.660009091,15.27212144,1,0.010648822,9,2.481171256
3.443689982,11.31388415,1,0.013299382,7,2.622466221
3.426302631,10.64933996,1,0.012839882,7,2.624302487
3.4105631,9.366088795,1,0.009922474,12,2.690459205
3.589493721,12.69777636,1,0.009602778,7,2.556975088
3.589380078,17.72196125,1,0.007590376,7,2.567120848
3.592817774,16.14738029,1,0.013412476,7,2.560553787
3.520285243,11.97844653,1,0.012335791,7,2.58998713
3.462071709,14.46128759,1,0.008011102,7,2.581517147
3.57534519,12.7324254,1,0.009049734,7,2.559931494
3.580885278,14.88799902,1,0.004773902,7,2.542974975
3.62773453,19.61122302,1,0.007555604,7,2.574440871
3.540655719,13.47481496,1,0.009137264,9,2.533564601
3.55639525,17.86728698,1,0.00954729,10,2.558564236
3.464401386,9.207939489,1,0.006006464,7,2.570000988
3.427353827,11.22566785,1,0.006792636,7,2.592394706
3.433831468,14.00642482,1,0.00894726,7,2.609641553
3.438860163,11.71729069,1,0.007625701,7,2.606979083
3.412949599,10.61027313,1,0.009944454,9,2.640188417
3.458406728,13.69252614,1,0.007053455,7,2.602433891
3.553809876,14.89224091,1,0.005305538,11,2.559105697
3.505312802,11.50085353,1,0.011709926,12,2.615510403
3.500085232,15.33633711,1,0.006448501,7,2.594630644
3.503750213,11.84440986,1,0.007608521,8,2.587529433
3.415705438,8.185431558,1,0.00983327,7,2.606414288
3.519432922,11.62450936,1,0.007863652,10,2.612769925
3.554037161,11.90322733,2,0.008177781,7,2.561984899
3.504744588,14.47948001,1,0.013388476,7,2.596746759
3.456275925,10.85582414,1,0.010098313,8,2.608635047
3.637166884,19.01659751,1,0.008547747,7,2.560575455
3.506392409,10.80170627,1,0.009532933,7,2.57973115
3.37186772,9.890076596,1,0.01115335,11,2.693788901
3.580913688,18.78363401,1,0.008052901,7,2.585815787
3.395704301,10.77104265,1,0.004934738,8,2.626461897
3.554520143,16.088428,1,0.008420389,7,2.575685847
3.451190409,10.77453836,1,0.014681012,7,2.61940026
3.382947895,7.779530044,1,0.006567031,7,2.598151049
3.398999943,10.58113185,1,0.010235038,7,2.619336709
3.54753111,11.51776703,1,0.008748635,7,2.548185621
3.542616058,13.30658341,1,0.005691929,8,2.560530624
3.407864083,14.01980925,1,0.011670274,10,2.593700378
3.459486334,11.79382051,1,0.007262484,7,2.577834714
3.444428661,11.77382745,1,0.008056477,7,2.616518275
3.483720666,14.86256161,1,0.007537397,8,2.606359217
3.642650151,18.12393273,1,0.011220469,7,2.579518876
3.358855617,8.652571262,1,0.010847482,9,2.635386859
3.540854594,15.51143453,1,0.008052287,7,2.574677097
3.498721518,10.57815776,1,0.010122355,7,2.57863643
3.643616115,18.66590258,1,0.008519089,10,2.480860813
3.634609921,14.08683359,1,0.007649406,11,2.486603818
3.645775328,20.58943447,1,0.009116514,7,2.548541847
3.5225581,10.87968855,1,0.004372605,7,2.584041562
3.665890107,20.55104064,1,0.009152091,9,2.548382909
3.581623956,14.09911805,1,0.012775661,11,2.514125744
3.419995454,9.806358872,1,0.006155319,7,2.578481367
3.482328541,13.7934304,1,0.011652138,13,2.600798406
3.512301835,14.00660005,1,0.011341847,7,2.614838134
3.443320643,9.47484704,1,0.005090302,7,2.574908818
3.492982556,10.33070392,1,0.006550829,9,2.603725478
3.532785954,13.54937817,1,0.011017269,10,2.533852028
3.520455708,17.69735725,1,0.008581668,7,2.579812196
3.464259333,9.753849493,1,0.008988406,13,2.523367939
3.631683618,16.46433758,1,0.008861854,8,2.555080661
3.369992613,11.07883689,1,0.006104182,10,2.640158034
3.493522359,11.04638987,1,0.007886794,7,2.540853387
3.441786465,13.52005224,1,0.007728354,9,2.614012268
3.409881243,11.71478053,1,0.010877918,13,2.612242954
3.386556054,8.441996366,1,0.010960344,12,2.653250349
3.504176374,14.767633,1,0.007081363,9,2.57601926
3.544434343,13.32144005,1,0.009591021,11,2.567172705
3.572220013,13.97514487,1,0.009213001,7,2.557122957
3.417608955,13.82998544,1,0.004860985,10,2.669150908
3.527700438,15.19121498,1,0.011526363,7,2.600089216
3.464458208,11.36480232,1,0.00634508,8,2.600830034
3.570998352,14.91298137,1,0.007921433,9,2.522234104
3.503494517,13.23244685,1,0.012412861,7,2.588125297
3.530768794,14.87421948,1,0.012281209,7,2.577956808
3.416017956,10.49966414,1,0.010771364,7,2.604252802
3.594351952,13.82127828,1,0.010309456,10,2.550114577
3.483294505,11.81697181,1,0.007546762,7,2.546099184
3.50161941,11.87672897,1,0.007623727,7,2.565107762
3.465509404,10.4636826,1,0.010184173,7,2.58593658
3.48710154,12.5835507,1,0.005564005,7,2.543765895
3.724728678,18.44450699,1,0.009310573,10,2.520451811
3.457895335,10.69024309,1,0.012501894,8,2.544678971
3.560315927,16.58750534,1,0.009474345,7,2.602833808
3.685095744,21.14252206,1,0.008453946,10,2.582080083
3.585374169,16.99883926,1,0.013456631,9,2.554086587
3.465907154,9.166141105,1,0.007075401,7,2.584104509
3.464486619,10.66339923,1,0.008870266,9,2.575032595
3.531791579,13.97259126,1,0.00732515,8,2.548315829
3.472555259,13.82269741,1,0.008954222,12,2.602400199
3.426103756,14.22315043,1,0.01134773,7,2.63473205
3.540883005,12.99198644,1,0.007259645,7,2.556494572
3.479317007,11.83843262,1,0.007924652,12,2.541882019
3.432609807,9.589251141,1,0.013728126,9,2.618374796
3.435734985,13.96447618,1,0.006095489,7,2.609370516
3.469316438,13.82454031,1,0.008641073,7,2.596768719
3.396613444,10.14735357,1,0.006217498,7,2.650405443
3.573498494,14.06331352,1,0.006740508,8,2.570840089
3.569151656,16.71644201,2,0.006992751,7,2.61988477
3.525455992,15.53075861,1,0.01032723,13,2.530062197
3.667509518,18.61965851,1,0.011323385,9,2.522636375
3.494971305,12.54502048,1,0.014362753,7,2.56446623
3.466361725,12.05575866,1,0.011018787,7,2.624946929
3.421586454,12.63492225,1,0.004530212,7,2.58662936
3.512614353,14.10530185,1,0.007814236,7,2.582076288
3.842661515,24.76417706,1,0.008855808,7,2.558828557
3.499886357,14.14821086,1,0.01332356,9,2.550209822
3.552502983,11.67130187,1,0.008252779,8,2.546141878
3.547161771,15.65758922,1,0.008099417,7,2.565273829
3.591681346,19.46377559,1,0.010674952,8,2.59507048
3.563838854,12.05493191,1,0.01044283,7,2.562063508
3.435053128,9.660733096,1,0.005767761,9,2.609554273
3.471987045,12.64086926,2,0.004694136,7,2.605860004
3.530683562,15.89691382,1,0.008316207,7,2.616372855
3.48065231,12.28543598,1,0.008677132,7,2.573012955
3.486078754,11.60687262,1,0.005235703,7,2.548931254
3.783141088,24.59527831,1,0.009901379,9,2.51011548
3.476958918,12.15955073,1,0.011506216,7,2.611489135
3.51855219,15.28895071,1,0.012358983,12,2.584970309
3.599693164,16.22591943,1,0.011704525,7,2.555548546
3.449031195,11.4911628,1,0.006318135,7,2.570079999
3.457895335,15.83766078,1,0.00737841,7,2.616778126
3.488039093,12.22183591,1,0.007203174,7,2.551209399
3.466134439,12.33980725,1,0.007696841,10,2.654039846
3.475453151,10.35457015,1,0.006456726,7,2.587868049
3.58420933,12.49391454,1,0.010151347,9,2.54242515
3.424285471,8.375888745,1,0.008697237,10,2.616766081
3.425308256,14.31299955,1,0.012328442,8,2.638781342
3.50804023,13.00979279,1,0.005336502,7,2.587537654
3.531791579,15.06761842,1,0.011818202,9,2.560418521
3.440195466,10.31853825,1,0.006760975,7,2.613672476
3.429768737,9.417559864,1,0.007682047,8,2.58298601
3.466844707,11.33395407,1,0.007400549,7,2.585877289
3.64784931,15.27351266,1,0.00948111,10,2.509787257
3.429513041,9.179094227,1,0.007904518,7,2.603925797
3.576083868,12.17311694,2,0.006951344,9,2.541256545
3.469259617,10.38991007,1,0.00900254,10,2.642293684
3.581197795,18.87085269,1,0.008924459,7,2.583616424
3.532075686,15.75242727,1,0.008195211,7,2.624760376
3.476731632,14.4807492,2,0.009938769,9,2.625222822
3.543894539,14.1995748,1,0.008930444,7,2.579998833
3.631513154,22.90646875,1,0.00794703,7,2.604081417
3.602108074,16.26753406,1,0.011671457,7,2.5799739
3.471106313,11.9226513,1,0.00547163,7,2.580502527
3.60074436,15.94980679,1,0.009842889,9,2.57234939
3.551394966,13.82185215,1,0.007822897,7,2.56687542
3.428092505,9.973425543,1,0.007023453,7,2.609615722
3.415677027,13.25772155,1,0.010386199,12,2.716323157
3.585459401,19.77766959,1,0.004834403,7,2.58060713
3.492556395,11.50708079,1,0.011684609,7,2.576430715
3.513438264,11.32698124,1,0.007504202,7,2.592221106
3.363372919,8.722434863,1,0.005715305,8,2.619614447
3.563696801,16.21834746,1,0.009652147,8,2.570071261
3.594351952,17.193251,1,0.01150219,7,2.547478197
3.469913063,15.30741453,1,0.010443778,7,2.588338637
3.491448378,12.82395423,1,0.009026967,8,2.599662993
3.492101824,10.47077179,1,0.007770003,7,2.593053257
3.644184329,16.74182156,1,0.007648462,7,2.553172023
3.492868913,11.94812084,1,0.005030726,7,2.565081993
3.653048469,18.15354972,1,0.012165729,12,2.506222581
3.563867265,20.02561284,1,0.007178765,8,2.575876322
3.57415194,18.08336753,1,0.007914084,9,2.565687664
3.503437695,13.69781455,1,0.007762283,8,2.584965514
3.494914484,10.20116236,1,0.010255617,7,2.564676177
3.562191034,15.54595343,1,0.007662923,7,2.55653221
3.461190977,12.03736876,1,0.015453604,7,2.619753398
3.429853969,8.633486246,1,0.00808605,7,2.584970527
3.523580885,14.77093688,1,0.0061052,9,2.553382924
3.498124893,11.17123814,1,0.005191881,7,2.584367045
3.408233422,9.616229826,1,0.006753342,7,2.591467452
3.493181431,14.21865992,1,0.006955874,11,2.583791833
3.476021365,14.4726782,1,0.012835233,7,2.577850395
3.546764021,14.71127367,2,0.008873591,10,2.586151197
3.579407921,15.69388285,1,0.008227964,7,2.56967204
3.574066708,15.84563908,1,0.00490838,7,2.549835564
3.516279334,12.30113724,1,0.010232301,8,2.589252606
3.50605148,12.32668496,1,0.009323095,13,2.551954376
3.687624297,18.75901467,1,0.012272451,7,2.535880944
3.586879936,16.4573394,1,0.007484207,7,2.53158182
3.483805898,14.21608051,2,0.009649922,7,2.613298352
3.427183363,11.9976735,1,0.007095125,7,2.611762614
3.545684414,14.52081553,1,0.010191336,7,2.595676376
3.421160293,9.6996762,1,0.008168996,9,2.607617321
3.46050912,10.9153339,1,0.008357842,9,2.589603352
3.57534519,12.16038818,1,0.007429699,7,2.525064509
3.588783454,16.203806,1,0.007340958,7,2.566866884
3.630263083,15.11062512,1,0.006333099,7,2.528605424
3.412296153,9.371615166,1,0.007670485,7,2.631299833
3.615432695,14.47890489,1,0.009707804,8,2.541398995
3.493522359,16.62559709,1,0.006649545,7,2.632610551
3.483180863,15.54950225,1,0.008915707,7,2.59969587
3.479203364,17.29242669,1,0.006654225,7,2.615920354
3.500852321,14.42221443,1,0.005092451,7,2.567324155
3.538780613,12.26023366,2,0.006919034,8,2.562053187
3.600687539,16.89590255,1,0.010750969,7,2.592627115
3.497272572,11.93187335,1,0.011771414,10,2.596611781
3.662111484,17.9472164,2,0.009005852,7,2.581353976
3.587590204,18.18194395,1,0.012756472,7,2.600888053
3.498693108,12.10890531,1,0.006896792,8,2.598625478
3.511960907,15.54265905,1,0.010341603,7,2.601398955
3.720325018,21.00244648,1,0.011948658,7,2.588492461
3.386840161,7.942139731,1,0.005045353,8,2.600563182
3.592420024,11.71949322,1,0.011947858,9,2.511752168
3.590374453,17.01741688,1,0.008572415,9,2.588971298
3.527672027,15.67607473,1,0.007238513,7,2.575842952
3.472100688,11.59147025,1,0.007162003,7,2.627771925
3.649411898,20.23533046,1,0.011737948,7,2.567313792
3.405136655,12.24238922,1,0.007103341,7,2.607706119
3.498210126,10.02103219,1,0.006535434,7,2.544840456
3.658276038,20.83849028,1,0.010954609,7,2.580306758
3.631001761,18.34238009,1,0.005929568,8,2.516697971
3.549491448,15.05751166,1,0.007670608,10,2.571585906
3.541394397,14.78349653,1,0.005845526,7,2.552657172
3.473521223,11.95473073,1,0.008657911,7,2.606412278
3.49394852,10.60610779,1,0.008014628,7,2.561378031
3.493295074,14.33208687,1,0.014547789,7,2.594717713
3.578640832,12.47644729,1,0.013560742,7,2.543802935
3.653843968,21.4526996,1,0.010011021,7,2.571111403
3.536195238,14.65747082,2,0.007277128,7,2.624411884
3.565884425,16.39192056,1,0.012732101,7,2.568972383
3.376669129,8.798965209,1,0.008118179,8,2.619385911
3.495482698,11.70952532,1,0.00483547,8,2.595491545
3.619580658,21.65257035,1,0.011816175,7,2.611779228
3.446928803,9.066761185,1,0.010838042,9,2.5327995
3.470339224,11.58462556,1,0.009563027,7,2.576543061
3.575941815,12.84057873,1,0.0134968,7,2.558971324
3.513466674,12.16546565,1,0.009768903,7,2.589688261
3.592533667,19.59299496,1,0.013004675,7,2.615969215
3.471475652,16.31687928,1,0.009719227,7,2.621445892
3.472668902,10.50474177,1,0.007884041,7,2.570384115
3.431246094,13.71169368,1,0.005566283,7,2.62600654
3.533780328,15.25858829,1,0.008459466,7,2.577024507
3.541934201,12.0146647,1,0.011831049,11,2.516226043
3.572560941,18.91605094,1,0.01027694,7,2.584706913
3.505000284,15.10204001,1,0.007876528,7,2.584322574
3.48227172,10.3224099,1,0.01162225,7,2.561805848
3.55398034,16.47306484,1,0.010696677,7,2.584342035
3.569378942,16.86196865,1,0.006690996,10,2.568152711
3.422666061,9.533834463,1,0.012175119,8,2.611526987
3.554662197,11.39010461,1,0.005947498,7,2.537480782
3.562503551,18.13763661,1,0.009859943,7,2.604278123
3.621910336,17.37408933,1,0.008174912,7,2.5809886
3.451673391,9.123290259,1,0.007335065,8,2.582874338
3.395533837,8.478514202,1,0.008726211,7,2.606039824
3.554292858,15.33600759,1,0.005830567,7,2.600431801
3.471617706,14.24527135,1,0.010691603,7,2.641341544
3.457412353,13.25194121,1,0.006408749,7,2.615815297
3.402295585,9.017158695,1,0.005409367,8,2.632337308
3.407608387,10.96776997,1,0.007430116,7,2.625348786
3.593101881,16.14402301,1,0.010805814,7,2.5650805
3.566964032,13.95996653,1,0.011204129,7,2.544453881
3.443547929,10.24656721,1,0.007180973,9,2.595596293
3.661315984,18.04623236,1,0.009616731,8,2.56418594
3.534291721,16.58334505,1,0.006808097,7,2.581948479
3.423887721,10.17992518,1,0.01140114,7,2.594895992
3.497755554,13.68769565,1,0.00725221,7,2.606124537
3.506193534,10.89857907,1,0.011281024,7,2.569955521
3.454826979,9.459375812,1,0.00721166,9,2.61280053
3.49596568,15.40231442,1,0.011741725,7,2.589963249
3.577220297,16.12622769,1,0.007434187,7,2.565260479
3.614267856,18.08876968,1,0.006215719,7,2.564106907
3.438036252,13.19955321,1,0.006276398,7,2.646341701
3.428177737,9.626816954,1,0.009246691,7,2.632410764
3.672623445,16.75760197,1,0.011006551,7,2.538952665
3.450394909,14.09688507,1,0.010366547,7,2.598227507
3.535001989,13.11251815,1,0.009510081,8,2.573792267
3.413176885,9.27597743,1,0.008821661,7,2.613628763
3.590800614,18.98531893,1,0.016182584,20,2.554947492
3.454713336,9.326653043,1,0.009722444,7,2.585531212
3.484175237,16.62922857,1,0.012920157,7,2.606637278
3.526848116,13.89018825,1,0.009052228,9,2.581361298
3.534092846,11.63211073,1,0.010677409,11,2.532504268
3.47462924,9.563902571,1,0.008240735,7,2.565651047
3.54594011,11.73521633,1,0.008829976,7,2.553974944
3.526166259,14.90021872,2,0.013595677,7,2.587219255
3.340587533,8.656403475,1,0.009446002,7,2.626449566
3.478862435,13.44908489,1,0.008099307,7,2.593108705
3.617535087,16.07714022,1,0.012040863,7,2.571324735
3.580231831,15.44398599,1,0.011141005,7,2.564608765
3.532501847,16.79468128,1,0.005876165,7,2.5896555
3.503551338,13.46535716,1,0.008374149,7,2.591631899
3.385448037,11.35685564,1,0.009531729,7,2.601937866
3.483266095,11.92037483,1,0.00556028,7,2.586219255
3.417353259,10.82981948,1,0.007376137,7,2.593007778
3.642650151,20.26078855,1,0.012151888,8,2.601976686
3.658219217,22.33345556,1,0.01252705,15,2.507925199
3.615830445,15.60431198,1,0.011804963,7,2.587715576
3.500681857,10.18541316,2,0.005707242,7,2.586976196
3.527103813,14.34452419,1,0.006133916,7,2.540299597
3.409682368,9.80327315,1,0.007025497,7,2.60082235
3.501960339,13.10872697,1,0.009138946,7,2.596505458
3.543269504,16.28114651,1,0.009878512,7,2.599833107
3.437297574,13.7012385,1,0.012963586,9,2.677546662
3.511250639,15.68093337,1,0.007644827,7,2.605627555
3.54551395,15.39880348,1,0.006950183,8,2.646049177