mean,std,median,D,xmin,lambda,beta
3.228223194,5.738094232,1,0.019567935,31,0.034919536,1.390912628
3.268537985,5.923196761,1,0.029080199,22,0.048341996,1.086754087
3.309307347,5.815045143,1,0.02172637,33,0.027820601,1.600027086
3.257429399,5.835073538,1,0.02213045,39,0.036740853,1.322119698
3.248536849,5.887030993,1,0.032699335,28,0.052608423,0.996623511
3.303824081,5.943463643,1,0.02997367,10,1.46328512,0.416232403
3.286266265,5.912442329,1,0.022993344,10,1.024214191,0.440858464
3.326808341,6.070292369,2,0.022649918,39,0.077732269,0.84959662
3.255412239,5.734196677,1,0.020366034,30,0.025763326,1.864804691
3.324649128,5.88106169,1,0.019738362,43,0.047719146,1.167248268
3.201375078,5.609006494,1,0.021497692,10,1.764061345,0.408157781
3.274163305,5.847519655,1,0.019755139,27,0.060449005,0.964151563
3.240610262,5.610497028,1,0.025396237,16,0.152457145,0.705985066
3.267657253,5.85570327,1,0.026666164,29,0.033969926,1.346411227
3.348230013,6.116212529,1,0.021994034,30,0.0284382,1.581341561
3.244417296,5.534148975,1,0.026690791,29,0.034105728,1.505241988
3.279447696,5.867219706,1,0.026152706,27,0.050275475,1.055138519
3.245582135,5.792124074,1,0.022365713,10,1.23370037,0.433307703
3.25745781,5.623389068,1,0.018353868,10,0.500737193,0.524334103
3.265583272,5.751446176,1,0.020719833,10,0.625233067,0.495740189
3.266179897,5.923430303,1,0.02216677,10,1.180449082,0.429907927
3.267657253,5.717677892,1,0.024819272,30,0.027973625,1.692600928
3.291238139,6.035934963,1,0.020917702,27,0.043084564,1.121654575
3.264759361,5.756424228,1,0.0238367,28,0.044877868,1.149674498
3.356611171,6.246489591,1,0.023293997,27,0.040200056,1.138697974
3.238394227,5.670705593,1,0.023866587,33,0.033539053,1.389118814
3.284305926,5.778296796,1,0.026833075,28,0.034845884,1.406290242
3.252826865,5.743373322,1,0.02233375,10,1.093829599,0.441540638
3.251605205,5.791301428,1,0.02239964,33,0.036546249,1.285936605
3.27640775,5.754706726,1,0.021336627,28,0.061205296,0.95923334
3.328740269,5.968669136,1,0.024603814,10,0.4489284,0.520292657
3.293084834,5.911944859,2,0.02921194,10,1.438858728,0.417745095
3.253054151,5.748653846,1,0.021297873,31,0.027125013,1.69813956
3.32675152,5.985044506,1,0.021802891,10,0.452766218,0.523844518
3.227910677,5.524909372,2,0.028915208,10,1.201472645,0.441799494
3.278879482,5.728170378,1,0.020130299,28,0.038196831,1.284003349
3.28322632,5.980567611,1,0.030200955,32,0.026633324,1.5445515
3.315898631,5.892126771,1,0.027792306,27,0.035005161,1.36543494
3.272515484,5.831434319,1,0.025859686,40,0.024335767,1.754025607
3.294391727,5.911298407,1,0.01883445,34,0.044742537,1.141770236
3.235070174,5.849877309,1,0.019394128,22,0.093005033,0.79462878
3.282771748,5.903567578,1,0.015625387,31,0.038047821,1.215811768
3.318995397,6.059167891,1,0.022014598,28,0.030856239,1.475202854
3.25703165,5.8974166,1,0.027294379,10,1.534353432,0.411895977
3.299505654,5.804793284,1,0.021354951,43,0.028911131,1.60848434
3.289561907,5.841770235,1,0.020918602,29,0.041287489,1.219668754
3.252883687,5.716700623,1,0.023582165,17,0.149914397,0.711140317
3.293340531,5.897292848,1,0.021654123,37,0.026551334,1.767171688
3.252457526,5.835186083,1,0.019717354,33,0.037758079,1.269094892
3.219302233,5.541039071,1,0.023457683,21,0.06353303,1.010910819
3.266009432,5.784524012,1,0.0261621,31,0.030302766,1.553913619
3.324478664,5.924825794,1,0.022617365,49,0.027980002,1.588122739
3.294874709,5.801865439,1,0.020470278,10,0.497864392,0.518227484
3.23569521,5.62972544,1,0.018459813,33,0.030384196,1.52306138
3.297857833,5.801862411,1,0.016551176,36,0.050608212,1.130046083
3.28163532,6.022310994,1,0.023320734,32,0.029405721,1.405648405
3.290300585,5.84841693,1,0.025922587,27,0.031951284,1.475395188
3.330530144,6.153556679,1,0.016893341,29,0.046830906,1.041819819
3.244047957,5.692724729,1,0.026241344,30,0.03758951,1.270713776
3.268367521,5.820913428,1,0.022990843,10,1.56065713,0.413628773
3.218961305,5.652778312,1,0.026555615,10,0.962239921,0.456504829
3.292829138,5.871381275,1,0.022373738,10,0.740894757,0.471154555
3.276038411,5.760164854,1,0.017835317,10,0.800230599,0.469216873
3.299051082,5.992182409,1,0.023085966,10,0.753895417,0.465265985
3.292289335,5.955965006,1,0.028935456,28,0.03118245,1.430754009
3.319421558,5.840590647,1,0.024555177,23,0.05731129,1.032995018
3.239189727,5.565327952,1,0.023957278,23,0.051882547,1.098218876
3.235212228,5.627259673,1,0.022094415,35,0.038613825,1.295475296
3.255525882,5.839340512,1,0.018491705,33,0.0468763,1.083806849
3.282146713,5.953035604,1,0.022475027,31,0.029129789,1.526485102
3.295840673,5.811088413,1,0.021855033,29,0.031491648,1.473300023
3.289192568,5.830794292,1,0.020901155,28,0.036232517,1.329771598
3.303056992,5.924679927,1,0.024539117,28,0.035437036,1.289416518
3.25100858,5.741295942,1,0.012153034,28,0.036366121,1.287612633
3.29129496,5.908916085,1,0.021786459,30,0.030050653,1.488312944
3.288311836,5.937464637,1,0.024022947,29,0.038306579,1.223808052
3.259304506,5.806064983,1,0.020159232,10,0.777081148,0.471073093
3.312517757,5.875680212,1,0.013591391,27,0.041310112,1.243327499
3.252912097,5.83481096,1,0.017016982,30,0.032360582,1.356632338
3.268055003,5.808783966,1,0.017251926,10,1.328092805,0.426359
3.226348088,5.602288636,1,0.02238452,10,1.007575523,0.452275707
3.260156827,5.985599192,1,0.023701912,48,0.055416345,1.045850899
3.245638957,5.605215313,1,0.023364627,30,0.029469944,1.676031358
3.270498324,5.883042865,1,0.016730939,27,0.033205636,1.363180027
3.271350645,5.760202633,1,0.020853922,43,0.028643994,1.701639449
3.308142508,6.034815478,1,0.020140848,10,0.533808574,0.498867869
3.24981533,5.612408564,1,0.027359032,32,0.029656104,1.62103351
3.261406898,5.846726365,1,0.02675956,25,0.043753593,1.167437938
3.24373544,5.739283176,1,0.017344183,30,0.034475322,1.339049266
3.238848798,5.730412967,1,0.019966216,28,0.038235847,1.257131208
3.27237343,5.915762238,1,0.022498982,43,0.050677328,1.08416376
3.261634184,5.920308151,1,0.024185302,10,2.075435336,0.388966822
3.289050514,5.949541603,1,0.022972141,32,0.029659292,1.520669283
3.275129269,5.822154599,1,0.023554465,10,0.537950764,0.506679683
3.284419569,5.873870008,1,0.02138648,33,0.028412095,1.593465412
3.218307858,5.638393412,1,0.031326625,30,0.034073517,1.355200897
3.291919995,5.861527679,1,0.014358378,29,0.035262186,1.338029744
3.214500824,5.664589706,1,0.026120318,26,0.042600886,1.189977848
3.313483721,6.011162176,1,0.019039847,29,0.034703,1.311854165
3.308284562,5.919271972,1,0.02457165,10,0.497150977,0.511846941
3.269901699,5.761875909,1,0.027918177,10,1.073410515,0.444119069
3.206204898,5.593868263,1,0.019715906,10,0.740989194,0.478054664
3.320586397,5.938173471,2,0.028661995,10,0.688347597,0.472818692
3.278169214,5.841577302,1,0.02162338,31,0.02652982,1.697904856
3.239473834,5.700691422,1,0.023027893,35,0.033415535,1.428871682
3.279845446,5.730265528,1,0.030407556,22,0.066230584,0.940633143
3.280754588,5.909712327,1,0.018833425,31,0.025934721,1.688510441
3.273623501,5.876553953,1,0.029551856,30,0.031316856,1.453305704
3.303142224,5.91919438,1,0.017220549,31,0.040596449,1.212612482
3.285073016,5.871349259,1,0.026317661,46,0.065818889,1.002085596
3.267969771,5.806760231,1,0.021521324,28,0.034021656,1.378842763
3.277487357,5.860328557,1,0.01912154,31,0.036351844,1.258372198
3.304250241,5.956441659,1,0.018629321,34,0.031528991,1.494273573
3.275015626,5.798807433,1,0.017053556,24,0.046189885,1.135817322
3.302431956,5.941839856,1,0.02500926,10,1.162178315,0.43336622
3.205807148,5.56264688,1,0.023084913,36,0.04193826,1.230919166
3.30297176,6.065833661,1,0.023192542,41,0.027225114,1.5943178
3.275754304,5.853184953,1,0.023956049,24,0.049933669,1.061376484
3.27882266,5.941419126,1,0.014120075,31,0.031884886,1.391191601
3.28970396,5.840559382,1,0.020284176,29,0.030691614,1.485071669
3.277458947,5.692387117,1,0.022324294,42,0.033417754,1.445959556
3.299249957,5.94659405,1,0.02190258,31,0.029768552,1.529453335
3.352264333,6.044993135,1,0.028432798,29,0.024741833,1.883597439
3.28765839,5.977514496,1,0.02381259,29,0.028877042,1.511003266
3.264276379,5.862163033,1,0.018316615,36,0.044827753,1.155023928
3.260043184,5.809637195,1,0.021613908,45,0.029925008,1.578056431
3.223762714,5.757771302,1,0.030749542,10,1.081388869,0.439464419
3.297687369,5.8262014,1,0.027582418,29,0.034875916,1.351746557
3.247741349,5.5752952,1,0.023187785,30,0.030578318,1.60923002
3.215353145,5.616429612,1,0.027427373,17,0.135498912,0.727271555
3.335558839,5.841655773,2,0.021020199,31,0.032233643,1.505105841
3.243081993,5.753522628,1,0.018800165,31,0.030718596,1.544680299
3.318569237,5.952190535,1,0.023034948,10,0.386236845,0.542532881
3.246462867,5.602058522,1,0.021421526,28,0.039318735,1.299762635
3.275356554,5.784663719,1,0.020554514,29,0.032823138,1.429242252
3.292431388,6.049643585,1,0.024491583,31,0.035588694,1.21998502
3.286436729,5.970518096,1,0.024504419,10,0.875049998,0.452852445
3.256918007,5.736648305,1,0.020583205,33,0.077279752,0.887100828
3.316864595,6.091385542,1,0.023661609,10,1.024416498,0.437161082
3.24296835,5.732686043,1,0.023117402,44,0.029313413,1.568122245
3.227825445,5.662903118,1,0.025142043,43,0.041319695,1.2775013
3.315983863,5.992100477,1,0.02156184,29,0.031716298,1.433517883
3.285016194,6.141809404,1,0.020359751,39,0.022260643,1.829677232
3.288169782,5.807297386,1,0.027309733,17,0.133035042,0.717378687
3.245212796,5.829291556,1,0.027796274,10,0.86695038,0.457507222
3.253679186,5.616020555,1,0.020088219,10,0.492127552,0.525091647
3.244474118,5.868865723,1,0.023695494,10,1.769108026,0.4034748
3.262912665,5.714704721,1,0.022237144,30,0.029133001,1.649227125
3.300017046,5.942088985,2,0.02281888,10,0.909344934,0.448966946
3.257827149,5.644297542,1,0.020722924,28,0.029739957,1.611756921
3.346553781,6.037745021,1,0.018851814,37,0.040202465,1.194061305
3.260781863,5.827777355,1,0.022838869,10,0.729881217,0.475463018
3.20788113,5.538115026,1,0.024699535,10,0.53377491,0.514522158
3.26510029,5.722877862,1,0.018796389,28,0.040841468,1.220223319
3.307233366,6.030830638,1,0.022721625,10,0.687250142,0.472321685
3.244360475,5.870942002,1,0.024067917,10,1.093365155,0.43703013
3.294761066,6.005742971,1,0.023511378,32,0.025351816,1.784486714
3.32516052,5.965922932,1,0.026244957,31,0.028347853,1.58426786
3.292743906,5.879265131,1,0.026589771,30,0.030646935,1.501916059
3.303028581,6.004950647,1,0.021477917,38,0.023346293,1.865237896
3.279362464,5.903753952,2,0.022553638,48,0.081803634,0.893638403
3.287090176,5.894829812,1,0.025785765,24,0.048231696,1.087345543
3.250752884,5.749409472,1,0.021522283,10,0.695268593,0.482685072
3.280186374,5.86625468,1,0.024255235,29,0.031996169,1.407856505
3.248934599,5.630724978,1,0.023996861,10,0.995667927,0.456807162
3.266861754,5.801737808,1,0.027749643,28,0.036158722,1.303758904
3.28120916,5.897703129,1,0.020509824,30,0.026250787,1.768980526
3.301721689,5.874503691,1,0.016051701,27,0.039435711,1.245464628
3.309278936,5.852392893,1,0.029057118,10,0.758878107,0.472491366
3.250411955,5.775540074,1,0.02540089,29,0.036204502,1.305146381
3.281805784,5.836581103,1,0.018689941,46,0.074076924,0.982585961
3.296210012,5.71498488,1,0.026005231,29,0.034359813,1.459794429
3.254048525,5.693564777,1,0.022033494,10,1.002606112,0.450355777
3.260327291,5.800271612,1,0.014958115,31,0.033585036,1.356336938
3.277856696,5.856943163,1,0.018146935,29,0.037305122,1.26449756
3.288425479,5.976053851,1,0.027949022,29,0.04928387,1.043284164
3.293908745,5.906208888,1,0.017755528,31,0.028571838,1.548454302
3.291323371,5.963487141,1,0.025458805,10,0.685694714,0.475571779
3.226490141,5.61673513,1,0.020262374,21,0.075516374,0.910417508
3.30217626,5.997006785,1,0.028878209,38,0.033143354,1.367757158
3.30135235,5.856894641,1,0.02533924,43,0.062049509,1.001721698
3.281891017,5.854212792,1,0.022420199,54,0.018617987,2.741462087
3.261946702,5.809827977,1,0.028218053,29,0.03195711,1.433574541
3.315330417,5.940700648,1,0.02500069,10,1.224698266,0.427782059
3.300301153,5.833971552,2,0.025768536,10,0.553661963,0.501405934
3.26549804,5.861378387,1,0.023400414,10,0.959298621,0.44802054
3.252741633,5.839724404,1,0.026843699,56,0.027658505,1.51070964
3.26430479,5.797480336,1,0.016949042,10,0.373084977,0.553679115
3.284874141,5.762888196,1,0.029517385,17,0.14844731,0.706161436
3.261776237,5.828992847,1,0.024327919,29,0.038312763,1.238375379
3.306807205,5.958380256,1,0.023909328,10,0.674638313,0.477760503
3.364537758,6.001954376,2,0.025825052,29,0.02766549,1.765641502
3.302119439,5.912061936,1,0.026814232,10,1.081040125,0.437607475
3.22802432,5.510141992,1,0.02327191,10,0.585807697,0.507911994
3.305017331,5.99763987,1,0.015212001,27,0.038364839,1.259499114
3.286237854,5.822860915,1,0.031295701,10,1.055543667,0.444586288
3.260071595,5.634156164,1,0.018620241,10,0.585240235,0.503613714
3.32999034,6.048110433,2,0.017064299,28,0.041198442,1.163005644
3.297999886,5.877674375,1,0.019368923,11,0.619619038,0.489613572
3.274873572,5.765488231,1,0.021637946,34,0.02528821,1.836014472
3.271350645,5.774719653,1,0.021550708,35,0.024655858,1.939954243
3.300585261,5.917097319,1,0.024446288,10,0.647085082,0.487033334
3.282089891,5.775036481,1,0.020670018,32,0.032148618,1.452169372
3.310017615,5.888708478,1,0.021083168,32,0.035608505,1.363353994
3.306665151,5.936492355,1,0.022020585,31,0.028184517,1.661272813
3.322433093,6.084797926,1,0.03344821,12,1.219701729,0.426423446
3.274646287,5.762822695,1,0.015496168,35,0.042301663,1.212261713
3.295442923,6.071661118,1,0.019681096,35,0.061495059,0.939380306
3.253451901,5.718901494,1,0.024646166,37,0.032359545,1.428235661
3.30339792,5.843088616,1,0.019947301,29,0.038088564,1.261395914
3.253395079,5.774605608,1,0.034880192,61,0.026636001,1.759381649
3.278169214,5.851655576,1,0.017252255,29,0.028907807,1.578022411
3.242286494,5.757046246,1,0.023016271,10,1.056264527,0.441928618
3.271748395,5.775055168,1,0.019179585,30,0.030419544,1.508025891
3.319932951,5.852594463,1,0.016663608,23,0.051672874,1.105852642
3.28325473,5.812534265,1,0.026229131,10,1.051643062,0.443840112
3.291834763,5.91458674,1,0.02121003,10,1.41489922,0.418112391
3.310386954,6.016545417,1,0.028795947,23,0.074196705,0.863014232
3.26794136,5.8167414,1,0.020788566,31,0.029593066,1.507080491
3.291777942,5.831540062,1,0.026422304,29,0.028602307,1.62911491
3.329251662,5.996649685,1,0.022264438,35,0.034981225,1.301698619
3.275640661,5.74473014,1,0.022166759,10,0.731942764,0.4779589
3.27197568,5.978505205,1,0.017783498,32,0.030452881,1.385065654
3.263992272,5.725140278,1,0.022019686,36,0.034353871,1.332516432
3.296664583,5.995481537,1,0.028990789,35,0.040694742,1.223846191
3.266265129,5.753765503,1,0.022733265,30,0.02907658,1.561056425
3.301494403,5.969724317,1,0.022067236,10,1.370670485,0.419509547
3.256179328,5.80430975,1,0.020259372,30,0.03370549,1.372401962
3.322631968,6.08542002,1,0.023893428,39,0.022177661,2.070669981
3.268253878,5.832664648,1,0.028921088,31,0.03131436,1.448745422
3.293624638,5.777570143,1,0.031809991,47,0.040597068,1.299482122
3.273310984,5.877020511,1,0.032081294,10,0.990773241,0.450750957
3.285953747,5.885286326,1,0.020794598,49,0.023346861,1.786815204
3.276890732,5.797086443,1,0.011680901,28,0.03697489,1.276731247
3.277828286,5.772738553,1,0.015834865,30,0.039029721,1.257395791
3.248082277,5.823086796,1,0.025964904,30,0.037563064,1.244888002
3.264873004,5.837296174,1,0.018938338,10,0.863317595,0.460633626
3.239417012,5.705979094,1,0.029137746,10,0.717040422,0.479617692
3.29251662,5.928917369,1,0.020106201,25,0.048130011,1.081777565
3.275924768,5.864180065,1,0.018880092,30,0.042696978,1.120664337
3.311608614,6.044539585,1,0.026874942,10,0.757444083,0.46451772
3.301125064,5.854024244,1,0.024041122,10,0.564319602,0.502899744
3.246207171,5.721187279,1,0.024754609,29,0.039571594,1.216530339
3.28970396,5.893260668,1,0.021990851,28,0.030516853,1.496353041
3.264986647,5.761125232,1,0.016668387,10,0.420788688,0.537179552
3.252940508,5.615067313,1,0.0225812,31,0.030820099,1.545033555
3.241150065,5.632904995,1,0.022728698,10,1.155554968,0.441667438
3.225041196,5.652358586,1,0.020927695,28,0.052082836,1.056347602
3.251605205,5.775832547,1,0.02649828,10,0.467053815,0.522489836
3.220495483,5.55350375,1,0.021442043,31,0.033405378,1.389547736
3.254872436,5.832458584,1,0.024697005,33,0.032149764,1.372560431
3.289647139,5.973163004,1,0.023552549,31,0.031746195,1.443098676
3.276208876,5.768840813,1,0.02223832,31,0.02841934,1.649116005
3.358713563,6.081148318,1,0.016217461,23,0.051298351,1.059074074
3.203363827,5.661589152,1,0.023727571,22,0.066636322,0.92426055
3.294874709,6.054782614,1,0.024170864,30,0.029863193,1.515794366
3.298766975,5.835228695,1,0.027902659,10,1.122481909,0.438433262
3.202142167,5.617636276,1,0.021050809,37,0.036628389,1.316989395
3.275044037,5.925567012,1,0.022080368,31,0.026851362,1.634023023
3.259787488,5.781773283,1,0.023775638,31,0.027144735,1.655748053
3.256804364,5.703250667,1,0.017737252,10,0.557688322,0.506367251
3.279135178,5.782181102,1,0.028222367,47,0.028960301,1.669339236
3.243849082,5.891161173,1,0.022586168,42,0.108610733,0.804024662
3.332774589,6.101787357,1,0.03143797,16,0.532474495,0.49333482
3.290300585,5.881048342,1,0.023121835,10,0.440560857,0.526864799
3.261009148,5.76971346,1,0.019689595,25,0.048739232,1.089420745
3.29129496,5.873920014,1,0.026790266,28,0.034111349,1.370174106
3.292346156,5.688940842,1,0.021985461,29,0.033384696,1.45607348
3.287374283,5.775784403,1,0.020404674,26,0.046064526,1.176967116
3.272458662,5.920460538,1,0.015137799,23,0.074039473,0.864814585
3.278993125,5.759874525,1,0.019262284,30,0.035971296,1.323074689
3.217995341,5.647475577,1,0.025105211,31,0.032786988,1.43937981
3.299136315,6.009087843,1,0.017036705,36,0.027086892,1.577131089
3.256577078,5.842409897,1,0.022494347,10,0.817368085,0.463615776
3.277515768,5.807608359,1,0.020235504,27,0.039393034,1.238373437
3.354650832,6.177121018,1,0.022671839,30,0.030053311,1.42195261
3.295925905,5.847799774,1,0.0228523,48,0.057768816,1.092542873
3.268225467,5.884812756,1,0.023158003,22,0.06088292,0.986773615
3.247428831,5.592072018,1,0.021902507,10,0.8114524,0.475219738
3.295613387,5.856963975,1,0.0191135,10,0.565082646,0.499337811
3.253792829,5.747153268,1,0.021012953,31,0.024023688,1.96577245
3.226689016,5.668965862,1,0.019133805,10,0.803192019,0.469213313
3.290925621,5.971190855,1,0.024950788,30,0.029316428,1.452317504
3.258963577,5.710287173,1,0.025891394,10,0.855596272,0.463600039
3.298426047,5.931885401,1,0.024186603,32,0.033001696,1.435725716
3.302062617,5.903110129,1,0.023389109,10,0.768959654,0.470793339
3.279561339,5.874869787,1,0.021612456,10,1.247644127,0.428023523
3.253906472,5.712314993,1,0.023670506,10,0.933709175,0.454734123
3.302914938,5.945120731,1,0.022048924,29,0.038993832,1.214804899
3.279419285,5.803707371,2,0.023776017,31,0.039808443,1.182712273
3.236774817,5.795560349,1,0.024760768,10,0.722105789,0.475178701
3.249588045,5.815589382,1,0.022533873,28,0.039845795,1.210473512
3.242883118,5.714932377,1,0.018579966,10,1.293297245,0.428993215
3.275413376,5.750766464,1,0.024940687,10,0.683559184,0.485148544
3.282231945,5.915509023,1,0.020123896,26,0.045452145,1.125988613
3.236121371,5.59432847,1,0.012935964,31,0.027756939,1.792930283
3.289505086,5.938746234,1,0.021706667,29,0.032926955,1.335035514
3.285328712,5.734889289,1,0.017098296,29,0.029515263,1.654304262
3.282885391,5.816595516,1,0.022704229,33,0.032116481,1.413349903
3.252002955,5.762198374,1,0.023065678,10,0.884845918,0.458344888
3.24455935,5.719698476,1,0.020516503,29,0.039094203,1.26564168
3.242172851,5.777288195,1,0.021960392,33,0.032665939,1.376306235
3.302630831,6.008163415,1,0.02991401,17,0.195633135,0.625921747
3.223847946,5.667860826,1,0.019906302,26,0.033585844,1.419095267
3.294562191,5.917092929,2,0.020166325,27,0.040482658,1.185823586
3.302687653,5.999259301,1,0.022452488,31,0.031804379,1.375518163
3.286038979,5.852987472,1,0.019267775,38,0.029524935,1.523902984
3.253309847,5.81211277,1,0.015599836,28,0.040501801,1.235517779
3.228109552,5.767064664,1,0.025663545,35,0.025112785,1.720684227
3.279817035,5.748411763,1,0.021085032,10,0.451121897,0.53197781
3.333513268,6.013593064,2,0.029321336,10,1.72702258,0.406410525
3.244644582,5.762734869,1,0.029599863,30,0.030746781,1.441417026
3.230297176,5.637936598,1,0.019733073,10,0.824898454,0.466561681
3.298028297,5.881763209,1,0.029765063,35,0.023512902,1.972730133
3.301551225,5.957358693,1,0.027358927,30,0.027933972,1.606723159
3.261548952,5.706628203,1,0.024859315,10,0.583050547,0.503570797
3.289618728,5.847017504,1,0.023259247,30,0.033465926,1.359735529
3.269617592,5.907028544,1,0.025288582,24,0.050870574,1.040921104
3.26149213,5.745040444,1,0.019173725,36,0.030299368,1.51689736
3.257400989,5.966247725,1,0.026147016,51,0.057103311,1.02638509
3.292459799,5.917811759,1,0.021077334,28,0.03490576,1.300324092
3.269333485,5.974087269,1,0.027859814,24,0.082202794,0.830659021
3.320046594,6.045398252,1,0.027387987,30,0.024908942,1.748127068
3.272032502,5.870552513,1,0.014484269,28,0.031004268,1.4534317
3.271237002,5.870589321,1,0.032713768,30,0.027160847,1.619811379
3.267344735,5.803994654,1,0.016947212,31,0.027129525,1.623496066
3.32070004,5.966857196,1,0.023198558,10,0.808517604,0.462396461
3.268765271,5.714407602,1,0.027063597,10,0.647393775,0.488687614
3.277885107,5.801768752,1,0.028555747,10,0.956318017,0.451893251
3.275356554,5.904339137,1,0.021285688,30,0.040679529,1.14892081
3.325103699,5.960666283,1,0.020354344,17,0.093327049,0.820193711
3.295130405,5.918701695,1,0.017965706,36,0.04811449,1.081609891
3.246207171,5.895548888,1,0.028723328,29,0.030174683,1.494966758
3.28203307,5.889586901,1,0.021256933,38,0.024817261,1.74154205
3.308284562,5.919684731,1,0.024566366,10,1.169080776,0.43618186
3.274958804,5.743160251,1,0.018407734,27,0.052855603,1.040701929
3.238252173,5.603506451,1,0.029649065,20,0.097511876,0.8192246
3.252713222,5.712765777,1,0.020310498,31,0.03362836,1.384915021
3.324450253,6.052934239,1,0.018513587,34,0.03121361,1.395620333
3.273907608,5.824419851,1,0.018584387,34,0.031261663,1.46149197
3.250525598,5.773818108,1,0.01899013,33,0.034412588,1.378540316
3.2876868,5.926690243,1,0.019209182,30,0.035044033,1.296355035
3.302630831,5.917506794,1,0.031004519,32,0.026984919,1.708293163
3.264162737,5.767848659,1,0.022075826,23,0.047805879,1.132464042
3.318370362,5.871418853,1,0.02387912,35,0.027005257,1.683398248
3.290556282,5.781544731,1,0.021672851,29,0.036562096,1.337385305
3.277345304,6.032005841,1,0.02172487,27,0.047439381,1.062429083
3.262656969,5.719122015,1,0.022130013,10,0.548012502,0.508290654
3.250752884,5.887651233,1,0.023609103,10,0.845826447,0.457728945
3.255696346,5.710949319,1,0.022214012,10,0.649846399,0.491553887
3.258991988,5.83408164,1,0.015251652,34,0.039027478,1.249723827
3.321296665,5.926010873,1,0.017711622,25,0.045138191,1.172585738
3.254900847,5.693796136,1,0.02184201,10,0.563514962,0.506342624
3.293823513,5.989263642,1,0.023534701,10,1.339608262,0.418632798
3.285953747,5.757675651,1,0.021428274,36,0.031418934,1.489027531
3.258764703,5.758224073,1,0.028699969,10,2.069375408,0.399351504
3.245667367,5.592911696,1,0.024676144,13,1.002201025,0.458378223
3.293993977,5.999810001,1,0.033833137,10,0.696074791,0.473830344
3.323967271,6.15792782,1,0.023155919,10,2.684898624,0.373633791
3.331410876,6.012513922,1,0.021071619,31,0.027137863,1.641943846
3.260128416,5.717511091,1,0.018281699,23,0.052341699,1.092640676
3.353855333,5.996333264,1,0.01838903,37,0.035114092,1.318131249
3.271038127,5.738006627,1,0.024369657,24,0.049525749,1.090629475
3.23890562,5.675817103,1,0.022370179,10,0.527832316,0.513506812
3.253736008,5.861186834,1,0.024542017,27,0.045743908,1.09899764
3.311296096,5.975916514,1,0.024094222,23,0.049592159,1.074102179
3.276436161,5.724359365,1,0.020930175,10,0.550090229,0.508363216
3.279731803,5.697908042,1,0.023571594,50,0.018395263,2.667329665
3.231035854,5.801514623,1,0.022738708,18,0.440623923,0.51704268
3.219131769,5.649564222,1,0.02524531,10,1.248823657,0.433675456
3.234587192,5.650115297,1,0.018097708,28,0.037985686,1.343176296
3.270952895,5.87504341,1,0.024070478,28,0.036657854,1.305150054
3.324819592,6.064166561,1,0.014947561,36,0.02664285,1.678442697
3.239445423,5.723509808,1,0.028830099,10,0.656169871,0.484868762
3.296977101,5.89266239,1,0.021457712,28,0.035835318,1.338398264
3.329478948,6.18016995,1,0.022782547,32,0.030945418,1.321877893
3.290698335,5.928393414,1,0.024068225,10,0.938093323,0.449926675
3.213080289,5.777657448,1,0.017554734,24,0.060245698,0.938042154
3.289078925,5.868672861,1,0.02255335,30,0.040660575,1.22139772
3.315444059,5.9227479,1,0.016616589,29,0.033827732,1.369582537
3.285186658,6.009569845,1,0.017197008,28,0.032246826,1.391419204
3.268594807,5.831845192,1,0.018107911,30,0.029395879,1.522600052
3.232399568,5.632566686,1,0.025610078,29,0.035435918,1.404464201
3.293397352,5.965945666,1,0.023341358,28,0.036514988,1.273053438
3.260753452,5.783503437,1,0.021263202,29,0.034159243,1.408655046
3.286124212,5.832855334,1,0.023289931,10,0.603388465,0.492165474
3.265384397,5.684415171,1,0.025156538,25,0.055697895,1.033058252
3.21032445,5.577787194,1,0.020447153,24,0.076425883,0.884061045
3.205437809,5.626097835,1,0.022181812,28,0.044266398,1.182259367
3.258111256,5.691712602,1,0.024679484,35,0.052092826,1.082461789
3.258594238,5.820579755,1,0.027676524,10,0.521686295,0.506546385
3.301295528,6.005887032,1,0.029621594,16,0.379015607,0.532698537
3.256349793,5.850816813,1,0.025658775,38,0.027753755,1.531193538
3.196829365,5.596323377,1,0.025684342,31,0.030223131,1.571426219
3.378799932,6.19806901,2,0.020086229,27,0.04831107,1.037725874
3.247229956,5.806212457,1,0.019941545,10,1.438669493,0.419310184
3.223649071,5.683503938,1,0.01713208,29,0.043887674,1.148835297
3.314733792,6.019423688,1,0.018848085,42,0.210026913,0.665498469
3.32754702,5.989741383,1,0.024422538,29,0.039069152,1.235067976
3.228166373,5.763652358,1,0.026242298,10,0.805343822,0.465003241
3.278765839,5.807773518,1,0.018611174,10,0.666566059,0.484272864
3.332064322,6.214773635,1,0.015309058,30,0.035647217,1.206085144
3.333229161,5.975537179,1,0.020611244,10,0.528290141,0.505341918
3.272515484,5.87105518,1,0.022470082,37,0.032441764,1.43737452
3.325984431,6.060600959,1,0.020166807,29,0.034825026,1.322836506
3.276549804,5.90230054,1,0.019671087,40,0.031424435,1.364842844
3.288794818,5.976380677,1,0.022788225,28,0.036407967,1.235963797
3.295187227,5.793884273,1,0.0276737,34,0.026353208,1.865186919
3.304619581,5.836367165,1,0.018739681,31,0.038613219,1.259378742
3.298198761,5.804723526,1,0.023655535,10,0.550225109,0.505246981
3.25947497,5.744709074,1,0.023591456,50,0.070428357,0.940597836
3.256690721,5.784679816,1,0.017864366,41,0.029413222,1.625980187
3.279192,5.691695932,1,0.025847848,10,0.953032744,0.460251813
3.261009148,5.769580508,1,0.020290149,31,0.027004456,1.717656988
3.227342463,5.664585409,1,0.028960656,10,0.898337454,0.461552848
3.311068811,5.905156764,1,0.028413662,10,0.533514143,0.506646915
3.27115177,5.790370102,1,0.026896804,10,1.078488925,0.44181363
3.262145576,5.735881836,1,0.020419707,30,0.031882387,1.435384604
3.301579635,5.878806438,1,0.016949212,41,0.037087803,1.326241852
3.313341667,5.83729025,1,0.028835133,31,0.0302243,1.560879832
3.294789477,6.11325871,1,0.013848914,34,0.031573708,1.338457286
3.266151486,5.870267952,1,0.026661788,31,0.026950555,1.619778973
3.292062049,5.904335186,1,0.024229581,44,0.130652919,0.786080308
3.231632479,5.692277725,1,0.017783037,30,0.033055627,1.405340076
3.281095517,5.901002622,1,0.017551224,11,0.425182154,0.531685667
3.270242627,5.941586051,1,0.023269653,39,0.028717275,1.508963797
3.29655094,5.936331419,1,0.0289981,10,1.340290613,0.422439483
3.29370987,5.908332531,1,0.023315556,10,0.746495744,0.470411717
3.241547815,5.639320066,1,0.029657919,30,0.027808018,1.680159374
3.282942213,5.74611829,1,0.023122573,30,0.033376876,1.503732714
3.266179897,5.770959253,1,0.01256198,22,0.126841311,0.727098622
3.269844878,5.868114638,1,0.021225127,31,0.028998158,1.512187295
3.365248025,6.133860984,1,0.019021939,10,0.847823269,0.455627712
3.301323939,5.99555719,1,0.021281286,41,0.236855494,0.625916159
3.288681175,6.075574084,1,0.018176837,28,0.028462073,1.569346524
3.259134042,5.839772636,1,0.021098337,29,0.031404933,1.463190171
3.277288482,5.840580726,1,0.019315589,34,0.036946798,1.30464717
3.322859253,6.007739358,1,0.020014435,28,0.034077629,1.330553419
3.281578499,5.938842708,1,0.022255497,30,0.034970226,1.297349037
3.315500881,6.041439193,1,0.026252123,10,0.731847185,0.468687467
3.307119723,6.045182916,1,0.022609184,31,0.032001532,1.417240595
3.233507586,5.652603244,1,0.027713249,29,0.034894875,1.391883598
3.306494687,5.938142449,1,0.020050582,27,0.051976085,1.021355139
3.261435309,5.591508381,1,0.022113702,10,0.445860705,0.540564167
3.297943065,5.863390923,1,0.024189534,28,0.033424919,1.415891689
3.335644071,6.173092535,1,0.022366816,40,0.047513707,1.067687025
3.314137167,5.946977647,1,0.021924542,10,0.565226668,0.496729265
3.254503097,5.772394144,1,0.020317743,31,0.029441865,1.52335664
3.25018467,5.672895178,1,0.018694112,31,0.03109956,1.498688115
3.257372578,5.905595416,1,0.022563676,49,0.021934012,1.871339277
3.343627479,6.207692938,1,0.030063015,39,0.028019721,1.58258646
3.292715495,5.983881678,2,0.020575539,28,0.037315741,1.244373741
3.333712143,6.010456013,1,0.024435521,10,1.218358843,0.429457138
3.314449685,5.943087829,1,0.029353769,31,0.031594405,1.41433032
3.256605489,5.971127615,1,0.020639578,27,0.041149148,1.149437335
3.310699472,5.877328544,2,0.01968489,30,0.03021521,1.416639562
3.256605489,5.759973302,1,0.023634101,19,0.165230615,0.676520476
3.26027047,5.850308642,1,0.0216497,29,0.030300673,1.486129003
3.253991704,5.793983102,1,0.02626536,30,0.035899643,1.314431136
3.289618728,5.859710034,1,0.02138569,11,0.270976735,0.589762496
3.285698051,5.899187688,1,0.024126422,10,0.829150393,0.462612
3.246491278,5.742859703,1,0.024343482,10,1.031680662,0.44485783
3.331268822,6.070254182,1,0.0237902,29,0.030082906,1.463910626
3.296181601,5.852572793,1,0.020787853,41,0.034896302,1.412365475
3.302488778,6.0051127,2,0.027561311,10,1.119358806,0.43373783
3.300045457,5.989403441,1,0.02689012,10,0.805443648,0.461327805
3.259020399,5.70195973,1,0.022717707,10,0.807527788,0.473475241
3.262571737,5.790019726,1,0.024864023,10,0.484237432,0.516099626
3.312205239,6.063147107,1,0.018260319,31,0.032262891,1.335039837
3.274958804,5.848623968,1,0.026214329,31,0.025430598,1.801119524
3.27637934,5.998587305,1,0.019448342,28,0.041842791,1.154878453
3.239701119,5.73701218,1,0.018591257,29,0.039884918,1.211782669
3.313313256,6.096942059,1,0.023432921,27,0.036144846,1.261706841
3.298454458,5.915008142,1,0.024159748,38,0.024742341,1.854123843
3.276123643,5.796556958,1,0.014611546,27,0.031887,1.541597621
3.306352634,6.0381423,1,0.022057264,10,0.667030249,0.473703599
3.249758509,5.815103288,1,0.022851887,10,1.271200445,0.429742188
3.26311154,5.966429572,1,0.020852636,29,0.034196332,1.290641756
3.278254446,5.781095804,1,0.024204068,10,0.591461717,0.495297539
3.242599011,5.579130401,1,0.023333771,10,1.217520702,0.4397997
3.226120802,5.601486354,1,0.029587079,10,1.349509188,0.428248584
3.262628558,5.819603424,1,0.022651994,28,0.033338862,1.378734853
3.28527189,5.833578949,1,0.016048299,32,0.030088546,1.531957466
3.295982726,5.891007833,1,0.02436471,19,0.132814671,0.715540765
3.257883971,5.585646647,2,0.024904489,29,0.04215048,1.208024685
3.243991136,5.720492599,1,0.013774078,24,0.050494276,1.063375303
3.285215069,5.806303276,1,0.027829399,10,1.171503099,0.435203762
3.28282857,5.856838579,1,0.022968207,51,0.111803745,0.788493876
3.260213649,5.787360567,1,0.022211053,23,0.056608249,1.040434198
3.272657537,5.672197579,1,0.029952582,10,0.625487324,0.497471991
3.293596227,6.017093047,1,0.030133701,10,0.757592728,0.464742816
3.264219558,5.786199585,1,0.021056481,28,0.039846655,1.20546456
3.282771748,5.86853477,1,0.026616636,31,0.025203803,1.781783301
3.25867947,5.773972756,1,0.0251092,31,0.023905541,1.982475706
3.271606341,5.859069555,1,0.022275788,31,0.029949005,1.487335606
3.317688505,6.033708386,1,0.022054256,29,0.033545252,1.391091386
3.253139383,5.745928795,1,0.020059909,38,0.065453217,0.97790961
3.266606057,5.842935829,1,0.023753862,10,1.275453356,0.429096564
3.234018978,5.658690589,1,0.021050422,10,1.09396665,0.446623916
3.251917723,5.830511525,1,0.022823495,32,0.050554265,1.053734149
3.264105915,5.936930273,1,0.024847242,10,2.161617992,0.389914447
3.244076368,5.630556716,1,0.025715219,30,0.031929911,1.540784385
3.297545315,5.836116316,1,0.026614669,10,1.228376747,0.43069551
3.262713791,5.70350955,1,0.019079745,10,0.787951865,0.472945658
3.264418433,5.945985007,1,0.026200112,27,0.029534697,1.484334088
3.266890164,5.789989112,1,0.024044277,32,0.033142445,1.37312371
3.23890562,5.706219604,1,0.023820575,27,0.038399309,1.261856555
3.228223194,5.736925619,1,0.019637343,10,1.473297879,0.419834099
3.254872436,5.667838864,1,0.019987232,10,0.543849614,0.510809734
3.286607194,5.770308256,1,0.018528091,36,0.029364249,1.531680033
3.271293824,5.790498377,1,0.02273686,10,0.767946181,0.472796036
3.285215069,5.895422044,1,0.021950822,10,0.564650066,0.496841047
3.310301722,5.915625673,1,0.02429634,30,0.033020613,1.436161896
3.280385249,5.741361605,1,0.023897251,23,0.049948251,1.106937778
3.254673561,5.787432738,1,0.019066035,10,0.935875414,0.45524336
3.275697483,5.800553276,1,0.023257983,10,0.372669054,0.550559967
3.34084323,6.152668523,1,0.024054263,10,2.340245538,0.383149723
3.302005796,5.871620474,1,0.021200423,10,0.638733609,0.48927963
3.28686289,5.836398019,1,0.029387768,10,0.563971767,0.502128522
3.312574578,5.99509491,1,0.018278471,27,0.045901383,1.108989808
3.262060344,5.779336125,1,0.021181582,10,1.651543118,0.413519562
3.240496619,5.731424776,1,0.019022161,28,0.032295479,1.438496997
3.27154952,5.858984905,1,0.027145361,31,0.025599613,1.742269339
3.289363032,5.934199482,1,0.023455067,28,0.034227727,1.343069602
3.275782715,5.766548527,1,0.02117871,31,0.033208853,1.438590826
3.267429968,5.780326415,1,0.017737587,25,0.045414539,1.109649756
3.290669924,5.885460787,1,0.023939799,10,0.97136827,0.447926231
3.299590886,5.883410429,1,0.02493872,32,0.028633532,1.623496107
3.297914654,5.750212933,1,0.022633386,24,0.045945255,1.151065233
3.290669924,5.893883173,1,0.02196853,28,0.039751747,1.209466016
3.318057844,6.012653907,1,0.016074938,30,0.029782228,1.501603755
3.223137678,5.853820652,1,0.028294545,45,0.03537867,1.259655603
3.265412808,5.844769506,1,0.022454158,40,0.041939557,1.198114146
3.294817887,5.82583284,1,0.020104598,27,0.032707389,1.442147721
3.323455878,5.986030423,1,0.027130811,10,0.476781206,0.518616698
3.290471049,5.788520276,1,0.018438583,34,0.034678685,1.422197899
3.279561339,5.923722766,1,0.018538202,29,0.041359185,1.156139133
3.302716063,5.924390449,1,0.025965291,21,0.077709476,0.858692212
3.231973408,5.694968379,1,0.02307725,34,0.026262672,1.629150455
3.291181317,5.713495713,1,0.03151312,10,0.626149694,0.496038201
3.258991988,5.753514822,1,0.019880578,11,1.317668016,0.428621258
3.296749815,5.795665082,2,0.023495669,10,0.699354032,0.481710373
3.247002671,5.779650252,1,0.021091187,10,1.129482001,0.437906084
3.278652196,5.954972861,1,0.023023037,45,0.026791911,1.585150991
3.304449116,5.810499526,1,0.017786431,28,0.033705814,1.439108018
3.303994545,5.900753265,1,0.023746944,21,0.076873642,0.896409856
3.246349224,5.678041301,1,0.02261096,36,0.031826522,1.4136452
3.26027047,5.904943997,1,0.023574152,27,0.042783299,1.166779146
3.267373146,5.860512705,1,0.021780238,27,0.051105849,1.034346882
3.252258651,5.628046007,1,0.023076287,10,0.590996945,0.504164562
3.283538837,5.919772267,1,0.012224852,30,0.041510722,1.176781389
3.274589465,5.755361486,1,0.037682769,10,0.616051023,0.492990513
3.255241775,5.698957899,1,0.02375842,10,0.821416411,0.467759773
3.295925905,5.857673339,1,0.016879289,32,0.028933809,1.539541018
3.265299165,5.776301919,1,0.023627632,10,0.872034446,0.462474132
3.27478834,5.853526459,1,0.021625758,29,0.030214318,1.516316278
3.291777942,5.893584988,1,0.022428076,10,0.429981493,0.532644911
3.271066538,5.635435447,1,0.024249047,28,0.035804358,1.447748538
3.246746974,5.773835668,1,0.023393214,30,0.049804826,1.043313519
3.291209728,5.941996419,1,0.021925679,31,0.032630025,1.354699804
3.30700608,6.029080078,1,0.017734682,31,0.032778842,1.367393728
3.230723337,5.64757864,1,0.024343109,10,0.888724627,0.463597683
3.308369794,5.971742831,1,0.023520931,41,0.028314092,1.541910497
3.309761918,5.920039541,2,0.023007101,10,0.807401154,0.462264106
3.273225751,5.916015883,1,0.022639346,35,0.027599055,1.574085494
3.282345588,5.931571003,1,0.023907007,32,0.02850583,1.524743816
3.271322234,5.878272737,1,0.033485507,33,0.028180924,1.584315779
3.253593954,5.833934063,1,0.023209117,10,0.904393867,0.453787528
3.286038979,5.892227151,1,0.02183572,30,0.038984039,1.245409069
3.279561339,5.774433769,1,0.020301394,25,0.046440789,1.127888588
3.267657253,5.76001538,1,0.020268485,40,0.03102163,1.492315221
3.292857549,5.807207198,1,0.019224649,29,0.038741267,1.270484278
3.309080061,5.925035314,1,0.026537773,52,0.056647328,1.084709409
3.319393147,5.856760821,1,0.021680607,38,0.049156913,1.133440748
3.269759645,5.742533654,1,0.026263605,32,0.028437234,1.680178354
3.279390874,5.876985999,1,0.019519943,29,0.035972811,1.265821235
3.263537701,5.903136489,1,0.020488534,10,0.544712838,0.498895285
3.260526166,5.844362299,1,0.024239282,35,0.026895656,1.65574824
3.268765271,5.804119952,1,0.02125784,29,0.031602366,1.401176639
3.279703392,5.982903935,1,0.013648424,26,0.041207004,1.134258279
3.214301949,5.51405057,1,0.020027126,30,0.036863457,1.341312723
3.269163021,5.653669056,1,0.025355721,18,0.163519945,0.695202833
3.2892778,5.926157377,1,0.020233789,28,0.030323508,1.553085514
3.280669356,5.797686387,1,0.023331472,29,0.031270048,1.46952848
3.250980169,5.750792891,1,0.015217433,20,0.098850545,0.805842426
3.258537417,5.70772121,1,0.018328284,30,0.034847937,1.350885924
3.266918575,5.701774844,1,0.022579982,30,0.035392003,1.362293895
3.256548668,5.824934708,1,0.020385026,31,0.032966678,1.401105474
3.314705381,5.903963235,1,0.024401439,10,0.656026763,0.484842602
3.26066822,5.831666556,1,0.028134273,26,0.049802317,1.04596724
3.277629411,5.791093472,1,0.018991333,10,1.910206899,0.402924012
3.295613387,5.865969757,1,0.016200276,24,0.056663168,1.013383457
3.240723905,5.677627088,1,0.029125355,10,0.557778795,0.507658606
3.307318598,6.119927495,1,0.020239691,32,0.025795019,1.604876287
3.259901131,5.763420254,1,0.019078866,27,0.050472948,1.072063182
3.272174555,5.916230015,1,0.012524629,27,0.034791663,1.342564961
3.278424911,5.870022916,1,0.026433427,10,0.494620667,0.512805962
3.321666004,5.981633008,1,0.026363576,48,0.037663538,1.285906848
3.28405023,5.812930449,1,0.02080299,36,0.051365956,1.126358741
3.301238707,5.841298909,1,0.025682622,16,0.240924208,0.608249825
3.302858117,5.817502049,1,0.0250788,11,0.556592166,0.50645517
3.227768623,5.544859592,1,0.021952478,31,0.028123365,1.731239764
3.308795954,5.917915644,1,0.016086203,23,0.047564859,1.117081293
3.262884255,5.815809613,1,0.020582899,27,0.05102615,1.038010525
3.257116882,5.742764843,1,0.018206686,29,0.036960559,1.313030572
3.301948974,5.871275004,1,0.020936808,29,0.032183375,1.444916075
3.308739133,6.024355203,1,0.025003214,10,0.818205605,0.457109382
3.279192,5.930553887,1,0.022387864,21,0.073815737,0.891744646
3.289647139,5.739961449,1,0.019868977,25,0.044075798,1.188437717
3.295698619,5.737219492,1,0.023394812,10,0.645137652,0.494594275
3.25461674,5.871524781,1,0.025884662,32,0.03300822,1.345155538
3.240638673,5.74042606,1,0.020666464,11,0.911879126,0.458181122
3.265242343,5.7086977,2,0.022373865,10,2.19194275,0.394179488
3.251747258,5.654343189,1,0.025284215,10,1.246647838,0.435620833
3.316125916,6.013105436,1,0.015154025,29,0.032313361,1.369070823
3.272629127,5.85161772,1,0.028024469,10,1.453923177,0.418130908
3.263821808,5.796754959,1,0.017794247,10,0.488453439,0.516945633
3.26149213,5.876760614,1,0.026829847,10,0.706474698,0.475257172
3.25706006,5.62768487,2,0.018989895,37,0.045588456,1.151940953
3.25061083,5.691478747,1,0.025546814,10,1.073957768,0.445337745
3.312830274,6.003821031,1,0.022082458,10,0.974396523,0.445743428
3.220467072,5.668236441,1,0.023088103,10,1.239048408,0.434523298
3.288112961,6.050808715,1,0.020799944,41,0.06484307,0.957723161
3.318569237,5.791524878,1,0.017478711,10,0.649747517,0.489974864
3.360332973,6.145153353,1,0.026676147,30,0.027234581,1.633743658
3.287402693,5.890834653,1,0.027961753,30,0.02819908,1.579726477
3.280981874,5.745351647,1,0.018226979,30,0.032562061,1.449142056
3.216972555,5.684225085,1,0.017525554,28,0.040271469,1.221199538
3.246548099,5.665908468,1,0.022890332,28,0.036149258,1.350433061
3.269589181,5.739715993,1,0.021754478,39,0.041582788,1.267714118
3.234956532,5.762026236,1,0.017512986,35,0.026973613,1.583126309
3.261435309,5.84774302,1,0.025828611,28,0.032390485,1.449336374
3.231746122,5.702889252,1,0.024321738,10,1.181022981,0.435117697
3.276436161,5.812784336,1,0.020279393,10,0.708595826,0.477982297
3.246093528,5.610175632,1,0.017463147,30,0.038942635,1.291812385
3.253707597,5.6569155,1,0.015959601,25,0.048947246,1.123800413
3.250071027,5.90005416,1,0.020881726,10,1.206357453,0.429168924
3.277572589,5.964262082,1,0.021722316,10,0.802496198,0.460158923
3.220893233,5.698450995,1,0.02145963,10,0.957078938,0.450182953
3.233251889,5.603159095,1,0.014977745,31,0.028200474,1.667708061
3.269305074,5.796956163,1,0.028237395,62,0.051680927,1.131378909
3.29692028,5.836926986,1,0.022114552,48,0.021766539,2.247996134
3.269219842,5.894759733,1,0.016545023,28,0.04292446,1.142655603
3.327916359,6.067524439,1,0.021617079,10,0.639930677,0.481475501
3.296664583,5.972878044,1,0.017768315,35,0.03959795,1.216008566
3.288311836,5.814709583,1,0.019912803,10,0.819067114,0.465276291
3.245440082,5.725025295,1,0.026823664,10,1.182475846,0.437604702
3.254900847,5.805915006,1,0.020015287,36,0.025954829,1.740295352
3.243394511,5.591873104,1,0.020839126,10,0.637682211,0.498639139
3.234842889,5.724077731,1,0.019677256,22,0.108443004,0.752943481
3.306636741,6.048240334,1,0.033740239,10,0.810846232,0.457818107
3.253196204,5.747567629,1,0.020111174,30,0.035336533,1.345349949
3.264418433,5.807453847,1,0.029830756,10,0.898032545,0.454628057
3.244786636,5.831821354,1,0.017661938,29,0.038216595,1.207761849
3.259645434,5.77936401,1,0.020861676,32,0.030428648,1.490558158
3.246860617,5.643569671,1,0.02513459,36,0.022369941,2.256772694
3.262344451,5.82306183,1,0.028989918,10,0.94001308,0.452991158
3.273936019,5.81469614,1,0.016605731,29,0.035704661,1.334732161
3.272913234,5.812227412,1,0.023543792,31,0.027161984,1.680766561
3.264020683,5.769428709,1,0.025772127,10,1.211205632,0.434878738
3.273254162,5.90309899,1,0.021371928,28,0.033523973,1.32227633
3.245411671,5.645729185,1,0.019112873,33,0.026000854,1.840728306
3.265213933,5.767408809,1,0.021065517,25,0.040552979,1.243166722
3.281550088,5.714075374,1,0.024561503,32,0.030384206,1.555227294
3.297914654,5.896328789,1,0.018025158,33,0.028409953,1.612248417
3.258622649,5.739903812,1,0.01789859,24,0.037293374,1.38031276
3.243991136,5.649855302,1,0.019881443,26,0.05494585,1.045756396
3.25544065,5.711982985,1,0.025550231,10,0.948381379,0.456409753
3.294334905,5.837118769,1,0.026214054,10,1.118068748,0.439979839
3.259759077,5.857625775,1,0.020687491,32,0.054050707,1.004803067
3.248224331,5.675136859,1,0.016786816,34,0.038412423,1.280512321
3.246008296,5.739512912,1,0.027275283,10,1.168483324,0.437244615
3.316580488,5.788969644,1,0.022644764,10,0.845853253,0.468759722
3.278339678,5.786040859,1,0.020186781,10,1.722549308,0.409581487
3.301664867,5.929134613,1,0.020186359,29,0.036295956,1.300823726
3.26993011,5.822312569,1,0.021129912,31,0.026643338,1.62576229
3.259332917,5.666746685,1,0.024171006,10,0.426790827,0.544241395
3.232513211,5.763540255,1,0.019587094,10,0.706916568,0.47687554
3.271350645,5.81341738,1,0.018329679,32,0.035384248,1.383809126
3.312773453,5.884998608,1,0.028158385,29,0.033662896,1.359493708
3.274220126,5.7767952,1,0.025451506,10,1.815886955,0.40635271
3.271293824,5.895746577,1,0.021850847,28,0.044027694,1.111717409
3.219046537,5.510299958,1,0.023226771,10,0.537619899,0.519596291
3.220126144,5.524880478,1,0.025314512,10,0.448820321,0.541335331
3.287487925,5.836703138,1,0.022488209,11,0.55714964,0.503310896
3.34044548,6.148561018,1,0.018282938,31,0.030963171,1.416166344
3.198903347,5.503751459,1,0.024367802,10,0.574320607,0.5110079
3.259560202,5.706768789,1,0.024230228,31,0.031852282,1.464014075
3.237371442,5.764670574,1,0.027956769,30,0.029325343,1.535135283
3.304932098,6.005235144,1,0.030760112,10,1.258812578,0.423004058
3.320671629,5.999397614,1,0.0204709,27,0.03380313,1.391120285
3.332888232,6.244021059,1,0.026019858,31,0.031181982,1.337882782
3.305898062,6.0673704,1,0.01914336,35,0.032086062,1.302898609
3.241547815,5.724776461,1,0.022862179,29,0.031878178,1.452882046
3.246235582,5.813494464,1,0.0230036,10,1.201887139,0.432718878
3.314762202,6.140470167,1,0.017746883,33,0.029420175,1.439552127
3.268594807,5.826162079,1,0.02710401,29,0.033152191,1.341784369
3.276748679,5.842889691,1,0.01613809,45,0.026311976,1.792663043
3.300926189,6.017760212,1,0.022303005,33,0.025203727,1.718183667
3.273254162,5.712240398,1,0.024800497,33,0.026766555,1.769202239
3.28566964,5.859891764,1,0.02624866,38,0.021804754,2.163762718
3.26348088,5.853857056,1,0.021445454,33,0.02540602,1.699933677
3.267486789,5.813449835,1,0.022992271,10,0.546905356,0.502693414
3.319137451,5.991338258,1,0.029643405,26,0.034288266,1.366214105
3.24132053,5.740793363,1,0.018454232,31,0.033134256,1.407356572
3.233706461,5.875344695,1,0.020033976,36,0.028862062,1.49106334
3.269418717,5.827754976,1,0.018039247,28,0.032234781,1.422863795
3.302346724,6.034760255,1,0.018008952,30,0.029700102,1.478083248
3.288908461,5.911138785,1,0.015116219,21,0.085817952,0.843681537
3.237030513,5.665314236,1,0.020716183,43,0.028616511,1.615012655
3.245269618,5.66240521,1,0.021286707,28,0.033145332,1.445754167
3.230098301,5.704196296,1,0.01316487,29,0.029788412,1.600606911
3.273112109,5.766892399,1,0.028282933,45,0.193117438,0.688038523
3.237882834,5.724609825,1,0.026328278,10,0.549444995,0.507634158
3.246945849,5.781707053,1,0.022971178,31,0.041002382,1.182276094
3.237598727,5.757875703,1,0.017806568,31,0.032936194,1.38105665
3.271435877,5.931083991,1,0.020500435,37,0.02543991,1.754873391
3.249360759,5.697086761,1,0.022533478,10,0.808228409,0.469502169
3.290186942,5.743677379,2,0.020078803,25,0.051446606,1.095162453
3.295869083,5.82007831,1,0.016308971,28,0.034049326,1.405753085
3.287857265,5.85458732,1,0.023382255,31,0.031271702,1.443988907
3.232854139,5.631327126,1,0.018926476,28,0.038206341,1.26533453
3.266577646,5.941314087,1,0.023249493,10,0.995066429,0.440038316
3.340189784,6.028726824,1,0.020388591,33,0.037045237,1.29973095
3.241150065,5.725944471,1,0.026738721,40,0.021830761,2.104328243
3.318199898,6.093183633,1,0.020323438,31,0.031051845,1.390140403
3.286607194,5.83893401,1,0.021284782,37,0.051563797,1.068801268
3.233081425,5.637439179,1,0.030532376,10,1.722358222,0.412900144
3.269077789,5.655132738,1,0.019434452,34,0.026583823,1.890610175
3.31265981,5.92345193,1,0.015019399,29,0.033277139,1.415120396
3.295869083,5.829867246,1,0.027121524,10,0.533117703,0.50797968
3.279703392,5.764038614,1,0.024966087,10,1.562937259,0.414830404
3.250411955,5.712675645,1,0.020351893,31,0.028545763,1.623236899
3.304846866,5.801039036,1,0.023437795,10,0.714517699,0.481383008
3.337320302,6.104242469,1,0.019745233,36,0.034619845,1.347351112
3.317773737,5.977600623,1,0.021781636,31,0.025092846,1.772902484
3.318086255,6.053609927,1,0.025828354,31,0.029942458,1.481141117
3.288539122,6.006563064,1,0.020882773,33,0.039455742,1.175357054
3.252031365,5.824441736,1,0.021491702,10,2.121276017,0.394260811
3.241945565,5.810499693,1,0.021939645,10,0.687330281,0.479343685
3.248508438,5.797507593,1,0.01860307,10,1.050499032,0.442912276
3.250042616,5.757837249,1,0.027825689,10,0.610056792,0.491984467
3.240240923,5.832551095,1,0.021064509,10,0.951782091,0.448619419
3.255895221,5.830932775,1,0.020083138,31,0.031263092,1.400455839
3.261122791,6.029382901,1,0.021608125,10,1.158231225,0.428579891
3.271180181,5.734144013,1,0.018077836,29,0.04112203,1.241602436
3.293653048,5.801327515,1,0.02118147,10,0.929936342,0.455257203
3.260867095,5.766501084,1,0.020972715,10,0.922359555,0.455790845
3.263963862,5.853439736,1,0.023158787,45,0.031649899,1.436688119
3.257145292,5.772756912,1,0.024990768,10,1.134528973,0.439065376
3.293425763,5.966403798,1,0.028603857,31,0.028386004,1.579965715
3.283112677,5.862352238,1,0.022427502,11,0.556093149,0.498376967
3.275725894,5.94559563,1,0.026636585,31,0.035995342,1.253060085
3.316637309,5.856883779,1,0.022493217,10,0.80276414,0.465308655
3.267884539,5.975281766,1,0.023671685,28,0.031638264,1.383065483
3.236149781,5.6816283,1,0.021077766,10,0.920947829,0.45769461
3.315358827,5.954955061,1,0.017762076,29,0.028274332,1.553558827
3.323882039,5.94798596,1,0.016142865,24,0.045041506,1.123467428
3.277430536,5.962999087,1,0.019431625,30,0.028254685,1.596669211
3.255809989,5.689852,1,0.0187676,11,0.348307714,0.563035471
3.283368373,5.795405844,1,0.017823382,10,0.594252738,0.497151387
3.252542758,5.709300973,1,0.0236116,10,0.729001479,0.479445219
3.288624354,5.929560923,1,0.027963309,10,0.849043289,0.45801196
3.247741349,5.70345478,1,0.024197578,10,1.23972514,0.435576575
3.271918859,5.85587566,1,0.023268869,32,0.028793721,1.571439098
3.278851071,5.887118529,1,0.021598683,10,0.611106269,0.491701842
3.231035854,5.732837399,1,0.022543259,30,0.031655596,1.473751569
3.277430536,5.816687296,1,0.018987298,32,0.02916952,1.591323867
3.317830559,5.914964178,1,0.013343482,23,0.052701838,1.061527064
3.240553441,5.697480396,1,0.020422181,35,0.026882234,1.734064294
3.289107336,5.960235401,1,0.023396032,41,0.026293038,1.613198995
3.27518609,5.940656171,1,0.021105741,10,0.871003328,0.453782584
3.283709302,5.795864668,1,0.021663044,28,0.034307934,1.426581774
3.351468833,6.115218932,1,0.026010055,10,0.624229835,0.482662141
3.299136315,5.91133657,2,0.018063666,37,0.025067213,1.768074049
3.285698051,5.838589296,1,0.02209532,10,0.506691423,0.513578633
3.299931814,5.957700346,1,0.021066574,16,0.467961112,0.514093193
3.295300869,5.982726625,1,0.016130171,23,0.077309351,0.852510675
3.260582988,5.785878394,1,0.019504066,10,1.336788743,0.42561325
3.279078357,5.809296794,2,0.022670794,29,0.030519718,1.519341801
3.302431956,5.792061347,1,0.024413359,10,0.627627814,0.492490546
3.249758509,5.804007104,1,0.020181349,32,0.028502116,1.628042809
3.286976533,5.806955301,1,0.018765152,30,0.029761212,1.517369974
3.261548952,5.747687905,1,0.026880705,11,1.151374862,0.44143481
3.282402409,5.878543502,1,0.034964141,10,0.752078472,0.467838415
3.251349508,5.690981915,1,0.021272524,31,0.030722636,1.530779241
3.285215069,5.942055291,1,0.019469549,32,0.033056167,1.373363713
3.270498324,5.770275955,1,0.028880062,10,1.387848684,0.425403242
3.281550088,5.755930983,1,0.020508532,10,0.336207279,0.568795095
3.295954316,5.898188332,1,0.024383489,25,0.048869696,1.109322482
3.282345588,5.895336079,1,0.014215099,31,0.029139498,1.500838933
3.292885959,6.00256503,1,0.02118262,33,0.026045744,1.628252513
3.307858401,5.912803829,1,0.022519981,34,0.028473818,1.69187369
3.312745042,5.892437237,1,0.026373182,29,0.029924177,1.579964096
3.245923064,5.650284439,1,0.023899855,17,0.188452834,0.657798784
3.27677709,5.914003961,1,0.017169156,44,0.030138587,1.480558625
3.277118018,5.912354416,1,0.023267311,27,0.038241679,1.237767471
3.252826865,5.738721546,1,0.019317245,29,0.038719054,1.33041085
3.320415933,6.120135502,1,0.027055742,16,0.253457656,0.582755086
3.299676118,5.97374556,1,0.02921409,31,0.029689427,1.453522492
3.290698335,5.945118948,1,0.029022283,18,0.097785589,0.784098709
3.282402409,5.846748535,1,0.019593362,30,0.035535778,1.302978058
3.271123359,5.885790272,1,0.022153719,10,1.296814915,0.425387836
3.299278368,5.859423421,1,0.022646413,29,0.029860898,1.58185247
3.271009716,5.78764562,1,0.020817894,10,0.84558683,0.464123252
3.255327007,5.904308177,1,0.026522343,10,1.284698878,0.425625988
3.267003807,5.873524222,1,0.01867934,29,0.033033461,1.364137361
3.275441786,5.930844216,1,0.027862677,10,0.671633187,0.479024441
3.276748679,5.910951579,1,0.018535936,10,1.567523138,0.412389252
3.310102847,5.912837898,1,0.016407664,31,0.030989624,1.468010828
3.27720325,5.710515489,1,0.019419842,31,0.035621596,1.36433418
3.300386386,5.834052386,1,0.030972572,10,0.833493063,0.464215572
3.285413944,5.924561099,1,0.025324566,23,0.050594633,1.081241215
3.246008296,5.814354366,1,0.020216508,10,0.602901348,0.49352351
3.275669072,5.893350563,1,0.022528341,10,1.073975526,0.437489885
3.302716063,5.978595931,1,0.024837877,30,0.03329653,1.295510872
3.213222342,5.679866976,1,0.021760298,10,1.076887289,0.443885451
3.306466276,5.990354266,1,0.023041488,36,0.049242308,1.111122713
3.319449969,5.966567139,1,0.010781416,30,0.030842667,1.518255992
3.264077504,5.811239943,1,0.019182709,29,0.036982823,1.28799087
3.278652196,5.784928277,1,0.018894083,32,0.028224155,1.678547291
3.238820388,5.842547571,1,0.020055302,40,0.022347762,2.002805507
3.301551225,5.803811208,1,0.023698617,30,0.030085719,1.527438773
3.241888744,5.720080255,1,0.013631656,34,0.030836531,1.530775071
3.253366669,5.639300205,1,0.024990982,10,0.646188069,0.495140671
3.266464004,5.809473391,1,0.027993719,10,0.832100784,0.465223106
3.287232229,6.072043383,1,0.017456732,31,0.027840241,1.520974313
3.27316893,5.864631248,1,0.028401728,29,0.034749521,1.330471185
3.315784988,6.017789625,1,0.029716827,52,0.016850464,2.336866327
3.301323939,5.906434113,1,0.020798308,31,0.030368799,1.529842199
3.251662026,5.683822211,1,0.027963169,10,0.639463029,0.491485528
3.263310415,5.731287076,1,0.026749179,49,0.034806502,1.54097231
3.260213649,5.774887843,1,0.026320375,10,1.101782177,0.441367149
3.289817603,5.896975629,1,0.024611501,10,0.648105541,0.484074706
3.298397636,5.850508395,1,0.023308684,24,0.050969661,1.081268053
3.254531507,5.735922624,1,0.024999839,27,0.046147473,1.115136404
3.294278084,5.792753554,1,0.023400732,10,0.566564052,0.503152908
3.341411444,6.070607192,1,0.018215072,29,0.027712869,1.675101787
3.328967555,6.015836735,1,0.018560328,28,0.048636702,1.083235661
3.306523098,6.004042245,1,0.016023998,28,0.033561694,1.353684102
3.253736008,5.610713787,1,0.019767378,30,0.03556911,1.393888567
3.290385817,5.97076273,1,0.022702834,10,0.541297957,0.500802326
3.288368657,5.934465717,1,0.015463723,30,0.027643323,1.633082726
3.308568669,5.950397356,1,0.017523826,39,0.041892328,1.182784072
3.243309279,5.840674692,1,0.023815777,10,1.4131355,0.419078353
3.270185806,5.881040672,1,0.021989643,31,0.027120111,1.673808933
3.291323371,5.957281041,1,0.025414659,32,0.028502684,1.514438693
3.238820388,5.55330101,1,0.021327944,29,0.034216906,1.453552519
3.292346156,5.784782853,1,0.025002746,28,0.031801949,1.470151404
3.241263708,5.876900719,1,0.018891744,30,0.029122853,1.551716429
3.25421899,5.686986571,1,0.024578818,27,0.040192183,1.261942395
3.346781067,6.138691926,1,0.018571903,10,0.704630857,0.469217155
3.280243196,5.84900949,1,0.020324192,38,0.041218529,1.183792134
3.347974317,6.083920776,2,0.023672694,62,0.024649227,1.66355785
3.278083982,5.898646084,1,0.023316783,28,0.034174485,1.351450651
3.292147281,5.86647273,1,0,132,0.023043881,3.205670166
3.314478095,6.073292436,1,0.027969054,10,0.80882271,0.45827242
3.238138531,5.690913551,1,0.025221487,10,0.828022073,0.468890377
3.257429399,5.676588883,2,0.021307394,10,1.101601639,0.443513803
3.262344451,5.755811712,1,0.020363332,31,0.02809719,1.623309667
3.295641798,5.830419687,1,0.017792389,26,0.041982062,1.241389329
3.262202398,5.856032535,1,0.020256366,39,0.026981893,1.516497754
3.341837604,6.153206698,1,0.019941062,10,0.883015097,0.448462772
3.342235354,5.795596415,2,0.030019159,27,0.036832222,1.378892904
3.296238423,5.972368811,1,0.029055217,10,0.853779679,0.456073834
3.270498324,5.831204244,1,0.016869553,28,0.039098733,1.227402732
3.255781578,5.743163343,1,0.020301655,10,1.341467229,0.426653992
3.315500881,6.062625054,1,0.022634773,27,0.040211871,1.183172293
3.278339678,5.788888084,1,0.026344264,10,0.584033055,0.499236935
3.294334905,5.86019744,1,0.027667563,34,0.024753071,1.849131816
3.330672197,5.869497443,1,0.025043319,10,0.535019179,0.509922785
3.270839252,5.765319433,1,0.021146641,24,0.053139,1.051300011
3.278765839,5.940135348,1,0.014840569,31,0.034428525,1.288834947
3.272572305,5.790764608,1,0.02192767,33,0.026822811,1.65851888
3.22279675,5.712272693,1,0.015112617,26,0.036939282,1.2809847
3.250156259,5.640473677,1,0.024657774,33,0.028022821,1.691165574
3.290726746,5.893735757,1,0.026785321,31,0.026692673,1.786240753
3.251207455,5.73712653,1,0.016756307,35,0.041943418,1.197781738
3.331155179,5.927186781,1,0.02104721,27,0.034567048,1.411494809
3.303426331,5.867902558,1,0.022162796,34,0.031170431,1.41469642
3.250241491,5.790904266,1,0.018072005,10,0.760925097,0.470248273
3.254332633,5.719212619,1,0.025355694,22,0.082735058,0.83984497
3.291579067,6.059609109,1,0.014872072,27,0.045606313,1.084952073
3.305358259,5.961474535,1,0.021845743,38,0.0587807,1.000193551
3.31064265,6.041100759,1,0.021820556,31,0.029478168,1.478402668
3.309136883,5.961992241,1,0.025546836,20,0.071799454,0.913698942
3.297431672,5.813886175,1,0.021683993,40,0.029052745,1.576264548
3.311892721,5.890871806,1,0.02021915,30,0.044238418,1.151471905
3.236717995,5.706831038,1,0.024497344,31,0.026445446,1.670961247
3.297232797,5.723133526,1,0.023260898,10,0.603395435,0.499299175
3.233706461,5.643815088,1,0.022762175,10,0.855948207,0.464388087
3.298397636,5.950219008,1,0.015162643,30,0.030416392,1.459157128
3.284163873,5.837953692,1,0.021165223,30,0.028165118,1.66482954
3.287317461,5.874212644,1,0.015043951,30,0.032446257,1.451754093
3.262799023,5.823436519,1,0.019237674,37,0.075984015,0.900926777
3.248820956,5.618561878,1,0.026000655,10,0.521039299,0.518223384
3.304704813,5.934767275,1,0.023485479,30,0.035108023,1.305487576
3.288624354,5.9878062,1,0.02943683,10,1.337027315,0.419411643
3.304221831,5.898136186,1,0.022501597,26,0.037875193,1.266067662
3.283567248,5.763445618,1,0.023954189,10,0.535914417,0.511015779
3.275839536,5.875256066,1,0.024187902,33,0.026356614,1.677492417
3.296096369,5.841603172,1,0.030201959,30,0.030010403,1.585985266
3.290471049,5.918471376,1,0.023263356,29,0.02919666,1.479407442
3.28805614,5.861840002,1,0.017604524,32,0.025599995,1.80541737
3.274191715,5.758435253,1,0.019886724,31,0.03061709,1.54643727
3.237541906,5.720125833,1,0.026725499,32,0.028727081,1.549578259
3.2675152,5.835055631,1,0.015535788,27,0.035753641,1.282847408
3.219699983,5.67482095,1,0.01882949,10,1.056834213,0.446094264
3.26995852,5.797173264,1,0.031020677,29,0.028823142,1.567561008
3.255866811,5.879666436,1,0.022995721,10,0.969702342,0.445863197
3.276521393,5.853107506,1,0.024186685,27,0.040426102,1.219153951
3.243792261,5.728751886,1,0.025722591,29,0.03337413,1.353673024
3.224643446,5.678125958,1,0.021708937,35,0.052763976,1.06969364
3.314080345,5.926843539,1,0.020984827,35,0.027934743,1.532571249
3.300926189,5.970942646,2,0.026583403,35,0.050439256,1.048179067
3.304534349,5.924158186,1,0.018289761,40,0.03169185,1.398373245
3.217796466,5.697680198,1,0.019149987,41,0.027003639,1.626188131
3.247911813,5.73761156,1,0.02364865,31,0.028699637,1.590390625
3.281038695,5.853312212,1,0.021410076,31,0.035842235,1.281294316
3.271379056,5.860772144,1,0.016361119,31,0.044979263,1.12131121
3.314506506,5.923059181,2,0.023136763,30,0.030911996,1.476448604
3.277430536,5.824257987,1,0.016245162,27,0.036892694,1.290069333
3.265299165,5.776901944,1,0.015066829,28,0.044016312,1.142193382
3.320671629,6.005508153,1,0.022188125,30,0.029628494,1.51118266
3.300897778,5.817528077,1,0.021178932,31,0.029770955,1.552436158
3.305358259,5.919229267,1,0.030357316,10,0.948787411,0.450219589
3.30217626,5.822082391,1,0.027337897,10,0.534143584,0.511331834
3.327603841,6.06898099,1,0.016267797,34,0.02775857,1.562470615
3.281947838,5.863157074,1,0.021362171,10,0.512204272,0.512112819
3.299562475,5.905282588,1,0.030027421,52,0.031621644,1.437186409
3.255327007,5.777811059,1,0.023157628,36,0.033103843,1.374150519
3.289959657,5.892966064,1,0.019560619,33,0.026791031,1.726145234
3.297119154,5.873369505,1,0.024893116,28,0.031905665,1.430227299
3.276606625,5.912142899,1,0.027442826,47,0.028109254,1.543053199
3.285186658,5.753875943,1,0.02603735,23,0.074740979,0.879503237
3.29248821,5.931867443,1,0.023161936,34,0.028059256,1.602496219
3.28365248,5.973719396,1,0.022279821,26,0.042605491,1.129839785
3.295869083,5.93355068,1,0.020476288,34,0.042958499,1.181933009
3.252571169,5.747432006,1,0.020891446,30,0.033226271,1.357538775
3.269674413,5.792067819,1,0.023794871,10,0.968919948,0.449728909
3.260440934,5.786397899,1,0.029044129,27,0.034016879,1.397628524
3.266691289,5.988201672,1,0.022557221,32,0.030457275,1.403539293
3.257003239,5.823690302,1,0.032197328,10,1.35524663,0.423544541
3.294846298,5.863041106,1,0.025154772,32,0.029698838,1.493182612
3.288823229,5.908092568,1,0.026833734,22,0.087416504,0.818722693
3.24899142,5.70431186,1,0.020382232,10,0.889168617,0.459065406
3.27194727,5.853100961,1,0.021049192,36,0.08847386,0.855416343
3.304932098,5.965657735,1,0.025871357,30,0.031311944,1.406221509
3.304790045,5.859764787,1,0.018886248,36,0.026305233,1.773842733
3.254474686,5.695728446,1,0.026630109,23,0.062920912,0.967322022
3.283567248,5.760783092,1,0.019517459,29,0.050173644,1.117892299
3.260469345,5.816291958,1,0.021557509,32,0.045325342,1.134692253
3.268850503,5.818179215,1,0.02485733,10,1.04465195,0.441305175
3.281862606,5.85791343,1,0.029432256,17,0.161240239,0.676750426
3.264333201,5.86963379,1,0.022954478,29,0.029305771,1.489523999
3.2566339,5.805674726,1,0.022752293,29,0.03200284,1.412553624
3.266833343,5.680630068,1,0.017492509,31,0.025863104,1.933671409
3.275527019,5.807135561,1,0.024493951,10,0.715388657,0.475906537
3.283538837,5.865754564,1,0.025046411,10,0.921009472,0.45231321
3.299732939,5.91028495,1,0.023640234,29,0.031235413,1.490989495
3.295528155,5.841923748,1,0.024708599,29,0.029637029,1.582623224
3.28203307,5.826265831,1,0.028338236,10,1.034806428,0.445689022
3.32311495,5.923835706,1,0.028929023,10,0.674502629,0.479674614
3.22802432,5.690758673,1,0.027434822,29,0.032301201,1.434719126
3.301238707,5.900372183,1,0.022396647,10,0.619075353,0.488886288
3.337405534,5.921650146,1,0.027643649,10,0.823615732,0.467166053
3.262656969,5.686125959,1,0.026766463,10,0.994502117,0.451403132
3.29049946,5.928333674,1,0.021798674,10,0.840713571,0.459911965
3.267231093,5.843077459,1,0.019799645,23,0.055591846,1.00971901
3.297971476,5.928827823,1,0.016203638,31,0.027837363,1.697019585
3.257912381,5.742194843,1,0.02031835,40,0.026753934,1.702260718
3.273936019,5.945398824,1,0.025217308,30,0.030019959,1.494746358
3.208335701,5.536912777,1,0.026062596,10,1.314233975,0.434571019
3.280697767,5.98197167,1,0.025478283,40,0.029051388,1.494989901
3.286919711,5.891048696,1,0.021108822,26,0.043966093,1.136864469
3.33922382,6.0714388,1,0.013974896,32,0.030837737,1.436068212
3.279419285,5.834100832,2,0.026516642,10,0.891768265,0.457204201
3.286834479,5.799317611,1,0.022638271,10,0.641467795,0.491795114
3.234615603,5.75894777,1,0.022038566,30,0.030088058,1.556238399
3.308795954,6.011142505,1,0.024473054,47,0.025323707,1.581244816
3.327887948,5.998912826,1,0.020280519,23,0.046105961,1.150292194
3.299960225,5.903482029,1,0.026368465,31,0.030807083,1.447236812
3.22279675,5.537542727,1,0.020551926,30,0.026175979,1.921499101
3.25706006,5.729324912,1,0.016177295,36,0.030292701,1.586148315
3.27439059,5.884299182,1,0.019798521,24,0.041346873,1.195615399
3.280896642,5.824764994,1,0.023088966,33,0.031511086,1.446321231
3.336865731,5.930715334,1,0.021494798,32,0.034444223,1.369221182
3.295471334,5.866545975,1,0.021818821,32,0.02967729,1.597851666
3.291181317,6.079185323,1,0.023852796,28,0.040238723,1.128412831
3.246121939,5.858680171,1,0.022359857,27,0.070778871,0.872611991
3.272089323,5.838789237,1,0.016681778,10,0.595227295,0.496204043
3.30782999,6.08596966,1,0.023929776,10,0.780271079,0.459756808
3.308028865,5.907656222,1,0.025392454,10,0.783984142,0.466201491
3.311154043,5.908117616,1,0.017049234,23,0.081036397,0.863133204
3.290698335,5.861886472,1,0.025101397,29,0.02681334,1.721119788
3.305187795,5.743394541,1,0.022579997,10,0.43168462,0.541684471
3.301636457,5.928985118,1,0.027714237,17,0.270170454,0.585396674
3.225183249,5.682893459,1,0.024124897,10,0.986746961,0.450897709
3.25865106,5.733813665,1,0.02205014,33,0.025836408,1.852987976
3.313881471,5.942979231,1,0.025534845,47,0.022137985,1.953162119