mean,std,median,D,xmin,lambda
3.9712740790807706,3.431586883982246,3.0,0.01095895866491958,1.0,0.2900714234426859
4.040554241297736,3.525177797391999,3.0,0.0060299834114340145,2.0,0.2779395404740608
3.983102399459277,3.4743863195373987,3.0,0.0068062130176799185,1.0,0.2891119495587987
4.155795876985469,3.6080894664734897,3.0,0.0035895617923896728,2.0,0.273266173245614
3.932071645826293,3.3955891712349024,3.0,0.008174551721008226,1.0,0.2934601283841858
3.842176410949645,3.3117452756064045,3.0,0.00455916609348339,1.0,0.30144454629914685
4.0790807705305845,3.4756671225105533,3.0,0.01398313838207832,1.0,0.28125592248343
3.9432240621831696,3.3724757945674186,3.0,0.01037509869195452,1.0,0.2925310879649469
4.085839810746873,3.503013557467636,3.0,0.004778741853118385,1.0,0.280695047559967
4.057113889827645,3.451070027804339,3.0,0.009054611203866858,5.0,0.2952474802307494
3.9790469753295032,3.3498649886021163,3.0,0.006649776334031854,4.0,0.3006629561546835
3.900980060831362,3.308615600861301,3.0,0.005615061635919738,2.0,0.30019339731729905
3.966204798918554,3.4559273364193137,3.0,0.007079681618956891,1.0,0.29054065748551483
3.9466035822913152,3.3499084927453615,3.0,0.009622748680421622,1.0,0.29218161286179145
3.9722879351132137,3.4150595659063545,3.0,0.00993061796720085,1.0,0.2899973878573252
3.8455559310577896,3.181159636699284,3.0,0.0041239091866609465,3.0,0.31500925659409645
4.078066914498142,3.589015127475602,3.0,0.003725739564829356,1.0,0.2813258460574295
3.90233186887462,3.2941197166628466,3.0,0.006579605564235147,2.0,0.30252055921052623
4.101723555255154,3.4951992958288884,3.0,0.004930361206499034,1.0,0.2794175995921563
4.046637377492396,3.45910126506618,3.0,0.0116286682484934,1.0,0.28380044784533165
4.1034133153092265,3.4735691789081766,3.0,0.009946948594068528,1.0,0.2793025371643881
4.019939168638054,3.4181306732543884,3.0,0.00750278671153165,1.0,0.2860739806641447
3.965866846907739,3.4440221339965995,3.0,0.003915538577139111,2.0,0.2888865088130808
3.954376478540048,3.394170340894628,3.0,0.004131660765271161,1.0,0.29150850488206137
3.949645150388645,3.4642721979139535,3.0,0.00956517575251481,1.0,0.2919566077693164
4.118959107806692,3.6596558449806817,3.0,0.008037413310889419,1.0,0.2780587206678701
4.056437985806015,3.4378356627475584,3.0,0.0074059601624073546,1.0,0.28301847064275604
3.959445758702264,3.382915023434234,3.0,0.008630399258224175,1.0,0.2911352864138785
4.070969922271037,3.4848727464446734,3.0,0.005444277553088239,2.0,0.28666032141913345
3.9739776951672865,3.4150233798422485,3.0,0.01111339801161082,8.0,0.29610911945958746
4.019601216627239,3.53655478008613,3.0,0.008382179244270649,1.0,0.2860980326214899
4.11355187563366,3.5515727501474736,3.0,0.0077061319057529784,1.0,0.2785191872227244
4.056100033795201,3.5627284387791858,3.0,0.012850684107408195,3.0,0.27465805777436003
4.033457249070632,3.4283910810530562,3.0,0.009222947952391649,1.0,0.2849215149769586
3.9773572152754313,3.4429391495695763,3.0,0.009453559236460962,1.0,0.2896277760960999
3.9972963839134836,3.4899546071852208,3.0,0.009704039988421507,1.0,0.2878898984401421
4.07265968232511,3.6465772406812076,3.0,0.014724540574502232,1.0,0.28179527373247026
4.092598850963164,3.610966170753353,3.0,0.004751574754891103,1.0,0.2801360252374071
4.046637377492396,3.5640977609459035,3.0,0.009312324576278508,2.0,0.2797662171199285
3.9935789117945246,3.4381946070438487,3.0,0.008076938383665744,1.0,0.28825569756494873
4.023994592767827,3.4882749766774874,3.0,0.00703481663319061,1.0,0.2856885983560091
4.0270361608651575,3.481998174900013,3.0,0.012044237542618795,3.0,0.2908200045575484
4.0084488002703615,3.539225889740878,3.0,0.007346403562494329,1.0,0.2869914728416661
3.9574180466373776,3.5380724935875008,3.0,0.009147887404581943,2.0,0.2857692159184514
3.900980060831362,3.3824581348589566,3.0,0.005542624133666574,1.0,0.2961996041973491
4.021290976681311,3.5281736086341824,3.0,0.007459420759618474,3.0,0.2808133112830752
4.01588374450828,3.5113995530594533,3.0,0.005008594453292714,1.0,0.2863628713287891
3.98783372761068,3.338286609989311,3.0,0.007587170292768452,2.0,0.2929241766078837
3.944575870226428,3.412940329199781,3.0,0.0060679368392204105,1.0,0.2923318090301577
4.066238594119635,3.6327254087095073,3.0,0.007659954797334389,3.0,0.27685551684231297
3.9364650219668813,3.35053855759503,3.0,0.007867970373739984,1.0,0.2930333734868648
4.017911456573167,3.450810656178154,3.0,0.006143364637133053,1.0,0.2862183530995037
4.020615072659681,3.5444239335619754,3.0,0.006233566584568195,2.0,0.28236884231615345
4.091247042919904,3.600033949861116,3.0,0.007003970303782192,1.0,0.28022858628985625
3.992903007772896,3.407090144414639,3.0,0.004553363607108396,3.0,0.2950342572699116
4.037174721189591,3.4027755792401164,3.0,0.008203375621361197,7.0,0.3067413393024572
4.002703616086516,3.4237692880173114,3.0,0.007480997724048061,2.0,0.29384426583385675
4.007772896248733,3.5051654647453883,3.0,0.0026219678149477232,1.0,0.28703987346108434
4.0419060493409935,3.5934303978639357,3.0,0.010435895862240918,4.0,0.2735731058010737
3.994254815816154,3.4572121368718256,3.0,0.007649838222949623,1.0,0.28820691920847785
3.9739776951672865,3.515379058241848,3.0,0.00849815019448963,1.0,0.28987407916276897
3.9787090233186886,3.5947870084118,3.0,0.005125392232358361,2.0,0.2794858985907143
3.9645150388644814,3.5430664779650622,3.0,0.010209134164707256,1.0,0.2906644920509761
4.03785062521122,3.4862623617774062,3.0,0.006853553946088553,2.0,0.2805442354531641
4.022642784724569,3.5129020600084644,3.0,0.006104069030991921,2.0,0.2789519827353655
4.059141601892532,3.4628648530896164,3.0,0.006354976785239774,1.0,0.2828299644596621
4.015545792497465,3.4272867286272937,3.0,0.007697927718706781,2.0,0.28993426280329515
3.99391686380534,3.2635653154614044,3.0,0.013087885650664766,1.0,0.288231306322982
4.035822913146333,3.5246538049114378,3.0,0.006061563614467413,1.0,0.2847545035379334
3.9584319026698207,3.388143408518025,3.0,0.006950062543331775,1.0,0.29120985363485025
3.891855356539371,3.368311151233161,3.0,0.005425066424652347,1.0,0.2969944330171066
3.923284893545117,3.4279917293753814,3.0,0.00949314107126753,1.0,0.2942169397127229
3.970260223048326,3.47780015480162,3.0,0.0056201983924828456,3.0,0.2857373674281055
4.017911456573167,3.3443798949356447,3.0,0.00874892140460337,3.0,0.29923552198753456
3.9908752957080096,3.489217380640344,3.0,0.010664754257059816,2.0,0.2838367890391412
3.939168638053396,3.4110653464649237,3.0,0.007592732559760924,6.0,0.2925720634698449
3.996282527881041,3.4288480113042987,3.0,0.008231077892862926,4.0,0.29108448002400605
4.076715106454883,3.5245283358406327,3.0,0.010812953879329236,1.0,0.28141913159040044
4.052044609665429,3.4429637967918625,3.0,0.00958271414151757,6.0,0.2942896712977338
3.9925650557620815,3.5061784134568983,3.0,0.008335513822548934,4.0,0.2793087653493607
3.9131463332206833,3.3585287924564953,3.0,0.007258460509834474,3.0,0.30009672389898423
3.9841162554917204,3.4923879694222446,3.0,0.006842373248011291,1.0,0.2890383779370601
4.010476512335249,3.4709568531190538,3.0,2.05391259555654e-14,22.0,1.6094101123595532
3.966880702940183,3.393369392311416,3.0,0.003923270513509825,1.0,0.29049115319901186
4.025684352821899,3.54205401815358,3.0,0.009289490227034736,1.0,0.28556868205381136
3.9820885434268334,3.400298711248572,3.0,0.00610823335395394,1.0,0.28918555864380885
4.033795201081446,3.6267481237778387,3.0,0.010724018402615445,1.0,0.2848976442066019
3.922271037512673,3.3641311334042983,3.0,0.0062091558892120036,1.0,0.29429299096372563
4.034471105103076,3.514104441549334,3.0,0.009117843187086527,1.0,0.2848499146632601
3.981412639405205,3.3556748147540887,3.0,0.008800024838503813,2.0,0.2919641342935963
4.072321730314297,3.486493184343264,3.0,0.005305642806170491,1.0,0.28181865923236515
4.064886786076377,3.5307533054642057,3.0,0.009749838767165536,1.0,0.2823341240231128
4.121662723893207,3.720107916840994,3.0,0.0059319164197114685,1.0,0.277876327279436
4.092260898952349,3.498167954570881,3.0,0.008958171233893862,4.0,0.28884997670977663
4.040554241297736,3.4783710343687417,3.0,0.01116386165851302,1.0,0.2843243912575276
3.999662047989185,3.4293427810764245,3.0,0.008751103666921112,1.0,0.287719621356147
4.0307536329841165,3.492869259003676,3.0,0.007759235488529277,1.0,0.2851126252410497
4.014531936465022,3.51005773187358,3.0,0.005378778613576053,1.0,0.28645929792070035
4.035147009124703,3.4610928145778392,3.0,0.005425735293517031,3.0,0.285258668313636
3.966204798918554,3.3502644486065747,3.0,0.004422053450433422,1.0,0.29054065748551483
4.086515714768503,3.6304377693468486,3.0,0.012148749290603944,1.0,0.2806486209890837
4.0868536667793185,3.542179511305649,3.0,0.008988773092996838,1.0,0.2806254134623337
4.0770530584656965,3.615166126831893,3.0,0.010647900515869837,5.0,0.27930824955880434
3.8279824264954376,3.4269000795396845,3.0,0.009858944084288557,1.0,0.3027663781782468
4.129773572152755,3.582945925256154,3.0,0.005910155462587553,2.0,0.2804905078735037
3.890841500506928,3.37614545941332,3.0,8.215650382226158e-14,33.0,1.098600746268659
4.004055424129773,3.4189278587864087,3.0,0.009241583224556149,1.0,0.28730636895467604
3.9705981750591417,3.4796002828143333,3.0,0.006575197948850421,3.0,0.2880595728933725
4.075701250422441,3.4787552457917297,3.0,0.007682452140494678,1.0,0.28148913634950257
3.955052382561676,3.5833635141647404,3.0,0.011705657681611359,4.0,0.2716949656448208
3.926664413653261,3.456927852640041,3.0,0.0046155759585098655,1.0,0.2939637191776402
3.951334910442717,3.428159644650038,3.0,0.002933724668184701,1.0,0.2918317546185425
4.128083812098682,3.676255581169325,3.0,0.006002564045688663,1.0,0.2773494742632009
4.014193984454208,3.519049873913489,3.0,0.007942336190447484,2.0,0.29029849963057497
4.087529570800946,3.4937461552151947,3.0,0.008025867245211427,1.0,0.2805790099214551
4.0361608651571474,3.439582858786266,3.0,0.005109224801600476,2.0,0.2878368536305762
3.922271037512673,3.4215053703301934,3.0,0.009244190288502874,1.0,0.29429299096372563
4.105103075363298,3.5323213329446785,3.0,0.006892700657253448,1.0,0.2791875694615954
4.001013856032444,3.536274484293261,3.0,0.008319564522214024,1.0,0.2876224105709943
3.9787090233186886,3.406733420993357,3.0,0.00915777194607259,3.0,0.2905148838561998
4.07874281851977,3.5721999777545466,3.0,0.005834398889634995,1.0,0.2812792264789957
4.014193984454208,3.4655356138885294,3.0,0.01208037407912932,1.0,0.2864834147162823
4.0976681311253795,3.6090070713792666,3.0,0.007593267623574483,1.0,0.2797894652061856
3.9121324771882393,3.4569311895225696,3.0,0.008343698906114527,4.0,0.28459149209545576
3.9719499831024,3.4725141898118395,3.0,0.011430895579725877,4.0,0.2896333409900087
4.111524163568773,3.583654691554542,3.0,0.0036463507208283055,2.0,0.27676237372080803
3.986143967556607,3.4607064772411316,3.0,0.006348484054021775,1.0,0.2887933512611275
4.001689760054072,3.3562293749337027,3.0,0.009685653757219359,3.0,0.2963146245133273
4.045285569449138,3.48462231494724,3.0,0.005483182831993561,1.0,0.28399184810985806
3.980398783372761,3.4605322202701836,3.0,0.007933511970316888,1.0,0.28930832378162674
3.9790469753295032,3.4777670189083736,3.0,0.00882513247658867,1.0,0.28940661096483783
4.052720513687056,3.5986449141216146,3.0,0.005566845905000895,1.0,0.2833744631837892
4.02196688070294,3.4701241271032357,3.0,0.005273896557979829,1.0,0.285832630923872
4.062859074011491,3.5096693649273845,3.0,0.0072941198385779735,1.0,0.28257117810056565
3.955052382561676,3.461809307174967,3.0,0.00599893176238675,1.0,0.2914586871421858
4.1088205474822574,3.64266334011702,3.0,0.004050041279320293,1.0,0.2789349733714429
4.034133153092261,3.4744056484793324,3.0,0.007606938833117333,1.0,0.2848737774357041
4.124366339979723,3.585117805773364,3.0,0.008117699690181779,1.0,0.2776941730170437
3.943899966204799,3.3857886102270114,3.0,0.006361632294369479,1.0,0.2924809541023994
3.992903007772896,3.370691069242746,3.0,0.004955657519453122,2.0,0.2923703734460862
3.9868198715782364,3.482806025086433,3.0,0.007592004205765445,1.0,0.28874439078791225
4.0064210882054745,3.4085790220290813,3.0,0.00795518915097121,1.0,0.28713672369253496
3.9631632308212232,3.4512481049086468,3.0,0.006683515058027667,1.0,0.2907636357337768
4.11355187563366,3.5353592909226603,3.0,0.011692374449369323,1.0,0.2785191872227244
3.9611355187563366,3.4032035970190537,3.0,0.013540395479906042,1.0,0.29091247813753096
3.9888475836431225,3.5569347832748504,3.0,0.008184902161763763,1.0,0.2885976089235788
3.9564041906049336,3.3453561776870733,3.0,0.016477856052583006,1.0,0.2913591027270009
4.105778979384929,3.487044102528901,3.0,0.008203688563538812,1.0,0.2791416088772738
3.9952686718485975,3.365326938196087,3.0,0.010866264113085444,5.0,0.3024999999999997
3.854680635349781,3.398283599183569,3.0,0.013118604938710643,3.0,0.2900179498728278
3.983102399459277,3.453703612761712,3.0,0.007616337986951938,2.0,0.2959144669349749
4.011152416356877,3.5707796123015387,3.0,0.008666181553714791,1.0,0.2867980334800741
3.896586684690774,3.3619320635970267,3.0,0.0099469035588412,1.0,0.2965836913215526
3.97803311929706,3.405340028139705,3.0,0.006670255497153138,1.0,0.2894803701894486
4.081108482595472,3.3276892944825978,3.0,0.009755972553140979,5.0,0.3078671694108561
4.104427171341669,3.5180571232272184,3.0,0.005718546791361218,1.0,0.2792335451832031
4.030415680973301,3.3924982639155403,3.0,0.007157314111236406,2.0,0.2878627132582515
4.029739776951674,3.54326243050749,3.0,0.015661386895486573,2.0,0.2775571944020472
3.9580939506590074,3.4629699315521014,3.0,0.0064452684055766865,2.0,0.29448691089796114
4.007434944237918,3.5291398567016934,3.0,0.0055748536156239314,1.0,0.2870640798933209
4.0584656978709015,3.5365558458072064,3.0,0.006400529744515882,1.0,0.2828770674598217
4.1013856032443385,3.551084461303355,3.0,0.0052772593892585476,1.0,0.27944062345501003
3.983440351470091,3.3816687998666017,3.0,0.006685896477785946,1.0,0.2890874215237126
3.9587698546806354,3.397560399545632,3.0,0.00580687232541499,1.0,0.2911849936507598
3.891855356539371,3.2990722278769686,3.0,0.0074282159243442844,1.0,0.2969944330171066
4.103751267320041,3.562275984949492,3.0,0.006127175913584804,1.0,0.2792795360495759
4.085839810746873,3.4434649297713418,3.0,0.0075430608341318095,10.0,0.3036363047980675
3.9374788779993235,3.4506825021232497,3.0,0.0068620663551024474,1.0,0.2929579207256887
4.030415680973301,3.4947584267309955,3.0,0.011741684014051844,1.0,0.28513653205181977
4.116931395741806,3.4715831746895938,3.0,0.008824979004479372,2.0,0.2830879794729061
3.957755998648192,3.5010605017115144,3.0,0.0052496340386566365,2.0,0.287839569909058
4.12639405204461,3.629547578097669,3.0,0.006830059442196945,3.0,0.2731229208851608
3.9090909090909087,3.3147669771886394,3.0,0.005932652359879054,1.0,0.2954851017441861
4.083136194660359,3.550035746389984,3.0,0.006625573365608733,1.0,0.2808809075484192
4.104427171341669,3.7154051213791033,3.0,0.010503149727733058,1.0,0.2792335451832031
4.028387968908415,3.4623263501370816,3.0,0.008988297238840095,1.0,0.28537702522021824
3.9442379182156135,3.3278550979155326,3.0,0.007748516664983219,1.0,0.29235685673892564
4.032781345049003,3.461653021160339,3.0,0.009283884272103915,1.0,0.28496926852007043
3.9868198715782364,3.5621496928491765,3.0,0.011659108732345769,3.0,0.28760145393881803
3.9371409259885097,3.36474315858265,3.0,0.005292943407644857,2.0,0.29761971826958283
3.976005407232173,3.3821238702295795,3.0,0.008234952871959078,1.0,0.28972624707819816
4.0790807705305845,3.499408297383985,3.0,0.00837017691214792,2.0,0.27622689406498685
4.003717472118959,3.4370188708269622,3.0,0.007799718989302373,2.0,0.29095386610671936
3.9901993916863807,3.3111033102137903,3.0,0.008958445674208004,2.0,0.2949331281508821
3.929368029739777,3.3937420251834585,3.0,0.007891352648143335,1.0,0.2936620447019868
4.044271713416695,3.624631311991378,3.0,0.010045513729532772,2.0,0.28886489949414285
4.011152416356877,3.4155001222242545,3.0,0.009428008030790913,5.0,0.2892343939241021
4.099357891179452,3.4805882188848623,3.0,0.011584599114642824,1.0,0.2796741356657049
3.965528894896925,3.3669609147889767,3.0,0.006010434624587724,1.0,0.2905901786475201
4.0307536329841165,3.4423854196311456,3.0,0.007555537225628961,2.0,0.2911149069705333
4.020953024670497,3.6465458576966636,3.0,0.00848856966302758,4.0,0.2699391592920358
4.0216289286921265,3.4789287869619954,3.0,0.005510228939494682,1.0,0.2858566504726892
4.162554917201756,3.5674740266747524,3.0,0.006306726698214082,1.0,0.2747711496305919
3.9422102061507274,3.426785429466688,3.0,0.005615268850627464,1.0,0.2926063209922847
3.9182156133829,3.2940906966191403,3.0,0.007796016789085036,1.0,0.2946972841555977
3.9131463332206833,3.3900774941839305,3.0,0.007540134702409995,1.0,0.2950790493565938
4.0601554579249735,3.4523401278545123,3.0,0.008042680142313463,1.0,0.2827593393644915
3.968908415005069,3.4564416245145937,3.0,0.003411616132569017,1.0,0.2903427415063011
3.9986481919567423,3.403574180080878,3.0,0.005475931042320137,1.0,0.2877925725786003
4.069280162216965,3.5398946589219453,3.0,0.006199130755818128,1.0,0.28202930352545474
3.992903007772896,3.3856969574250364,3.0,0.0050683681544970716,1.0,0.2883044924354634
3.952686718485975,3.5164546408504282,3.0,0.007431444008480059,3.0,0.2788269399533673
3.9922271037512673,3.4059973953765765,3.0,0.005980898337830776,3.0,0.2933793960435607
4.022980736735383,3.561672987191898,3.0,0.009771400041760027,5.0,0.2712336253685345
3.9645150388644814,3.4913727534658032,3.0,0.010885038186336128,1.0,0.2906644920509761
3.889151740452856,3.298572702840909,3.0,0.006630805897152482,1.0,0.29725111403480203
4.044609665427509,3.5016585422033555,3.0,0.00980464033258388,1.0,0.2840393066406251
3.999662047989185,3.5698504536732454,3.0,0.010489097806571037,2.0,0.2825760978889795
3.988509631632308,3.3848363390371987,3.0,0.01120814730644526,1.0,0.2886220622034401
4.0625211220006765,3.560011922871436,3.0,0.008203820615169666,1.0,0.2825946845624325
4.069280162216965,3.4918336422930647,3.0,0.007135284515106255,2.0,0.2902918865435359
3.959445758702264,3.4641569054501056,3.0,0.009227555453668157,4.0,0.29194237731295275
3.9398445420750248,3.4678698213504937,3.0,0.0072234821598261565,1.0,0.2927820153006521
4.1125380196012165,3.5372552448104586,3.0,0.00581957971277669,2.0,0.28237687619815266
4.008786752281177,3.4809272024456583,3.0,0.0037308969322407135,1.0,0.2869672786524196
3.910442717134167,3.5019073314080864,3.0,0.012114249825708856,1.0,0.2953829549628382
3.999662047989185,3.3496782825876683,3.0,0.01181049294334624,1.0,0.287719621356147
3.9841162554917204,3.4837649563425277,3.0,0.006482089995963114,1.0,0.2890383779370601
3.952010814464346,3.379219317469237,3.0,0.011204570803486193,1.0,0.2917818432529501
4.0162216965190956,3.4243241271530245,3.0,0.007434382678979445,2.0,0.29063373803239106
3.9793849273403175,3.5374567173646145,3.0,0.010131127354220615,1.0,0.28938203290870496
3.9766813112538015,3.4813941326164035,3.0,0.005348821557634442,1.0,0.28967700321874723
4.083474146671174,3.5450264502837343,3.0,0.005256211671177263,1.0,0.2808576615906645
3.931395741804664,3.4929114398051735,3.0,0.009019998891995118,1.0,0.2935105814278347
4.005745184183846,3.6615380940090336,3.0,0.01343463072884754,7.0,0.25541009058647746
3.999662047989185,3.4916498501310578,3.0,0.010121455059411531,4.0,0.28498953285347745
4.092598850963164,3.4753332455419015,3.0,0.011182745376612013,1.0,0.2801360252374071
3.8665089557282872,3.4174606343597684,3.0,0.012635854332174956,1.0,0.2992444252032165
3.9800608313619463,3.5207022359492086,3.0,0.008854788789042112,2.0,0.2842953835227271
4.148698884758364,3.618910028926873,3.0,0.0048940030352140895,2.0,0.2732683250324817
3.9787090233186886,3.5089639793444682,3.0,0.0057214201735116274,1.0,0.2894311931962966
3.9993240959783707,3.4520810170813485,3.0,0.012016562695886357,1.0,0.28774393432060164
4.0138560324433925,3.501674002351752,3.0,0.006546069561165657,3.0,0.2861514874084473
3.933085501858736,3.495603907924592,3.0,0.01163793340067143,2.0,0.2895818467452354
4.003379520108145,3.4432573273336513,3.0,0.007442970647248749,1.0,0.28735487585471897
4.001013856032444,3.4222398961602924,3.0,0.00652750012259659,2.0,0.2890587024034568
3.9719499831024,3.453092801843069,3.0,0.009099261017008087,5.0,0.2864720781291971
4.0253464008110855,3.4930094346311407,3.0,0.0072972440070145925,1.0,0.28559265726009564
3.918553565393714,3.436645812480433,3.0,0.0049989803231078045,1.0,0.29467186826218195
3.9874957755998652,3.5231354004035405,3.0,0.009677488751645758,1.0,0.288695446912874
4.073335586346738,3.5389536155086074,3.0,0.004209671894029654,1.0,0.2816526163092178
4.038526529232849,3.59440855886271,3.0,0.008322973286624014,3.0,0.27607763044938777
4.02196688070294,3.5074184959641084,3.0,0.010518923694573523,1.0,0.285832630923872
4.0064210882054745,3.4138297940235773,3.0,0.012756374371092338,1.0,0.28713672369253496
4.046637377492396,3.4970930834679472,3.0,0.004072417516789884,1.0,0.28380044784533165
4.05981750591416,3.610862489119075,3.0,0.004610848021136982,3.0,0.2716435900128489
4.023318688746199,3.4552804269435744,3.0,0.005938393926268493,1.0,0.2857365930806383
3.955052382561676,3.420463139128596,3.0,0.007118717142392039,5.0,0.28635725672303913
3.9790469753295032,3.4460404279081565,3.0,0.006240757983245193,4.0,0.29207305925536753
4.014531936465022,3.3859726504659307,3.0,0.009727157967196476,2.0,0.2908425345201865
3.986143967556607,3.4328606991073958,3.0,0.005986880493840664,2.0,0.2933187686112616
3.9466035822913152,3.530275724851844,3.0,0.012027927381661141,1.0,0.29218161286179145
3.989523487664752,3.3119176707301103,3.0,0.013488753486461945,1.0,0.2885487147924608
4.024670496789456,3.3621754981474132,3.0,0.010815548385815887,1.0,0.2856406197518683
4.092260898952349,3.595452272589605,3.0,0.010262464859851494,10.0,0.27475071225071257
3.92734031767489,3.3581614689596613,3.0,0.005028322718597432,1.0,0.2939131273664057
4.017911456573167,3.4923781585086484,3.0,0.008700161636801762,1.0,0.2862183530995037
3.972625887124028,3.33936057693846,3.0,0.005849853465030752,4.0,0.30493253203311044
3.9827644474484623,3.5407214915766003,3.0,0.0059709759720840685,2.0,0.2871350530419803
4.051030753632984,3.5475476612710937,3.0,0.010515850608468935,1.0,0.2834926639275881
3.9770192632646166,3.466853487294543,3.0,0.008147525015043788,1.0,0.2896523875658566
4.03480905711389,3.4535206024055163,3.0,0.010718566694289722,1.0,0.2848260558882655
4.027712064886786,3.504727055070603,3.0,0.005318481471424774,1.0,0.28542491530667896
3.986143967556607,3.5214032917545914,3.0,0.009603786443247886,4.0,0.27919991458357685
3.917201757350456,3.315896886677726,3.0,0.009072020269734526,4.0,0.3037290432116876
3.9743156471781007,3.4956666066819286,3.0,0.012946566314369743,5.0,0.2803521013659724
3.9739776951672865,3.455554534626865,3.0,0.011441018443563822,1.0,0.28987407916276897
4.052044609665429,3.4099225590581583,3.0,0.010700329257932741,1.0,0.2834217316513761
3.969922271037513,3.4848352533311915,3.0,0.008440122904454063,1.0,0.2901701963799269
3.921595133491045,3.45520311228358,3.0,0.00641541478683405,1.0,0.294343713644002
4.098006083136195,3.5486089233585143,3.0,0.008949713012148308,1.0,0.27976639168934525
3.9645150388644814,3.3672013061875186,3.0,0.00840035931494343,1.0,0.2906644920509761
4.124028387968909,3.592145386309185,3.0,0.008858016120535717,1.0,0.27771692923871183
4.087529570800946,3.6453236530805975,3.0,0.013711054474999871,1.0,0.2805790099214551
4.003041568097331,3.5341702161264528,3.0,0.007870129948837845,1.0,0.2874767174968341
3.9564041906049336,3.4634857789988818,3.0,0.012361083698080422,1.0,0.2913591027270009
4.092598850963164,3.651265962332855,3.0,0.008109896258276406,8.0,0.2704524156601414
4.003717472118959,3.5291936102979853,3.0,0.008458971657872877,1.0,0.2873306203574745
4.035147009124703,3.512462469918459,3.0,0.012220318376030548,1.0,0.2848022011097153
4.037512673200404,3.5071903206137347,3.0,0.00945026757903189,1.0,0.2846353294760191
3.9361270699560666,3.36236290288744,3.0,0.008000575673212329,1.0,0.2930585330449902
4.092936802973978,3.464659719951313,3.0,0.012157475752554214,1.0,0.28011289452770205
3.9442379182156135,3.4193157099732123,3.0,0.009111893666584379,1.0,0.29235685673892564
4.016897600540723,3.4614252935043943,3.0,0.005523141045118475,3.0,0.29355333625716595
4.061845217979046,3.5571746977126737,3.0,0.01031968102856018,1.0,0.2826417092208169
3.9729638391348434,3.4419748170402364,3.0,0.008203376291241349,1.0,0.2899480517927016
3.941872254139912,3.392036975838946,3.0,0.006090261276024189,1.0,0.29263140726808995
4.056437985806015,3.605297014366697,3.0,0.009321638052446013,1.0,0.28301847064275604
3.9286921257181477,3.389243767392848,3.0,0.005004507942902525,4.0,0.2915995017042093
4.030415680973301,3.5420165499117493,3.0,0.009861062291799838,1.0,0.28513653205181977
4.0253464008110855,3.5583818588191307,3.0,0.009265114849860256,3.0,0.2828160149683572
3.8445420750253465,3.2806379127752967,3.0,0.008144232085060654,1.0,0.30125905826960264
4.106454883406556,3.5710083940294477,3.0,0.006934412806306467,1.0,0.2790956634227636
3.9824264954376476,3.3711038832415414,3.0,0.008453571096940116,1.0,0.2891610181177869
4.032443393038188,3.5440016597344,3.0,0.004139465928669206,3.0,0.28223637076965113
3.9455897262588713,3.3662459822208084,3.0,0.006461967643301979,1.0,0.2922566916488223
4.093274754984792,3.4878370308317392,3.0,0.00968131755458701,1.0,0.2800897676374671
4.0381885772220345,3.4735851915163733,3.0,0.005964513521656834,1.0,0.2844909550485397
4.058803649881717,3.4788876185005364,3.0,0.010159927626717248,3.0,0.2893698232261537
4.089219330855019,3.4208298826049464,3.0,0.007882639842301975,1.0,0.2804630681818182
4.0084488002703615,3.4577930545911686,3.0,0.011545808054995277,1.0,0.2869914728416661
4.013518080432578,3.439893743730912,3.0,0.005286868135010669,1.0,0.2865316604917481
4.035147009124703,3.346011164066017,3.0,0.006172398993079087,3.0,0.2975610592332352
3.9787090233186886,3.4591058875408387,3.0,0.0073093421351967105,1.0,0.2894311931962966
3.9979722879351134,3.4131917035496264,3.0,0.007466110924038981,1.0,0.2878412272823332
4.039202433254478,3.5928965872066367,3.0,0.008650547257043839,3.0,0.2771511747092737
3.995606623859412,3.515953256490817,3.0,0.008549197708654699,2.0,0.2835038341476654
3.9570800946265634,3.3232693774645328,3.0,0.005377507066418152,2.0,0.2957006369426753
4.008786752281177,3.4251407119120914,3.0,0.006107868921654379,1.0,0.2869672786524196
4.116931395741806,3.529796008812708,3.0,0.012165143039230776,5.0,0.2765087530712529
4.070631970260223,3.488029930241438,3.0,0.011497278543967092,8.0,0.29930420189984663
4.035147009124703,3.4909405617630376,3.0,0.004268765435856303,1.0,0.2848022011097153
3.965528894896925,3.446127857607217,3.0,0.007609096877958298,1.0,0.2905901786475201
3.989523487664752,3.4564189238272918,3.0,0.012311345997117916,2.0,0.28308300081617865
3.889827644474485,3.352455875341703,3.0,0.005830120186692572,3.0,0.29340665796344617
3.900980060831362,3.2596329363852328,3.0,0.01253531315375167,1.0,0.2961996041973491
4.052044609665429,3.5138881088914258,3.0,0.00652340249726624,1.0,0.2834217316513761
3.953362622507604,3.4153483383628043,3.0,0.00849326482781354,1.0,0.2915832634317832
3.935789117945252,3.4136774340379445,3.0,0.007142482533281647,1.0,0.2931829463979049
3.913822237242312,3.333802051277083,3.0,0.008108454358536688,1.0,0.2950280901908299
4.013518080432578,3.4885735014403685,3.0,0.008730638712272087,5.0,0.27570877157497303
4.042919905373437,3.477905405966085,3.0,0.007026001858305764,1.0,0.2841580223919585
4.03176748901656,3.4168050714460865,3.0,0.012440159835072406,1.0,0.28504092885582577
3.9871578235890506,3.4254238998966584,3.0,0.005389644734704714,1.0,0.28871991677614844
4.07874281851977,3.5453253507892035,3.0,0.007817367855414314,4.0,0.2843646044381779
4.004393376140588,3.48311928226332,3.0,0.01187487946850693,1.0,0.2872821216452865
3.9959445758702254,3.396514889515087,3.0,0.008075783812275916,1.0,0.28798729015138713
4.017573504562352,3.531210057044115,3.0,0.009345416711602716,1.0,0.2862424293405114
3.9827644474484623,3.3565883012773057,3.0,0.006009203711179857,2.0,0.2946055808810256
4.000337952010814,3.6357003293415953,3.0,0.012471279683239243,4.0,0.2714694601453461
4.074349442379181,3.457150590740196,3.0,0.006518049560084282,1.0,0.2815825302235402
4.122338627914837,3.6279170555259226,3.0,0.005718627397196696,2.0,0.2815340230097342
4.015545792497465,3.3721161884224453,3.0,0.006810649980151573,2.0,0.29133450611692635
4.04697532950321,3.589933281119936,3.0,0.00831329764661437,2.0,0.2788218526984835
4.020615072659681,3.66932161054851,3.0,0.00892712501358961,3.0,0.2759382674669204
3.940520446096654,3.484796874910009,3.0,0.00645280177917168,2.0,0.2886831813378665
4.080432578573842,3.5294759893136267,3.0,0.010059236479102812,1.0,0.2811627451031141
3.992903007772896,3.5628310528150817,3.0,0.008049373342332022,2.0,0.2845389712869945
3.980398783372761,3.5255482907007147,3.0,0.0069917092130433725,3.0,0.29091732253860114
4.050354849611355,3.534195293542636,3.0,0.006577026336346632,1.0,0.2835399718397998
4.025684352821899,3.509464246884998,3.0,0.006585874140519032,1.0,0.28556868205381136
4.066238594119635,3.575999435402382,3.0,0.006196200426284326,2.0,0.2784538343456288
4.115241635687732,3.646036175248889,3.0,0.011341423427915442,1.0,0.27840482441282755
4.042919905373437,3.542221040434411,3.0,0.004236925366020383,1.0,0.2841580223919585
4.0084488002703615,3.5351175405751456,3.0,0.00507362209838591,2.0,0.28178598203012284
4.0456235214599525,3.4070896415886267,3.0,0.008615882315226142,1.0,0.283968124791162
4.099019939168638,3.667029611315976,3.0,0.009850246425164131,2.0,0.2732836632601426
4.031091584994932,3.55648380821956,3.0,0.012170585067581952,1.0,0.2850887224387995
4.084488002703616,3.5460032763662293,3.0,0.011674934176328032,1.0,0.2807879467979481
3.952686718485975,3.4235421429455952,3.0,0.006251750155489011,1.0,0.2916331237709474
4.035147009124703,3.5450246783258814,3.0,0.008177194938703308,2.0,0.2800785794183448
3.9449138222372415,3.3247167474592967,3.0,0.0057871435853636966,3.0,0.30301998987854273
4.058127745860088,3.5027147308734237,3.0,0.00480397052791337,1.0,0.2829006248438541
3.917877661372085,3.438595929166472,3.0,0.014274274795201047,1.0,0.29472270443371
3.9888475836431225,3.558359680076613,3.0,0.008654377568802385,4.0,0.27853842832469783
3.9587698546806354,3.408881008047417,3.0,0.005579674940617035,1.0,0.2911849936507598
4.130111524163569,3.6769197413668415,3.0,0.007318046126523425,1.0,0.27721330726822685
4.040554241297736,3.436437432495558,3.0,0.005165914855916692,1.0,0.2843243912575276
4.078404866508956,3.6565001387862974,3.0,0.005633238114994832,4.0,0.2687898579100472
4.026360256843528,3.4833618871950844,3.0,0.008329795857096313,1.0,0.28552074371537683
3.9756674552213584,3.4613810132201013,3.0,0.013384414848645276,1.0,0.2897508752868922
4.01892531260561,3.58420836052312,3.0,0.006689886238287257,3.0,0.2793891810279947
3.944575870226428,3.398452545427182,3.0,0.006433194168438128,1.0,0.2923318090301577
4.0996958431902675,3.5423183804826563,3.0,0.007133745118238609,1.0,0.279651081166021
4.034471105103076,3.5336686950716043,3.0,0.006076275089756389,1.0,0.2848499146632601
4.068604258195337,3.5350355426495104,3.0,0.010045916335786692,1.0,0.28207615613838355
3.9587698546806354,3.514512466677117,3.0,0.007600453481147074,1.0,0.2911849936507598
4.0601554579249735,3.5375307491878565,3.0,0.008754848980150831,1.0,0.2827593393644915
3.9580939506590074,3.402025302293572,3.0,0.004719304139738535,1.0,0.2912347178641565
3.9307198377830352,3.426572383446982,3.0,0.007224232547338283,3.0,0.28818674783995063
3.8817167962149375,3.296879682361998,3.0,0.00849725306667648,1.0,0.2978707774682221
3.944575870226428,3.470481443165036,3.0,0.007447050200881543,1.0,0.2923318090301577
4.003041568097331,3.372501397008504,3.0,0.006380114438757523,1.0,0.2874767174968341
3.9547144305508617,3.302478496867004,3.0,0.0074822930453332095,5.0,0.3097600751366125
4.035484961135518,3.4118689362401797,3.0,0.0058557014772271385,2.0,0.2892802322477309
4.023994592767827,3.4806128620123267,3.0,0.005658832919183454,1.0,0.2856885983560091
4.041568097330178,3.5927289007641634,3.0,0.007500067408914569,2.0,0.2800128929273087
4.1311253801960115,3.601524373690944,3.0,0.005930927272928099,1.0,0.2771452738976603
4.056100033795201,3.52707326609425,3.0,0.0093497023096486,1.0,0.2830420515851525
4.063197026022305,3.489625533737009,3.0,0.008240174872293726,1.0,0.2825476755489478
4.0270361608651575,3.4797651497636384,3.0,0.004905813072516918,1.0,0.2854728214690333
4.007096992227104,3.4519269375246817,3.0,0.006037806963479221,2.0,0.29089960124282144
4.018587360594797,3.3379026880015834,3.0,0.010796134912173684,4.0,0.3022066358984508
3.9580939506590074,3.443003968400512,3.0,0.007784920260396565,1.0,0.2912347178641565
3.946941534302129,3.4025153122029312,3.0,0.008380928703349944,1.0,0.2921565951708194
3.9932409597837113,3.4591159579106736,3.0,0.0072483793810698685,1.0,0.28828009293542656
4.011828320378506,3.5464658573457246,3.0,0.006388057068645203,1.0,0.2866523460534074
3.97803311929706,3.2852231013332616,3.0,2.05391259555654e-14,22.0,1.6094101123595532
3.970936127069956,3.375332484939692,3.0,0.007594656837101865,3.0,0.2980236426990037
3.8857722203447116,3.3045991388101186,3.0,0.007752181913597722,1.0,0.2975096382251262
4.175735045623521,3.546848520770552,3.0,0.00855550271396921,4.0,0.28268135451947496
4.0361608651571474,3.5427734798477784,3.0,0.00618162725935506,1.0,0.2847306607426945
3.87360594795539,3.4110494086786867,3.0,0.013605662406794837,1.0,0.2985953244961613
3.953362622507604,3.4065303190244167,3.0,0.007012367646817674,1.0,0.2915832634317832
4.0642108820547485,3.5165711092594734,3.0,0.004833265728714786,1.0,0.2824771913458341
3.963501182832038,3.435597702597698,3.0,0.006398409618774137,1.0,0.2907388434728855
4.094964515038864,3.525426157911716,3.0,0.00468560816523811,1.0,0.2799741904452423
4.027374112875972,3.4517277852156627,3.0,0.005445018448684058,1.0,0.2854488663778636
3.9452517742480566,3.5600924793394344,3.0,0.008749417971890659,2.0,0.2855802648207718
3.9766813112538015,3.353428887367091,3.0,0.011079642474284055,1.0,0.28967700321874723
4.117269347752619,3.6471763157514583,3.0,0.004591269794789965,3.0,0.2715680317759725
4.008110848259546,3.512147862614622,3.0,0.006685637421566637,2.0,0.2813469514051784
4.123690435958094,3.5436127585237367,3.0,0.00574158642949274,1.0,0.2777396891902967
4.060831361946604,3.5501072317363174,3.0,0.0056027784182063325,1.0,0.2827122755596703
4.018587360594797,3.4288982076276557,3.0,0.008724839090596848,4.0,0.29658651941362896
4.101723555255154,3.546074907418918,3.0,0.0046194073926834065,1.0,0.2794175995921563
4.052720513687056,3.4806361268021115,3.0,0.0071514229465795,1.0,0.2833744631837892
4.058803649881717,3.510317345936936,3.0,0.009981984503300791,3.0,0.2914348090362625
4.052720513687056,3.4410880137596433,3.0,0.010301519118263713,1.0,0.2833744631837892
4.079418722541399,3.676617777696277,3.0,0.007951444361788296,4.0,0.2692679239749748
4.067252450152078,3.4285847267144294,3.0,0.010098573873705163,1.0,0.28216990808059816
3.906725245015208,3.5012794536637,3.0,0.00898479392788476,4.0,0.2819012599538978
3.9621493747887797,3.5885816783668667,3.0,0.014144201224582044,4.0,0.2744206979996484
3.9270023656640762,3.385366622434637,3.0,0.00813160521832873,2.0,0.29740406029020106
4.055424129773572,3.5535259416555034,3.0,0.007395639154598066,1.0,0.28308922526041674
3.9952686718485975,3.4443352046751894,3.0,0.0039676577696143855,1.0,0.2880360107215362
3.9874957755998652,3.4763011375723165,3.0,0.008787498427563323,1.0,0.288695446912874
4.087529570800946,3.5950065741318027,3.0,0.01341931356723347,5.0,0.2634700425588515
3.959445758702264,3.4483164898358387,3.0,0.008922868242951187,1.0,0.2911352864138785
3.9449138222372415,3.415964594447466,3.0,0.008154211912754228,1.0,0.2923067656129529
3.9756674552213584,3.4847346360765483,3.0,0.0045842993359287995,1.0,0.2897508752868922
3.988509631632308,3.44343610698254,3.0,0.009061452145687654,1.0,0.2886220622034401
3.960797566745522,3.4775120031791373,3.0,0.00504548829816498,3.0,0.2846114864864867
3.9628252788104086,3.44030887725098,3.0,0.0032555230506494948,1.0,0.2907884322232647
4.015545792497465,3.495823070953146,3.0,0.009837380755082559,1.0,0.2863869718902541
4.034133153092261,3.4737246986532613,3.0,0.007709451008523382,1.0,0.2848737774357041
4.0790807705305845,3.5877214992008883,3.0,0.006459162883044156,1.0,0.28125592248343
3.9388306860425817,3.39512046502163,3.0,0.006351596179772545,1.0,0.2928573774667526
4.105778979384929,3.4604847601278186,3.0,0.008229049558626356,3.0,0.2876953124999994
3.9270023656640762,3.4067618838047258,3.0,0.007136433449044909,1.0,0.2939384210950948
3.9773572152754313,3.458999602079484,3.0,0.009510882565734846,7.0,0.2972997839249402
3.9567421426157487,3.4065749099625693,3.0,0.006813031429940553,1.0,0.2913342172552956
4.0919229469415335,3.5160519734070865,3.0,0.008424993318071339,2.0,0.2857772558653593
3.943899966204799,3.4031120776292965,3.0,0.0073230204358596404,3.0,0.29892431303332045
4.100371747211897,3.5819564714352974,3.0,0.0072023409686231546,1.0,0.27950971781504985
4.023318688746199,3.5659854814192165,3.0,0.010015281447070869,1.0,0.2857365930806383
3.9114565731666096,3.3042621825751413,3.0,0.007196957878009669,3.0,0.3076162054258593
4.012504224400135,3.5047660951118385,3.0,0.0121561536888945,1.0,0.2866040596310957
4.055762081784387,3.4739312694002638,3.0,0.00658278691312153,3.0,0.2884437714145861
4.070969922271037,3.4678602704157178,3.0,0.00841321271222395,1.0,0.2819122400589407
3.9915511997296393,3.5062243104473167,3.0,0.003788245484281138,2.0,0.282281265583915
4.037174721189591,3.5288561238224374,3.0,0.009487894297675936,2.0,0.2790067114093961
4.1203109158499505,3.5726028064175064,3.0,0.007140725409998272,2.0,0.2762822601313035
4.062859074011491,3.5632795578292225,3.0,0.005279278983981117,1.0,0.28257117810056565
4.03176748901656,3.5940985506849,3.0,0.009375949173208551,4.0,0.2717713312279504
4.007434944237918,3.4336188738527142,3.0,0.009138654197997751,3.0,0.29274937965260583
3.920581277458601,3.2949179276757747,3.0,0.0062575337708977155,2.0,0.2995224816734077
3.970260223048326,3.4319229202582924,3.0,0.008756900165942993,1.0,0.2901454968398876
3.959445758702264,3.3615690531610505,3.0,0.009326540341029864,1.0,0.2911352864138785
4.044271713416695,3.4603533667276416,3.0,0.008665649584220336,2.0,0.2885822108556724
3.9638391348428517,3.4238261636648066,3.0,0.0063143531714044965,1.0,0.2907140554395089
4.004055424129773,3.5441478371376007,3.0,0.008477166824128218,1.0,0.28730636895467604
3.9888475836431225,3.46705793090757,3.0,0.0036434182167424944,1.0,0.2885976089235788
4.0773910104765125,3.5679697396505685,3.0,0.009603777730784023,5.0,0.27499919281932034
4.1355187563366,3.5796662511073576,3.0,0.005286883659753827,1.0,0.27685084809389565
3.9134842852314975,3.2679096555861338,3.0,0.012432442113586071,3.0,0.3037693150369007
4.039540385265292,3.5342372073319788,3.0,0.006239578103292676,2.0,0.2795999340811585
3.9317336938154783,3.3875609985367463,3.0,0.007400315934848245,1.0,0.2934853527376655
3.881378844204123,3.345961635778662,3.0,0.007171606627484396,1.0,0.2978967131040488
3.955728286583305,3.4068098912115987,3.0,0.012690437017615965,1.0,0.2914088864267408
4.014531936465022,3.3250396774501465,3.0,0.010392380432011515,4.0,0.30460890644449434
3.9719499831024,3.369980181543172,3.0,0.008923424487179088,1.0,0.2900220621862504
4.0770530584656965,3.547220775342279,3.0,0.004081998779152053,1.0,0.2813958044077421
4.0266982088543415,3.4056039359865675,3.0,0.011186539170018994,1.0,0.2854967805812002
4.182494085839811,3.6463953596912115,3.0,0.004766234182847939,2.0,0.2780464944885925
3.989523487664752,3.4654025663667536,3.0,0.011121017980218695,1.0,0.2885487147924608
4.023318688746199,3.5591554284879647,3.0,0.008300204793364574,1.0,0.2857365930806383
4.044271713416695,3.376518741586072,3.0,0.01151834433507437,5.0,0.30368980021876196
3.9432240621831696,3.5279246969384506,3.0,0.009193019499438735,5.0,0.2746172581767576
4.064886786076377,3.5752680999008666,3.0,0.0054225611930606155,1.0,0.2823341240231128
4.040892193308549,3.596121415415056,3.0,0.008009441731781614,8.0,0.2688886506970576
3.9912132477188234,3.521467574436872,3.0,0.0063731601502846616,5.0,0.2762092546302513
3.963501182832038,3.433826626623024,3.0,0.004860736440011504,1.0,0.2907388434728855
4.140250084488002,3.5932419489362184,3.0,0.006863114033949347,1.0,0.2764401247857319
3.9114565731666096,3.2364726992526363,3.0,0.008070796319535112,5.0,0.31516416851287743
4.104765123352484,3.60445083709381,3.0,0.00481245601720337,1.0,0.27921055542977125
3.9959445758702254,3.3953206838880683,3.0,0.005825457521242472,2.0,0.29622926580175984
4.029739776951674,3.4671920019492166,3.0,0.010399757437671964,1.0,0.28518435770295203
4.013180128421764,3.4879450571252826,3.0,0.005022007797790717,2.0,0.28905493544916633
3.9455897262588713,3.4900641059991533,3.0,0.007508548203822295,5.0,0.2830434976549754
3.984454207502535,3.5875231996732357,3.0,0.007896664124829478,3.0,0.2814466180119509
3.9053734369719497,3.3458677314099883,3.0,0.00729248896293655,1.0,0.2958163812359381
4.035822913146333,3.488706385525885,3.0,0.007179274478614856,1.0,0.2847545035379334
3.923284893545117,3.3455687969014365,3.0,0.00807925627516004,1.0,0.2942169397127229
3.970260223048326,3.3133820294386798,3.0,0.015695487298490463,2.0,0.2979900870160124
3.9364650219668813,3.293877667109644,3.0,0.01035835152054554,2.0,0.3002750045691311
4.0868536667793185,3.5557016271595163,3.0,0.006234159861147948,4.0,0.2843695835380499
4.046299425481583,3.569550215223581,3.0,0.008012191436983063,5.0,0.27433217714360875
3.9415343021290976,3.4324892185271736,3.0,0.009057473397311666,1.0,0.29265649784575154
3.9783710713078735,3.425379687702056,3.0,0.012879451164053536,4.0,0.3028532049005685
3.979722879351132,3.5072841390490015,3.0,0.009965909587801304,4.0,0.2924003831010651
3.9837783034809067,3.4413554195322718,3.0,0.007040333844737123,1.0,0.2890628976501528
3.9597837107130784,3.3546794735491083,3.0,0.0076326692052699485,3.0,0.29612917171564224
3.9915511997296393,3.4239079895518434,3.0,0.008819127125553217,2.0,0.2842523857770331
4.003379520108145,3.3522483264887177,3.0,0.010774186709035738,2.0,0.29285369738849504
3.9908752957080096,3.4831101010447596,3.0,0.007925620477598259,1.0,0.28845097621517496
3.919567421426157,3.367080010231754,3.0,0.00661759244447374,1.0,0.2945956468787721
3.9912132477188234,3.4918807744781644,3.0,0.006207045983303572,2.0,0.2833441889442682
4.026360256843528,3.5248331544150764,3.0,0.004950275748951682,1.0,0.28552074371537683
3.9756674552213584,3.4672341657260977,3.0,0.008542475274984251,4.0,0.2880892844307075
3.9499831023994587,3.2946235914562223,3.0,0.009083359291696123,4.0,0.3033780045990971
4.027712064886786,3.502894453752912,3.0,0.004820078853009169,1.0,0.28542491530667896
3.947955390334573,3.3373967919794016,3.0,0.010682276943820956,7.0,0.3169711170619739
4.154782020953025,3.599552647395684,3.0,0.008440589213315364,2.0,0.2803053310880608
4.051030753632984,3.650371119855306,3.0,0.010499343739223566,1.0,0.2834926639275881
4.0287259209192285,3.5822097269876587,3.0,0.01050377944820058,1.0,0.2853530862029193
4.001689760054072,3.5216220815938435,3.0,0.013708923536198236,1.0,0.28757382980744883
4.109158499493072,3.658622143199026,3.0,0.009297439153749587,3.0,0.2715673359124865
4.03480905711389,3.4943789491587074,3.0,0.010019291142263577,2.0,0.280103644621443
4.17336938154782,3.79724653925896,3.0,0.010723288756836423,1.0,0.2739655349117337
4.042581953362623,3.6266556007139736,3.0,0.006231877427452792,3.0,0.2770029435045017
4.023318688746199,3.529214289518826,3.0,0.008935347758173062,1.0,0.2857365930806383
3.9705981750591417,3.3280908327682166,3.0,0.005485779329188367,2.0,0.2992006011027752
4.001351808043259,3.5225337758038444,3.0,0.008976192680710149,1.0,0.287598118137669
3.980736735383576,3.4285987841707963,3.0,0.0052509195092885754,1.0,0.2892837624161644
3.9449138222372415,3.3659337919306918,3.0,0.005633775439917721,1.0,0.2923067656129529
4.054072321730314,3.5760150851651256,3.0,0.009098768363538734,1.0,0.2832799735328444
3.918553565393714,3.3150129794859247,3.0,0.014726598522709966,1.0,0.29467186826218195
4.068942210206152,3.56070020326322,3.0,0.005192654674706643,2.0,0.2863285038463232
4.033119297059819,3.4948305525504755,3.0,0.005286492872207393,1.0,0.2849453897477796
3.964852990875296,3.3147567439244634,3.0,0.005558996447380393,2.0,0.29437134565168016
3.986143967556607,3.4667557414619976,3.0,0.011225020508330352,1.0,0.2887933512611275
3.9695843190266986,3.5181786677858082,3.0,0.007908701894410397,2.0,0.286062095598287
3.9915511997296393,3.5388439189268572,3.0,0.006641630139872234,1.0,0.2884021317521802
4.031429537005745,3.4815245022989036,3.0,0.009557897818004979,1.0,0.2850648236440607
4.05677593781683,3.6606869773047115,3.0,0.013124448515373088,1.0,0.2829948936292069
4.0817843866171,3.5101459748272137,3.0,0.0067750426781645326,1.0,0.28106962943989083
3.910442717134167,3.253368925904877,3.0,0.01324128889454379,1.0,0.2953829549628382
3.9881716796214937,3.4902745199577088,3.0,0.007664329757926858,1.0,0.2886465196275739
4.002027712064887,3.647902721594167,3.0,0.009307020401911005,3.0,0.2700734996969083
4.012842176410951,3.4396998382299917,3.0,0.005568901328429909,1.0,0.2865799225197912
4.0084488002703615,3.496379084848439,3.0,0.0050271302092752546,1.0,0.2869914728416661
4.024332544778641,3.355184840141603,3.0,0.009494284653648431,1.0,0.2856646070393853
4.0101385603244335,3.4955529051356558,3.0,0.007498326778470509,3.0,0.2790841778430789
3.9841162554917204,3.3914516648082547,3.0,0.00483491041425832,2.0,0.292144579606036
4.1071307874281855,3.4812799977264413,3.0,0.0065381981178413975,5.0,0.28858440542420033
4.0,3.4341190092047693,3.0,0.006853174116599914,1.0,0.2876953125000001
3.9918891517404527,3.3876405649623003,3.0,0.006423140223622671,5.0,0.3024466894826905
3.9587698546806354,3.4225348036230643,3.0,0.00874440525181952,3.0,0.2976684631870905
4.036836769178777,3.4118546090043105,3.0,0.006286772198355882,3.0,0.29472866015124666
3.9452517742480566,3.3346183007508765,3.0,0.006022995006585208,1.0,0.29228172648620865
3.9165258533288263,3.4348265977480685,3.0,0.009648794277594576,1.0,0.29482442941582554
4.060831361946604,3.558949343674055,3.0,0.009689642489109362,3.0,0.27602792808894583
3.922271037512673,3.35709174751392,3.0,0.00624072812534604,4.0,0.2981079515553735
4.0307536329841165,3.3989144749128903,3.0,0.004215427577458186,2.0,0.29543563254750466
3.9874957755998652,3.504958942625255,3.0,0.009617676073713666,1.0,0.288695446912874
4.065562690098006,3.4952427882394344,3.0,0.004405455989993756,1.0,0.28228718568162925
3.9537005745184177,3.431690224381653,3.0,0.0049700338851469406,1.0,0.2915583396550988
3.934437309901994,3.532176282838285,3.0,0.015409024093415826,4.0,0.2755654137659172
4.023656640757013,3.4942304609276547,3.0,0.0072149747303948955,1.0,0.28571259370275504
3.9783710713078735,3.4427002647236837,3.0,0.0058523789322230116,1.0,0.2894557796041454
3.970260223048326,3.4775086203593064,3.0,0.007819075622156335,1.0,0.2901454968398876
4.1013856032443385,3.5823524642960085,3.0,0.007967872283499822,1.0,0.27944062345501003
3.9898614396755665,3.39958527991689,3.0,0.011795414316143836,1.0,0.28852427393909874
4.090909090909091,3.5224642599326237,3.0,0.010802882022094841,1.0,0.2803472222222223
4.0770530584656965,3.5333792813514493,3.0,0.009253040009119308,3.0,0.2812390672567027
4.171003717472119,3.6951907456163036,3.0,0.009523636597676409,1.0,0.2741209196746882
3.980736735383576,3.4561855640134818,3.0,0.010048339392784378,1.0,0.2892837624161644
4.063534978033119,3.4719975455705683,3.0,0.008421080920591795,9.0,0.28458837126600234
4.013518080432578,3.6439851358675095,3.0,0.010911155503901204,1.0,0.2865316604917481
4.0253464008110855,3.4573195013600264,3.0,0.006361092417613623,1.0,0.28559265726009564
3.9388306860425817,3.3877464595816718,3.0,0.00741335252810016,1.0,0.2928573774667526
4.03785062521122,3.4092176073324265,3.0,0.007147944482012725,3.0,0.2905836587258579
3.9891855356539367,3.3620978428777337,3.0,0.007436474023904904,1.0,0.2885731597869368
4.099357891179452,3.448005569342375,3.0,0.006520147259935438,3.0,0.2878714781937476
3.870226427847246,3.325435628362446,3.0,0.0060356968792554255,1.0,0.29890652628907616
3.980736735383576,3.4612664823760517,3.0,0.007575661431646119,1.0,0.2892837624161644
4.022642784724569,3.419497745355478,3.0,0.008658628306687288,1.0,0.2857846039338823
4.015207840486652,3.502247414746525,3.0,0.00701692745720528,1.0,0.2864110765087114
4.0138560324433925,3.5054359323184987,3.0,0.0067968477246630465,2.0,0.2820769576957695
3.947279486312944,3.3584833595637567,3.0,0.006939374034992452,2.0,0.2999520478553869
4.0101385603244335,3.4702275376345524,3.0,0.008236226394410462,1.0,0.2868705426744481
3.9611355187563366,3.4919175050876574,3.0,0.004572213754541199,1.0,0.29091247813753096
4.0959783710713085,3.5711633802843483,3.0,0.00905555699583549,1.0,0.27990488990305284
4.03785062521122,3.5369798804268338,3.0,0.004824515843575017,2.0,0.2793408639870306
4.092260898952349,3.5481438857035217,3.0,0.007721344078857163,1.0,0.2801591597675284
3.995606623859412,3.485641037031337,3.0,0.005967980922931881,1.0,0.28801164837604665
4.030077728962487,3.499641418512629,3.0,0.005073554780967937,1.0,0.28516044287211745
3.904359580939506,3.270498242899959,3.0,0.009792799274173314,3.0,0.3048573352079686
4.0456235214599525,3.5476213215471497,3.0,0.009176479234074664,1.0,0.283968124791162
3.9912132477188234,3.4236603710171414,3.0,0.004232604000315554,2.0,0.2907027443837966
4.008110848259546,3.4497211949606967,3.0,0.006740101924351483,2.0,0.29017180068204285
4.056437985806015,3.5768762275579906,3.0,0.00947449569691683,4.0,0.2746494731475185
4.009462656302805,3.4103065783452178,3.0,0.007060317650838033,1.0,0.2869189025096932
4.0473132815140245,3.4548884478987367,3.0,0.008380886436045731,1.0,0.2837530529809619
4.083474146671174,3.4897804688511083,3.0,0.006371508944325255,3.0,0.2868024065777972
4.016897600540723,3.5068202327228466,3.0,0.005969067714508197,2.0,0.2835501639565178
3.9641770868536663,3.4639163845124368,3.0,0.009025179116883386,1.0,0.2906892716325661
4.053396417708686,3.548512978926432,3.0,0.008110039322683726,1.0,0.2833272104802401
3.890165596485299,3.301627596355233,3.0,0.01096733564015806,1.0,0.2971234376357398
3.957755998648192,3.4489331801372116,3.0,0.007097678518225514,1.0,0.2912595863397661
4.019939168638054,3.615324653724069,3.0,0.009056861818377115,1.0,0.2860739806641447
4.02196688070294,3.418810268820436,3.0,0.007989803700330478,1.0,0.285832630923872
3.9493071983778303,3.4465157959970245,3.0,0.007546432323004337,1.0,0.2919815912202636
4.222034471105103,3.8201863004598353,3.0,0.010805338789804941,1.0,0.2703450807452174
3.9678945589726258,3.4730629517298914,3.0,0.00779314566234035,1.0,0.2904169283919599
4.051030753632984,3.4745876245383815,3.0,0.006404733520212314,1.0,0.2834926639275881
4.093612706995606,3.617999260398871,3.0,0.007043869281476711,1.0,0.28006664456575586
3.952010814464346,3.3724118553472215,3.0,0.013512090876610094,1.0,0.2917818432529501
4.0138560324433925,3.4496539199135117,3.0,0.00652442499036715,4.0,0.29285359235254177
3.899628252788103,3.447437082384293,3.0,8.215650382226158e-14,33.0,1.098600746268659
3.922271037512673,3.3893518696338654,3.0,0.007216478223616041,1.0,0.29429299096372563
4.092598850963164,3.64394658440293,3.0,0.006737663545402062,1.0,0.2801360252374071
3.9756674552213584,3.382271337039038,3.0,0.007783644830559266,2.0,0.2932270442814455
4.030077728962487,3.434331720098935,3.0,0.008796417950969526,2.0,0.2891010854060799
4.0817843866171,3.618332662052275,3.0,0.00403942166789828,1.0,0.28106962943989083
4.003717472118959,3.5420020719737595,3.0,0.011294213010282215,1.0,0.2873306203574745
4.082798242649544,3.5737162634881714,3.0,0.005606635605390986,2.0,0.2771723300970875
3.9591078066914505,3.3139260903054737,3.0,0.006671377144315094,2.0,0.29717310575088585
4.040892193308549,3.483270113103689,3.0,0.0071159478710192126,1.0,0.2843006123505061
4.0307536329841165,3.4541461839193444,3.0,0.006110762937595937,1.0,0.2851126252410497
4.101047651233524,3.6349467257881134,3.0,0.00920625828448718,2.0,0.2745219400870023
3.905035484961136,3.300143625008213,3.0,0.00896400677816156,1.0,0.2958419819612723
4.059141601892532,3.5265923695568837,3.0,0.008304064839035563,1.0,0.2828299644596621
4.032781345049003,3.5366960660642266,3.0,0.007932076228846063,1.0,0.28496926852007043
4.018249408583982,3.5329288878362326,3.0,0.00491266769791321,2.0,0.2835514463227374
4.03176748901656,3.501509057965148,3.0,0.011601822695663677,2.0,0.2902881811503876
4.042919905373437,3.5612512834145846,3.0,0.010490150604559934,6.0,0.27177369558505704
4.001689760054072,3.575431142923844,3.0,0.010908485661917156,1.0,0.28757382980744883
4.092260898952349,3.5599349899032258,3.0,0.0070454400572282925,1.0,0.2801591597675284
4.116255491720176,3.655307571277436,3.0,0.004761045832202854,1.0,0.27833625179597704
4.052044609665429,3.522725196747316,3.0,0.006988926906025927,1.0,0.2834217316513761
4.03480905711389,3.4976656468363148,3.0,0.007676998596959472,1.0,0.2848260558882655
4.014869888475837,3.4756598603704822,3.0,0.010674966118119687,3.0,0.2849894036287928
3.979722879351132,3.5041993526813746,3.0,0.00951084923511053,2.0,0.2938768065788283
3.931395741804664,3.357642910237565,3.0,0.010933661361756664,1.0,0.2935105814278347
3.975329503210544,3.4703981154911974,3.0,0.009967325052370912,2.0,0.2946696707311558
3.988509631632308,3.5592607447089044,3.0,0.011083470606543022,3.0,0.2796969871132721
3.98783372761068,3.522321138516016,3.0,0.005764261256071657,1.0,0.28867098119703405
4.0439337614058815,3.6018605369752,3.0,0.006910749737202737,1.0,0.2840867810358516
4.193308550185874,3.687131678779441,3.0,0.010338446847107718,1.0,0.2724765209441489
4.0047313281514025,3.4114063168934914,3.0,0.009698180630402065,4.0,0.29493842503671897
4.037174721189591,3.4562837740002514,3.0,0.010239815181398606,1.0,0.2846591563075508
4.013518080432578,3.3931057109864105,3.0,0.008031356349085583,1.0,0.2865316604917481
4.0162216965190956,3.4841029096479916,3.0,0.010055794014949935,2.0,0.28107535772138226
4.0138560324433925,3.442200380792911,3.0,0.00843443056071358,5.0,0.2911681040136411
3.931395741804664,3.3077516735733283,3.0,0.008099129839471697,5.0,0.31114663477833604
4.204460966542751,3.710880265807343,3.0,0.009409365366460531,1.0,0.27156795700707337
3.845893883068604,3.2987820015434623,3.0,0.009080036261925441,1.0,0.3011531675637083
4.042581953362623,3.528795018102137,3.0,0.007390411447320887,2.0,0.2782763279155497
3.9871578235890506,3.5694013344271527,3.0,0.011097030904837296,3.0,0.2790882918980316
3.99695843190267,3.457215572587089,3.0,0.01127983534607846,1.0,0.2879142401919338
4.098344035147009,3.5000305065909534,3.0,0.007957528643044666,1.0,0.2797433219778181
4.000675904021629,3.3739554050740166,3.0,0.012376294093835892,1.0,0.2876467071084642
3.9925650557620815,3.4873321870411904,3.0,0.008882455876944695,4.0,0.28315434801582706
3.9246367015883754,3.3232004704548643,3.0,0.009411310314408228,3.0,0.3019680416581583
3.9651909428861103,3.4271945193471014,3.0,0.007418508662327961,2.0,0.28655722513686144
3.9979722879351134,3.4601964868369293,3.0,0.007187483975709895,1.0,0.2878412272823332
4.071983778303482,3.5103124980748324,3.0,0.005927608456882338,1.0,0.281842048613993
4.029401824940859,3.582015554308013,3.0,0.008468812858353771,3.0,0.2792424289631106
4.001689760054072,3.3994508607290634,3.0,0.006125070165873436,2.0,0.2907999963476584
3.972625887124028,3.568609278905067,3.0,0.007360291331167557,1.0,0.28997271772649946
4.0550861777627585,3.412203065132078,3.0,0.014869743177636284,4.0,0.2972184835861381
4.137884420412301,3.6445547097368256,3.0,0.009072109226519244,1.0,0.2765981679802353
4.027712064886786,3.4603791111176587,3.0,0.007783760283185614,3.0,0.28389003027681703
3.9307198377830352,3.4832092569245217,3.0,0.006072803312399788,2.0,0.2890810789012812
4.1311253801960115,3.5504914649397947,3.0,0.008130783440260636,2.0,0.2805921159599377
4.003717472118959,3.5053649370078657,3.0,0.005593376347229896,4.0,0.2868861543909354
4.035147009124703,3.510730170519569,3.0,0.005070586454817172,1.0,0.2848022011097153
4.251098344035147,3.6829592115165295,3.0,0.007794102615764188,5.0,0.2708718903977884
3.9080770530584656,3.3533082512536208,3.0,0.006739610496846239,1.0,0.2955617582043412
4.041230145319365,3.5590404819990398,3.0,0.00775157681985783,2.0,0.27855462813980536
3.8948969246367016,3.3890622300935167,3.0,0.006093712018523267,1.0,0.2967123610357918
4.041568097330178,3.4678013504467526,3.0,0.00656498391727256,1.0,0.2842530664666777
3.968908415005069,3.3821160357699327,3.0,0.00609432221709183,2.0,0.2952316199800561
3.9645150388644814,3.4711807309825518,3.0,0.006144982279939204,5.0,0.28808360705188363
4.051368705643799,3.4634280047397543,3.0,0.00738167607363882,1.0,0.2834690158908909
4.01588374450828,3.492678261883009,3.0,0.0060157015781255865,1.0,0.2863628713287891
4.069280162216965,3.4898005961652654,3.0,0.007212986788261433,1.0,0.28202930352545474
4.10679283541737,3.4184485206908937,3.0,0.01364999533812461,6.0,0.31148416862342315
3.9871578235890506,3.4394050742903985,3.0,0.007869011173273877,3.0,0.2946300179748355
4.011828320378506,3.4508368689212627,3.0,0.006127454337190086,1.0,0.2866523460534074
3.995606623859412,3.4558453102560085,3.0,0.010480787518903469,1.0,0.28801164837604665
4.096992227103751,3.604902749871744,3.0,0.006779835311877425,1.0,0.2798356236595728
4.023994592767827,3.4905993768167405,3.0,0.009524831896718156,1.0,0.2856885983560091
4.078404866508956,3.437453987942137,3.0,0.009526784985633864,1.0,0.2813025343366755
4.0064210882054745,3.5202728664383183,3.0,0.010940222764751595,1.0,0.28713672369253496
3.9949307198377833,3.3916843600948763,3.0,0.007795117275304353,1.0,0.2880603771889011
4.102737411287597,3.562542533471619,3.0,0.015228469108964469,1.0,0.2793485507619439
4.003041568097331,3.4690234795913057,3.0,0.007325762043660976,2.0,0.2924112703676273
4.0435958093950655,3.5099133561510807,3.0,0.012408747728318237,1.0,0.2841105241851233
4.001689760054072,3.3977604074071905,3.0,0.0072753150387546706,8.0,0.31339792561003155
4.099357891179452,3.6061974357937463,3.0,0.008142264620872836,1.0,0.2796741356657049
3.9395065900642114,3.3370011650896827,3.0,0.01033475069222789,1.0,0.2928071317127048
4.01588374450828,3.420425173724216,3.0,0.010759658949011984,3.0,0.2972394082979145
4.040216289286922,3.58662484095728,3.0,0.008186843678122613,3.0,0.2760226841601157
3.934775261912809,3.397333687322697,3.0,0.007868856186068224,2.0,0.2955041233036861
4.063197026022305,3.5227826145179124,3.0,0.009546247896041192,6.0,0.2751189369362247
3.941872254139912,3.2985911576689624,3.0,0.014555636991686603,1.0,0.29263140726808995
4.050354849611355,3.625204525230157,3.0,0.01017698448418092,3.0,0.27605862738790504
4.016897600540723,3.4018440777652468,3.0,0.009276755009314908,1.0,0.2862905939761064
3.9756674552213584,3.4069610497802607,3.0,0.008173934675594796,3.0,0.29811645827046884
3.9881716796214937,3.425575537387501,3.0,0.00652965469628064,1.0,0.2886465196275739
4.050016897600541,3.4349355929326406,3.0,0.008050864523594825,4.0,0.2940128663169319
4.0773910104765125,3.45341603015387,3.0,0.009738931782341198,1.0,0.28137248109200164
4.049340993578912,3.492607759364976,3.0,0.007857006717200354,6.0,0.28571189071122044
3.94018249408584,3.363743845802388,3.0,0.0052968365117613825,2.0,0.2954941910351457
4.0162216965190956,3.5463055405607005,3.0,0.007533038824578675,1.0,0.28633877482329184
4.026022304832714,3.5206625291718785,3.0,0.01079173284388768,1.0,0.2855447108725763
3.9945927678269686,3.41892598806861,3.0,0.004417187860548788,2.0,0.29093484608713266
3.9428861101723554,3.451657538189328,3.0,0.007702756634659358,1.0,0.2925561613418187
4.058803649881717,3.5017384841333823,3.0,0.009279281177652532,1.0,0.28285351399875114
3.846569787090233,3.220747557704988,3.0,0.006008812644020256,3.0,0.3048355110625332
3.9547144305508617,3.3945233376712163,3.0,0.0094044068161514,1.0,0.2914835938835241
4.012504224400135,3.4787306879991884,3.0,0.008912403294198068,1.0,0.2866040596310957
3.9151740452855694,3.4081244345427044,3.0,0.011598960018893822,3.0,0.28834497991837377
4.0216289286921265,3.4643267602102026,3.0,0.004570812067409114,2.0,0.2893109049566458
3.970936127069956,3.413563611271169,3.0,0.004509191463713314,1.0,0.2900961103723404
4.041568097330178,3.414473652324149,3.0,0.008051321634462538,1.0,0.2842530664666777
4.000675904021629,3.4270260902097056,3.0,0.008696951510083983,3.0,0.2881799623115581
4.014869888475837,3.5131840579996068,3.0,0.008355584177853205,3.0,0.2799343093093096
4.080432578573842,3.532443033342775,3.0,0.011144687753602778,3.0,0.2739495121502204
4.067590402162893,3.562623834175436,3.0,0.005370437650738857,1.0,0.2821464642530741
3.9972963839134836,3.4503174090814275,3.0,0.008700850632866075,1.0,0.2878898984401421
3.9827644474484623,3.4982794490081037,3.0,0.005593191875476604,3.0,0.2824833761487576
4.062859074011491,3.4985782953397604,3.0,0.007278904972880641,1.0,0.28257117810056565
3.932409597837107,3.371975729083573,3.0,0.013086560151915505,5.0,0.2997257325371476
3.933085501858736,3.2921687023768658,3.0,0.0082355718831007,1.0,0.29338448133270323
3.9912132477188234,3.46760080426842,3.0,0.006285376413074696,1.0,0.28842655191574945
4.032781345049003,3.590090949807716,3.0,0.008540259802806593,4.0,0.2737828242134259
4.052720513687056,3.490525756588277,3.0,0.0073805135184424895,1.0,0.2833744631837892
3.9584319026698207,3.4085299002822427,3.0,0.006424266647184096,1.0,0.29120985363485025
4.012842176410951,3.3645022860367217,3.0,0.009644308704411577,1.0,0.2865799225197912
4.033119297059819,3.4139226653738275,3.0,0.006211846553084599,1.0,0.2849453897477796
4.039540385265292,3.4709421774931903,3.0,0.007477424073249028,1.0,0.2843957518509998
4.063534978033119,3.50416425009286,3.0,0.00969018700512092,5.0,0.2877328951665583
3.963501182832038,3.505321505023596,3.0,0.009867879096690513,4.0,0.2790483455882351
3.9499831023994587,3.4026110433787244,3.0,0.008229538390557567,1.0,0.29193162859342897
3.9141601892531264,3.3988148088398225,3.0,0.00687278929543661,2.0,0.2895902835696412
3.9580939506590074,3.3720920733213955,3.0,0.005007044956687912,1.0,0.2912347178641565
4.2095302467049684,3.5974386915207788,3.0,0.007979221527907532,4.0,0.2808295039181657
4.023656640757013,3.450727085181696,3.0,0.005527480755599834,3.0,0.29030966832463345
4.077728962487327,3.595372826041628,3.0,0.0075266994785734296,1.0,0.2813491616422177
3.950996958431903,3.449921489375748,3.0,0.009328325177941577,5.0,0.2842600412912916
4.007772896248733,3.541232108656002,3.0,0.007943483144652208,3.0,0.2849848271554294
4.0625211220006765,3.573088250515452,3.0,8.215650382226158e-14,33.0,1.098600746268659
3.973639743156472,3.498947067997108,3.0,0.007798191381313824,1.0,0.2898987325119068
3.9912132477188234,3.482383199627891,3.0,0.008423724100717013,1.0,0.28842655191574945
3.96823251098344,3.4064038183968526,3.0,0.006372373177387257,1.0,0.2903921952180208
3.9567421426157487,3.439451795910058,3.0,0.0060862325377757385,1.0,0.2913342172552956
3.99695843190267,3.4837998382862594,3.0,0.00633147061469691,1.0,0.2879142401919338
4.0047313281514025,3.497304217526839,3.0,0.007384314987870455,1.0,0.28725787842827016
3.8482595471443055,3.241275941954308,3.0,0.0057554559068661035,1.0,0.3009172843758232
4.032443393038188,3.5077708083659687,3.0,0.0054834127717733605,1.0,0.28499315129483743
4.0216289286921265,3.5627250407005753,3.0,0.0073375729936219205,2.0,0.2821126784271476
4.012504224400135,3.505441014993248,3.0,0.011159307630606241,1.0,0.2866040596310957
4.14836093274755,3.717093747065815,3.0,0.010681881530506088,1.0,0.2758054671588596
4.067252450152078,3.5112726670856,3.0,0.007500334399214936,1.0,0.28216990808059816
4.028387968908415,3.5731914300542797,3.0,0.009572230130454941,1.0,0.28537702522021824
3.92734031767489,3.2899417704713705,3.0,0.010331352669877504,3.0,0.3069803248397107
3.980398783372761,3.440453883297109,3.0,0.00785828710782588,1.0,0.28930832378162674
3.999662047989185,3.5068127419803847,3.0,0.005808554531850918,1.0,0.287719621356147
3.9871578235890506,3.4155436597737023,3.0,0.008453454175131492,1.0,0.28871991677614844
4.084150050692801,3.5255091568353465,3.0,0.0060871119420654604,2.0,0.2850110303801917
4.002027712064887,3.448750347153015,3.0,0.006317546021547993,2.0,0.284390333141581
3.992903007772896,3.34886355523472,3.0,0.008155077986438941,1.0,0.2883044924354634
4.052044609665429,3.496823505694881,3.0,0.004077244778957878,1.0,0.2834217316513761
4.045961473470767,3.5079087606147277,3.0,0.004123746532121443,1.0,0.2839444054355996
3.896586684690774,3.4390534629496257,3.0,0.007698942494909322,3.0,0.2898988157209793
4.031091584994932,3.5316911009464547,3.0,0.006424027434634438,1.0,0.2850887224387995
4.002027712064887,3.5510084927937124,3.0,0.005315334159365359,3.0,0.27831887536538713
4.115241635687732,3.6386133992900698,3.0,0.007699961264009071,1.0,0.27840482441282755
3.9638391348428517,3.466204860699864,3.0,0.005753592728542256,1.0,0.2907140554395089
4.141939844542075,3.5199611960446564,3.0,0.0075194898396697685,1.0,0.2763273473196802
4.077728962487327,3.497893072138165,3.0,0.013010571805080362,3.0,0.27879019309683417
3.9722879351132137,3.3822453358014934,3.0,0.008064572036317191,2.0,0.2923142476074925
4.01892531260561,3.4197674071182287,3.0,0.007918060304924535,3.0,0.29016523885783496
3.9442379182156135,3.5159944132386656,3.0,0.007063794183549077,1.0,0.29235685673892564
4.008110848259546,3.5349749314551224,3.0,0.009039661518010831,1.0,0.2870156711108769
3.9722879351132137,3.3783462307329346,3.0,0.0068890498698706,1.0,0.2899973878573252
3.9374788779993235,3.414352229410214,3.0,0.006643444304554325,1.0,0.2929579207256887
4.067590402162893,3.56214950047394,3.0,0.012630131629287169,3.0,0.2904979347138411
3.995606623859412,3.4706777752632183,3.0,0.00439765132424319,1.0,0.28801164837604665
4.0584656978709015,3.4602403201838845,3.0,0.005407350271595779,2.0,0.28686263901786524
4.0381885772220345,3.542752202772783,3.0,0.009909655111821014,3.0,0.2768586408562632
3.8942210206150727,3.275452298415159,3.0,0.009034638625157744,5.0,0.30420270102287306
4.025684352821899,3.5030063846237787,3.0,0.0059099701188901075,1.0,0.28556868205381136
3.9729638391348434,3.4764615287349545,3.0,0.005715243284511673,1.0,0.2899480517927016
4.123352483947279,3.5209975248370307,3.0,0.0075864327097801,5.0,0.2865011515247777
4.029401824940859,3.4546471163672545,3.0,0.00922228790866486,4.0,0.2853550280084165
4.012504224400135,3.4544561219158223,3.0,0.007106914328223191,1.0,0.2866040596310957
4.114227779655288,3.4961182070838963,3.0,0.008876291795334001,4.0,0.2907613852793386
3.973639743156472,3.33111053013299,3.0,0.008768398594676818,1.0,0.2898987325119068
3.989523487664752,3.5376923352916583,3.0,0.007147157406410031,1.0,0.2885487147924608
3.9868198715782364,3.449950456613748,3.0,0.00814677194203653,1.0,0.28874439078791225
3.8536667793173365,3.3240873199715555,3.0,0.010772972910199352,4.0,0.29098145253203545
3.9645150388644814,3.4150371252407807,3.0,0.008172236581915127,1.0,0.2906644920509761
3.8877999324095978,3.390180718637571,3.0,0.0101981008698232,1.0,0.2973544697768169
4.026360256843528,3.5733961181898786,3.0,0.009815769808120628,4.0,0.27441072572608216
3.9611355187563366,3.3922625606494914,3.0,0.006790297140247203,1.0,0.29091247813753096
4.04697532950321,3.548651407149248,3.0,0.007718619687836048,6.0,0.27051114800759063
3.870226427847246,3.379768392366602,3.0,0.005543706174062746,2.0,0.29549023327629864
3.9300439337614064,3.4541617244640537,3.0,0.014633862466297609,1.0,0.2936115395777797
4.024332544778641,3.432556297618687,3.0,0.0072333942002871235,1.0,0.2856646070393853
4.070631970260223,3.4678184435984067,3.0,0.004743147604581055,1.0,0.28193564497716905
3.9881716796214937,3.542842887357136,3.0,0.010017307216255269,1.0,0.2886465196275739
4.018587360594797,3.56041744570598,3.0,0.008856284734833075,4.0,0.2776235549132945
4.023656640757013,3.452978889148328,3.0,0.009555382072110484,1.0,0.28571259370275504
4.011828320378506,3.418662674326563,3.0,0.013388389739071638,6.0,0.3061295795368265
3.929368029739777,3.39324408396864,3.0,0.004173880529184215,1.0,0.2936620447019868
3.9678945589726258,3.4004924788501727,3.0,0.00709293016599133,2.0,0.2952072186451439
4.04697532950321,3.5454119750357576,3.0,0.011447090597218379,6.0,0.28962320574162725
3.9283541737073335,3.4054015044977297,3.0,0.0065611861348015,1.0,0.2937378349750517
3.988509631632308,3.417427916015352,3.0,0.004840628740498842,1.0,0.2886220622034401
4.174383237580264,3.637884950203724,3.0,0.009390117758646621,5.0,0.28065284201557983
4.0496789455897275,3.491973957613129,3.0,0.003560632246077167,1.0,0.283587295543687
3.979722879351132,3.452510994019566,3.0,0.007374860786073635,2.0,0.2855448521395477
3.9046975329503213,3.3313733245018384,3.0,0.006788740907703207,1.0,0.2958675871180976
3.9915511997296393,3.50872945946736,3.0,0.010262950407179505,1.0,0.2884021317521802
4.034133153092261,3.5995734300773727,3.0,0.006357642965265531,1.0,0.2848737774357041
4.175059141601893,3.684651145003445,3.0,0.012263695518429762,3.0,0.2675023287474928
3.957755998648192,3.3983933294981274,3.0,0.002699379980297456,2.0,0.29382954804189465
4.067928354173708,3.5219269895575547,3.0,0.006658387982135694,1.0,0.282123024320844
4.1497127407908065,3.657187124001548,3.0,0.008189717974727534,4.0,0.2705618619022031
4.066238594119635,3.519223375278602,3.0,0.00483170655056131,2.0,0.2845658265238515
3.986143967556607,3.3497505318213747,3.0,0.006815555282599306,5.0,0.3026156035295708
4.009800608313619,3.4916361119407164,3.0,0.010747089426658809,1.0,0.2868947205541509
4.126732004055424,3.6264152123675033,3.0,0.009652238053163896,1.0,0.2775349838260585
4.015207840486652,3.5133269014690387,3.0,0.00959313547673668,3.0,0.2800465458876631
3.9979722879351134,3.5348880514434664,3.0,0.007682404500126583,1.0,0.2878412272823332
4.04765123352484,3.541110903837826,3.0,0.006009097402254525,1.0,0.2837293614845119
4.096316323082123,3.5244307312949674,3.0,0.006786280221677377,2.0,0.2757420844327177
3.951334910442717,3.5148020041613766,3.0,0.008084629094489926,2.0,0.28762989819988993
3.9763433592429873,3.354081514120015,3.0,0.007527423398785205,2.0,0.295454799107143
3.9374788779993235,3.4126691574353947,3.0,0.007260579010278434,3.0,0.29787122483221473
3.9783710713078735,3.3957518611427986,3.0,0.005709664745496501,1.0,0.2894557796041454
4.034471105103076,3.484649092738024,3.0,0.009807469418523508,1.0,0.2848499146632601
4.062859074011491,3.395238909093964,3.0,0.0114999467041631,2.0,0.2875800698490465
4.0253464008110855,3.477008879317593,3.0,0.005649819735647821,1.0,0.28559265726009564
4.151740452855695,3.6418240259677814,3.0,0.0042390402585175116,1.0,0.2755809612840863
3.9080770530584656,3.410666377167462,3.0,0.007828617382375945,1.0,0.2955617582043412
3.9787090233186886,3.4785908563016545,3.0,0.01344875003700996,1.0,0.2894311931962966
3.9276782696857047,3.486590114781728,3.0,0.011592643224757393,1.0,0.2938878379904494
4.0361608651571474,3.4871041712271214,3.0,0.01296938686912652,1.0,0.2847306607426945
3.9770192632646166,3.4209282395636422,3.0,0.00805894021357989,2.0,0.29369697878020096
3.970936127069956,3.5345779282823933,3.0,0.0060947647355188974,2.0,0.28833583018739184
4.201757350456234,3.6693588371394927,3.0,0.007828539307796367,3.0,0.26834420043714585
4.0162216965190956,3.4558589263373025,3.0,0.004526518091148124,2.0,0.2900640272556394
4.040216289286922,3.409537458091054,3.0,0.011580464768219391,4.0,0.2964416756314968
3.9297059817505913,3.362888069657536,3.0,0.005382135523320814,1.0,0.2936367899681803
3.9574180466373776,3.38558634332313,3.0,0.0052177495775639895,2.0,0.2967281693262412
4.049003041568097,3.5093605605713254,3.0,0.007577521957292888,1.0,0.283634635047158
3.960121662723893,3.429160202521815,3.0,0.006639686967607084,1.0,0.2910855961448199
4.030415680973301,3.4181029399727296,3.0,0.012243758270077731,3.0,0.29415935018625616
4.01892531260561,3.460047653957384,3.0,0.007868133007930683,2.0,0.2825728333857348
4.0736735383575535,3.6490120125876273,3.0,0.012634816648868008,6.0,0.2730430350759609
3.8475836431226766,3.285155621314088,3.0,0.005223609432855936,1.0,0.3009701464371981
4.022304832713755,3.528981439023483,3.0,0.0042380592633612935,3.0,0.2852894404992072
4.04697532950321,3.6212391395924977,3.0,0.009151080395151669,3.0,0.2731271404109588
4.125380196012166,3.6590258828521622,3.0,0.004863921119491965,1.0,0.27762592672237235
3.952686718485975,3.3915076006900486,3.0,0.0072258035052071845,1.0,0.2916331237709474
4.028387968908415,3.4288803542086588,3.0,0.007909303301883221,1.0,0.28537702522021824
3.906725245015208,3.2723743653547377,3.0,0.005589042435253544,2.0,0.3029608143607706
3.954038526529233,3.4484446655790566,3.0,0.011420123945625749,1.0,0.291533420138889
4.029739776951674,3.4798402120201413,3.0,0.00905710770753218,1.0,0.28518435770295203
4.0162216965190956,3.4732221113247514,3.0,0.007904296351907258,4.0,0.2919338908450709
3.890841500506928,3.4243498088844846,3.0,0.006769571022602561,2.0,0.2923227359634397
4.026022304832714,3.526608951054245,3.0,0.014440325327177097,1.0,0.2855447108725763
4.049003041568097,3.460777893661682,3.0,0.005524249685973981,2.0,0.28686090256831104
4.055424129773572,3.666334813418095,3.0,0.010407891112375278,1.0,0.28308922526041674
3.9898614396755665,3.385739124094055,3.0,0.006726134153926866,1.0,0.28852427393909874
3.9476174383237583,3.406496422815532,3.0,0.006465723271733781,1.0,0.2921065726393288
3.965866846907739,3.427102707497737,3.0,0.003964252939508861,3.0,0.2948900025214327
4.042244001351809,3.4768446372015607,3.0,0.003950570231627815,2.0,0.2865771592930192
3.9888475836431225,3.457883126746184,3.0,0.00436098665724316,1.0,0.2885976089235788
3.998986143967557,3.4110627013332873,3.0,0.007122875776748304,1.0,0.2877682513944054
3.979722879351132,3.517963527159641,3.0,0.008455585622230366,2.0,0.28716078235614456
4.122338627914837,3.6295934254631335,3.0,0.0071966033405461705,1.0,0.27783076631414994
3.9800608313619463,3.5246356264307024,3.0,0.005546648820902389,1.0,0.2893328893181624
3.983102399459277,3.5280537033064445,3.0,0.00635154916884606,2.0,0.28201093011094946
4.055424129773572,3.3724982813779123,3.0,0.014364218115687,1.0,0.28308922526041674
4.019939168638054,3.5518571121694618,3.0,0.006353245731861411,1.0,0.2860739806641447
3.9442379182156135,3.4004849889920283,3.0,0.007063094470440123,1.0,0.29235685673892564
3.8455559310577896,3.3194470899430217,3.0,0.004180068160288486,1.0,0.3011796332608315
4.068942210206152,3.527324698684346,3.0,0.00733938092127423,1.0,0.28205272788621266
4.0280500168976,3.464427047095865,3.0,0.00813134772693469,3.0,0.29127487301509025
4.117269347752619,3.5768163573090286,3.0,0.0068181723531201,1.0,0.27826771295042285
3.8746198039878337,3.229033754639936,3.0,0.008072784334238414,2.0,0.30518506236619225
3.934775261912809,3.420729385982185,3.0,0.006630024849729965,1.0,0.29325848954307304
4.1368705643798585,3.5474654033422452,3.0,0.009106374312332188,1.0,0.27676038135160513
4.0162216965190956,3.5375273591905487,3.0,0.005299664689059735,3.0,0.2854383745162253
3.9793849273403175,3.4195105709692597,3.0,0.006858446189751732,1.0,0.28938203290870496
4.005407232173032,3.3824544543797046,3.0,0.007401312744537591,1.0,0.2872094042672123
4.008110848259546,3.403266890617577,3.0,0.002520973268554161,2.0,0.2911068257242801
3.9452517742480566,3.2796406583749844,3.0,0.013451828452954506,1.0,0.29228172648620865
4.01892531260561,3.4306207253450967,3.0,0.005233484892170681,1.0,0.2861461486713757
4.023994592767827,3.464457508415313,3.0,0.0054946039064592824,1.0,0.2856885983560091
3.9327475498479214,3.334034796428869,3.0,0.00942238931701389,5.0,0.2988699949993101
4.0868536667793185,3.597278392187844,3.0,0.007129024805885231,1.0,0.2806254134623337
4.028387968908415,3.53133108420842,3.0,0.004906130116202112,1.0,0.28537702522021824
4.040892193308549,3.6660187062602536,3.0,0.010870120872013613,5.0,0.26829422784893764
4.042244001351809,3.3963043499549865,3.0,0.01221315775384646,2.0,0.2901268136036917
4.0270361608651575,3.4277083536968207,3.0,0.009925916253170077,1.0,0.2854728214690333
4.101723555255154,3.5845591474834717,3.0,0.0070322216710241294,1.0,0.2794175995921563
4.007434944237918,3.426327724149726,3.0,0.004175517337207113,1.0,0.2870640798933209
3.996282527881041,3.496097332101579,3.0,0.009837763315682537,7.0,0.2928945483078608
3.95234876647516,3.4137012553713046,3.0,0.005737431066997201,1.0,0.2917568939717829
3.8830686042581952,3.2710979342615265,3.0,0.007868708785282452,1.0,0.2977670800696258
3.8435282189929034,3.3790877046793883,3.0,0.006963702841086827,3.0,0.2955670982285348
3.9868198715782364,3.3890708572949584,3.0,0.006379860137116888,2.0,0.29232487813684765
4.093274754984792,3.56602647708768,3.0,0.004363815769558466,1.0,0.2800897676374671
4.0253464008110855,3.448118785142302,3.0,0.0064081757630608535,4.0,0.2929125405617096
3.9317336938154783,3.3547800082471304,3.0,0.009202697842331352,1.0,0.2934853527376655
4.0601554579249735,3.4808068508192407,3.0,0.005943997522939282,2.0,0.28627496628791244
4.0473132815140245,3.3908100031389203,3.0,0.013093517249679387,2.0,0.28706621105884444
4.08854342683339,3.4912530890582274,3.0,0.009300225995549584,1.0,0.2805094333774176
3.9746535991889154,3.3839121511076566,3.0,0.008340676104494515,1.0,0.28982478504166315
3.9932409597837113,3.4549123487206206,3.0,0.008141451639628759,1.0,0.28828009293542656
3.9993240959783707,3.417348274445902,3.0,0.012439276421828628,1.0,0.28774393432060164
4.066238594119635,3.5502008489823624,3.0,0.004435661539393454,1.0,0.28224026294464755
3.9972963839134836,3.548818440759105,3.0,0.008996967383383625,2.0,0.2858389795353983
4.064548834065563,3.5604503577232927,3.0,0.01140063877601405,1.0,0.2823575990479754
4.032105441027373,3.3838547733471898,3.0,0.007224754109119158,2.0,0.29008116485620183
4.029739776951674,3.527010769443287,3.0,0.006015539610201986,1.0,0.28518435770295203
3.9932409597837113,3.437456679216814,3.0,0.007460885503176917,1.0,0.28828009293542656
4.066576546130451,3.4246529054710195,3.0,0.008131536377147142,1.0,0.28221680742541344
3.9168638053396423,3.4332109819439545,3.0,0.006729836407334155,2.0,0.28662419136060074
4.013180128421764,3.4923024500317816,3.0,0.007594971718199228,1.0,0.2865557894736843
3.979722879351132,3.4435918599418467,3.0,0.0048576147156600405,1.0,0.2893574590268343
4.027712064886786,3.5171442036592686,3.0,0.004146363041981016,1.0,0.28542491530667896
4.0138560324433925,3.4574823916984703,3.0,0.0063313639355409,1.0,0.28650753557295605
3.929368029739777,3.416865606156593,3.0,0.0077791645392996656,1.0,0.2936620447019868
4.0473132815140245,3.4814904833029257,3.0,0.007284407845590369,2.0,0.28734845039488865
4.002027712064887,3.4844310624410735,3.0,0.008069862745551049,1.0,0.287549545579294
3.963501182832038,3.3359825180160807,3.0,0.005237921316125216,2.0,0.2983760963421268
3.966204798918554,3.4238996836296565,3.0,0.006787717526134661,1.0,0.29054065748551483
4.0361608651571474,3.4305316020212437,3.0,0.007289559525012755,1.0,0.2847306607426945
3.976005407232173,3.4231433266092526,3.0,0.010096158885188557,1.0,0.28972624707819816
4.017573504562352,3.445863175448848,3.0,0.0039684753155938566,1.0,0.2862424293405114
4.051706657654614,3.5958881967342817,3.0,0.009198366774342048,1.0,0.28344537179914925
4.014531936465022,3.464022354259822,3.0,0.0064763155198568345,1.0,0.28645929792070035
3.913822237242312,3.310098258369341,3.0,0.009407810747662948,1.0,0.2950280901908299
3.94018249408584,3.4028997982091655,3.0,0.006528219307001647,2.0,0.2949122899880976
4.03176748901656,3.5969183355595065,3.0,0.014812140768002413,4.0,0.2711536434512919
3.9783710713078735,3.4795115934398937,3.0,0.00775142582709365,1.0,0.2894557796041454
3.9547144305508617,3.479575501221888,3.0,0.009066454805336964,1.0,0.2914835938835241
3.9591078066914505,3.3974152772273367,3.0,0.007132530942756454,1.0,0.29116013791079826
4.014193984454208,3.4660231694606267,3.0,0.008559658069990041,3.0,0.29229257882268345
4.009462656302805,3.4063403819112845,3.0,0.0068571258520502285,3.0,0.2950434839367413
4.04697532950321,3.4397469210841893,3.0,0.009787254730130536,1.0,0.28377674843423817
3.95606623859412,3.4647985316357173,3.0,0.007876634721816322,1.0,0.2913839924504529
3.9449138222372415,3.4159645944474666,3.0,0.006126499847867396,1.0,0.2923067656129529
4.022980736735383,3.536534434440364,3.0,0.007480758142841659,1.0,0.28576059649067553
4.027374112875972,3.4103584876293684,3.0,0.008906089516786286,1.0,0.2854488663778636
3.9912132477188234,3.3495154348058973,3.0,0.009131545296957866,2.0,0.29258115255497474
4.003717472118959,3.3804078928541337,3.0,0.006891567636131911,1.0,0.2873306203574745
4.026022304832714,3.513936732896724,3.0,0.004923196541810782,1.0,0.2855447108725763
3.895910780669145,3.3348620167328584,3.0,0.004089527971636031,1.0,0.2966351458134542
4.046299425481583,3.4746538909093814,3.0,0.004983762943464254,1.0,0.28392069004217824
3.8942210206150727,3.3775540411561473,3.0,0.005309011503194627,1.0,0.2967638601872342
3.899628252788103,3.439782249403481,3.0,0.00814512789598143,3.0,0.28738458621050444
4.036836769178777,3.5077755946216915,3.0,0.007182887907886015,1.0,0.28468298712850565
4.007096992227104,3.5246848798512262,3.0,0.010906519431966187,1.0,0.2870882904086193
3.9645150388644814,3.391801442554037,3.0,0.008266661393026564,1.0,0.2906644920509761
4.035822913146333,3.542347623889845,3.0,0.005122211017011047,1.0,0.2847545035379334
4.032781345049003,3.4114997563942087,3.0,0.005835286893282832,1.0,0.28496926852007043
3.905711388982765,3.3802946391936715,3.0,0.009065936423196974,1.0,0.2957407780457733
3.9587698546806354,3.5831724320807297,3.0,0.008634217672104259,8.0,0.256751824817518
3.918891517404529,3.354796315487817,3.0,0.006031098953890979,1.0,0.2946464567523285
4.0790807705305845,3.520398487176557,3.0,0.006467884700710469,1.0,0.28125592248343
3.9898614396755665,3.4454026675358893,3.0,0.0043370449354573895,2.0,0.286537700208126
3.99391686380534,3.407042509700937,3.0,0.007228735075809733,1.0,0.288231306322982
4.03480905711389,3.4214704207677036,3.0,0.009101110390111187,1.0,0.2848260558882655
3.969922271037513,3.4518031924673314,3.0,0.0055637577608771424,1.0,0.2901701963799269
4.034133153092261,3.4609564942657536,3.0,0.004669202954852403,2.0,0.2896667241456033
4.017235552551537,3.5233072742773888,3.0,0.007894336602642493,1.0,0.28626650963237155
4.0604934099357886,3.5232137852660284,3.0,0.007605695153019455,4.0,0.2810289776204521
4.03176748901656,3.5510573160953256,3.0,0.008871211799255069,2.0,0.2798419860451573
4.069280162216965,3.423316150501991,3.0,0.00855756167812083,1.0,0.28202930352545474
3.9901993916863807,3.442410668018253,3.0,0.010667145193378665,1.0,0.2884998372257983
4.00608313619466,3.509841833140475,3.0,0.008443193917064162,1.0,0.2871609464632191
3.9263264616424465,3.3609057486608527,3.0,0.006991655852590317,6.0,0.3013235339633544
4.005745184183846,3.5169123726156832,3.0,0.007892199194750205,1.0,0.28718517332110005
4.020615072659681,3.6139184247469998,3.0,0.007869007200758393,1.0,0.2859287333466421
3.97803311929706,3.448435988198472,3.0,0.006433915987719363,1.0,0.2894803701894486
3.852652923284893,3.4019732994289926,3.0,0.0068839488586737154,1.0,0.3005234375
4.007772896248733,3.3823998882725217,3.0,0.006271407490764047,1.0,0.28703987346108434
3.9570800946265634,3.388425778615701,3.0,0.0071585935895164265,1.0,0.29130933603424713
4.05981750591416,3.498003693773588,3.0,0.007836759312122799,1.0,0.2827828771435111
3.862453531598513,3.3104042255163533,3.0,0.004203514266888586,1.0,0.29960918701876804
4.018249408583982,3.4705838887045317,3.0,0.008636106381402497,1.0,0.2861942809083263
4.084825954714431,3.5366907376669,3.0,0.005918623481710239,1.0,0.2807647162240424
3.8502872592091917,3.2535460289813214,3.0,0.007803735607482709,1.0,0.30070808281400874
3.9841162554917204,3.4483713708342014,3.0,0.01434227657195064,1.0,0.2890383779370601
4.080094626563028,3.4984676592270856,3.0,0.006456814672272104,1.0,0.2811860336598194
4.068942210206152,3.4636106564819245,3.0,0.009385082269744329,1.0,0.28205272788621266
4.111524163568773,3.530162458602123,3.0,0.0043872683991730286,1.0,0.2786565466772153
4.048665089557283,3.4131424139522046,3.0,0.0078607649035487,6.0,0.30230720516532106
4.093274754984792,3.5099557225973923,3.0,0.009761640560423834,1.0,0.2800897676374671
4.035484961135518,3.5300704129433753,3.0,0.00826417063214524,1.0,0.28477835032660576
4.059141601892532,3.561113729838813,3.0,0.004613108409126321,1.0,0.2828299644596621
4.114565731666104,3.6222511908218533,3.0,0.00722648789257363,1.0,0.2784505582648871
4.084825954714431,3.5137786374115154,3.0,0.005186022034369686,1.0,0.2807647162240424
3.910442717134167,3.2868529433260654,3.0,0.004574314370642596,4.0,0.3083341790416868
3.954038526529233,3.3960072991788013,3.0,0.007547788025079272,1.0,0.291533420138889
3.986143967556607,3.346116567105657,3.0,0.008584547734872272,2.0,0.29465226591380395
3.92734031767489,3.4688483892765403,3.0,0.007327650610885139,2.0,0.2873124639145497
4.145995268671848,3.5656793121448414,3.0,0.0065599528876088,1.0,0.276057056468047
3.8817167962149375,3.276829924752536,3.0,0.012098092648917258,2.0,0.30631640298784424
4.056437985806015,3.5225136409841435,3.0,0.0042946952083615375,2.0,0.28031926782541106
