mean,std,median,D,xmin,mu,sigma
4.199982954,4.647502135,2,0.014681392,21,2.795435211,0.12030938
4.186061708,4.624973165,2,0.017935481,21,2.53932318,0.17585558
4.169555088,4.60229827,2,0.025159165,20,2.859471378,0.11971212
4.17688505,4.637004437,2,0.017954081,22,2.776023119,0.120214536
4.210580147,4.635345165,2,0.029151216,20,2.851977495,0.114577743
4.225808285,4.656241647,2,0.019994277,20,2.832997755,0.122784564
4.185663958,4.646745166,2,0.015898423,21,2.59738041,0.159986038
4.195522473,4.632632943,2,0.014948625,22,-38.36712422,1.104254841
4.17000966,4.622067219,2,0.041712731,20,2.939193506,0.087922609
4.196346383,4.647308743,2,0.034093948,20,2.905115237,0.101564505
4.236206603,4.661440095,2,0.034200885,21,2.946666654,0.092837261
4.194812205,4.647544476,2,0.031015544,22,-53.57588597,1.508890838
4.212625717,4.648484375,2,0.024637833,21,2.850566468,0.119413779
4.150576737,4.595032434,2,0.013764375,23,2.58337321,0.120936759
4.187965225,4.649406292,2,0.022184392,21,2.839871705,0.108697657
4.191544974,4.639203155,2,0.023808682,22,2.922702493,0.096318076
4.194442866,4.640344015,2,0.029851646,21,2.870048458,0.108649484
4.197766919,4.633252093,2,0.014374503,23,2.89797229,0.098821409
4.177055515,4.604860943,2,0.007573078,21,2.26531325,0.195774696
4.17927155,4.636306166,2,0.053747003,2,1.284806364,0.967913012
4.181061424,4.619701445,2,0.026352758,21,2.873946852,0.103261569
4.191516563,4.638839933,2,0.02575417,19,2.832542015,0.12251055
4.185976476,4.630952832,2,0.024308282,21,2.764473548,0.126428576
4.172822319,4.632557226,2,0.009881521,21,1.928430134,0.239199706
4.204983238,4.641038299,2,0.031368732,20,2.864486393,0.112409257
4.222569464,4.639784251,2,0.024244422,20,2.822296186,0.124618455
4.177652139,4.616911763,2,0.025686871,20,2.860939258,0.107909415
4.15390079,4.618324351,2,0.027978169,21,2.923829116,0.095446119
4.220211376,4.664803119,2,0.020930923,21,2.247539304,0.207426754
4.196033866,4.613739177,2,0.048994438,21,2.989475275,0.073688518
4.200267061,4.635198484,2,0.030741226,23,2.874880629,0.09427172
4.195948633,4.631771606,2,0.034955013,22,2.951514679,0.076728414
4.191090403,4.63330845,2,0.017898344,21,2.831792358,0.111036114
4.170691517,4.63831472,2,0.027422056,20,2.819562826,0.119920127
4.213051878,4.673380264,2,0.051017551,19,2.884661133,0.109504542
4.188306154,4.621093608,2,0.005814176,22,2.065027116,0.217520734
4.163702483,4.623732947,2,0.038709896,23,2.998424077,0.075248818
4.155946361,4.617935825,2,0.01417491,20,2.741796565,0.13735963
4.168049321,4.59462139,2,0.027167336,22,2.862495337,0.105958404
4.187709529,4.640899817,2,0.028073122,19,2.826374276,0.122817946
4.193448491,4.648860543,2,0.023076784,22,2.893187363,0.09757971
4.22560941,4.643056129,2,0.021566655,21,2.865824289,0.105984303
4.191260867,4.627300582,2,0.023273198,22,-8.016174137,0.682061209
4.169185749,4.604271416,2,0.030591039,20,2.884912757,0.105033795
4.136825956,4.585120119,2,0.030152185,20,2.833787403,0.120369253
4.172822319,4.627783421,2,0.021822522,21,2.830080534,0.115781639
4.192141599,4.628218742,2,0.020855231,23,-37.22257966,1.074440061
4.19137451,4.629646832,2,0.029527415,20,2.808903195,0.12961446
4.219330644,4.660058158,2,0.025305744,22,2.751592072,0.126140936
4.182169441,4.633563538,2,0.039426163,20,2.914297029,0.095244932
4.208023183,4.653615916,2,0.033089817,20,2.863063139,0.112875172
4.155179272,4.596165213,2,0.045947585,20,2.937491316,0.085608093
4.191090403,4.653346893,2,0.024764512,22,-3.807651387,0.530718577
4.174271265,4.613079174,2,0.033319541,22,2.927796714,0.100509896
4.187908404,4.628714798,2,0.031805464,23,2.082251763,0.177645212
4.204954827,4.652201159,2,0.036973002,22,2.988451346,0.072481131
4.180862549,4.626318715,2,0.012288162,20,2.646664748,0.164203903
4.228905051,4.6800851,2,0.025570768,23,2.375796378,0.168186552
4.219842036,4.691466146,2,0.024597466,21,2.761509787,0.139182179
4.198846525,4.639223577,2,0.018294203,23,2.884405773,0.087315824
4.214813342,4.670569196,2,0.024234504,23,1.034928646,0.274935103
4.208335701,4.636840724,2,0.020691441,22,2.905786609,0.093236775
4.212710949,4.661897962,2,0.010866093,20,2.554765626,0.173168443
4.236717995,4.679754103,2,0.017089178,22,2.749822226,0.134405814
4.172822319,4.621892216,2,0.029909744,22,2.975840911,0.076454125
4.230581283,4.678457576,2,0.018665836,21,2.656590867,0.163631124
4.203307006,4.659711757,2,0.032895293,19,2.861537756,0.112548291
4.183476334,4.641280292,2,0.034754725,20,2.915336091,0.098011825
4.193732598,4.62831202,2,0.017118199,23,2.75953736,0.120913758
4.169725553,4.612466461,2,0.023204203,22,-39.88869768,1.353357623
4.191516563,4.636738744,2,0.036077404,22,2.994315705,0.080232542
4.201176203,4.651208722,2,0.017739634,21,2.785191194,0.134027155
4.218137394,4.651998664,2,0.028014273,20,2.84874401,0.11791336
4.195834991,4.626479856,2,0.019957093,21,2.795850861,0.117088034
4.214955395,4.654430242,2,0.028444878,21,2.919928536,0.098658292
4.248536849,4.675144363,2,0.034773577,20,2.90595544,0.100539575
4.177936246,4.605076864,2,0.023660552,21,2.847641837,0.111189024
4.231689301,4.680227336,2,0.031524814,20,2.887257171,0.108347483
4.21194386,4.649157207,2,0.011579128,21,1.872210194,0.239806239
4.220978465,4.657425074,2,0.025405363,22,-23.21462117,1.006658321
4.159071538,4.613274211,2,0.028916924,23,-0.099573067,0.337600611
4.163219501,4.628531056,2,0.010273146,20,2.610268166,0.16724316
4.161685323,4.623880729,2,0.008606838,21,2.518169673,0.165395128
4.2115177,4.646661294,2,0.045768877,20,2.938376511,0.087307276
4.147167453,4.621363394,2,0.036415289,23,3.041742013,0.059502022
4.186317404,4.614874434,2,0.025991427,22,2.947558504,0.081070285
4.15671345,4.608342368,2,0.031269965,20,2.825502688,0.125388209
4.202767203,4.620699943,2,0.043188437,19,2.913851043,0.102576138
4.213392806,4.633000255,2,0.020230856,21,2.785697101,0.12342744
4.234644014,4.662844428,2,0.028247131,22,2.971281967,0.081434362
4.20387522,4.669359131,2,0.037068695,20,2.917115412,0.094465365
4.210892664,4.667145529,2,0.021947683,21,2.872936753,0.102939542
4.163276323,4.622767861,2,0.022362709,23,2.976154541,0.074010609
4.166941303,4.624194706,2,0.013551315,20,2.446768971,0.202071759
4.177396443,4.614006944,2,0.035531942,22,2.831413932,0.105248819
4.205835559,4.679286783,2,0.019107714,20,2.826593204,0.124528127
4.177595318,4.614864341,2,0.042039958,22,3.009217719,0.072207946
4.175407694,4.62424994,2,0.032710919,21,2.902951734,0.097971147
4.170236945,4.636272903,2,0.025722041,20,2.84782676,0.1257688
4.204528666,4.646264915,2,0.027203469,22,-46.4030816,1.317143655
4.214557645,4.660066978,2,0.017357861,20,2.725568223,0.148593579
4.238848798,4.678738112,2,0.036414149,21,2.849080496,0.109443577
4.218336269,4.684606613,2,0.017682373,20,2.778224869,0.136852738
4.165662822,4.619166141,2,0.031382995,23,3.025861904,0.062332016
4.199187454,4.63741426,2,0.018695947,21,2.822941337,0.113689739
4.207653844,4.654551132,2,0.011618647,22,2.381159963,0.182493932
4.191005171,4.624040551,2,0.032452476,20,2.891963791,0.104477842
4.207170862,4.651345663,2,0.033558574,21,2.765770546,0.139309961
4.213790556,4.656671641,2,0.024373989,20,2.817838553,0.129374783
4.178674925,4.600962261,2,0.021503912,23,2.975518234,0.088359655
4.197454401,4.628274436,2,0.025522853,21,2.890837438,0.10247659
4.183362691,4.633228279,2,0.02358626,21,2.825813373,0.11542394
4.179981817,4.628148973,2,0.021385366,21,2.769197718,0.125786907
4.192312063,4.623636149,2,0.032424118,21,2.630351496,0.151701056
4.216461163,4.654845708,2,0.022216934,20,2.787250617,0.128719947
4.18776635,4.624603257,2,0.023887421,21,2.663834526,0.140869443
4.185521905,4.63247388,2,0.026505734,20,2.825036076,0.118167923
4.193192795,4.638271242,2,0.006735855,20,2.483433261,0.192013248
4.209216433,4.635210782,2,0.047228778,21,2.952739512,0.086766088
4.241405762,4.694374806,2,0.025004811,20,2.806565876,0.12556856
4.217853287,4.647624949,2,0.024359381,21,2.903083036,0.10184027
4.203335417,4.646194993,2,0.017212283,23,0.812952353,0.298306481
4.218023751,4.636600568,2,0.035364405,19,2.866705444,0.111624331
4.179924996,4.630121277,2,0.018527926,21,2.420000937,0.176290824
4.175947497,4.616595506,2,0.027433762,22,2.934225745,0.094840177
4.216063413,4.6522695,2,0.038830308,21,2.927197051,0.089473511
4.189584635,4.636732356,2,0.023385939,21,2.860496142,0.110285352
4.186516279,4.640862221,2,0.03773495,21,2.940466328,0.086474239
4.181118245,4.636237456,2,0.032294569,21,2.943512216,0.083848497
4.168844821,4.610524241,2,0.02085499,24,-28.71605507,0.848785234
4.178731746,4.624285469,2,0.015005887,21,2.692429824,0.14834816
4.178333996,4.635242248,2,0.010559814,20,2.654159087,0.164113803
4.227910677,4.651059768,2,0.021050058,23,-37.90075621,1.092782577
4.154554236,4.604048427,2,0.027158132,20,2.865143386,0.104356771
4.157707824,4.623139401,2,0.037440927,22,3.007684381,0.063982049
4.236717995,4.656895666,2,0.043344424,21,2.966439366,0.086467739
4.228876641,4.656396913,2,0.029791949,21,2.924091922,0.089392646
4.169043696,4.623245794,2,0.017600651,21,2.79941587,0.120994463
4.21717143,4.643027082,2,0.010024374,21,-0.499725314,0.419132772
4.169157338,4.61500589,2,0.02891559,20,2.834612412,0.116526694
4.219927269,4.662720946,2,0.015666634,20,2.731751214,0.146833822
4.202454685,4.641201321,2,0.01892849,22,2.803436923,0.124182098
4.131768851,4.606120215,2,0.030741226,23,2.874880629,0.09427172
4.195295187,4.651529606,2,0.024910202,21,2.896211912,0.10255377
4.210523325,4.641797245,2,0.015856777,22,-56.39721965,1.584820242
4.193278027,4.63239902,2,0.010569304,20,2.369624642,0.208027391
4.215694074,4.668280405,2,0.027856414,20,2.768869888,0.13886633
4.147366328,4.583780177,2,0.01761457,22,2.833120036,0.115008803
4.201005739,4.633149505,2,0.04333211,19,2.874802907,0.113108921
4.204557077,4.661741812,2,0.035412344,19,2.875267818,0.108618023
4.192709813,4.650382137,2,0.038806403,21,2.848356148,0.114127321
4.196914597,4.65030374,2,0.007707526,22,2.281446038,0.195196733
4.18370362,4.626636639,2,0.025248229,23,2.982727451,0.085000034
4.170975624,4.593595068,2,0.026606019,22,2.549903837,0.142662161
4.202909256,4.637715441,2,0.018877544,23,2.832753761,0.123417927
4.225126428,4.676439485,2,0.016352132,21,2.78468454,0.119232415
4.173845105,4.619781843,2,0.019785598,20,2.656887889,0.156591322
4.196488437,4.640723147,2,0.032195738,22,2.055644999,0.191532953
4.176998693,4.61783212,2,0.028028503,21,2.811229897,0.119742116
4.183192227,4.64327439,2,0.0141186,23,2.507902083,0.189106212
4.182709245,4.615138737,2,0.027191415,21,2.805236623,0.12076675
4.191658617,4.635988346,2,0.034895763,21,2.928609542,0.09453336
4.24740042,4.662596321,2,0.031961537,22,2.826838259,0.105560756
4.190436957,4.644717331,2,0.018190408,21,2.740925174,0.132372358
4.175379283,4.635716587,2,0.025868737,20,2.734350579,0.141282982
4.208222058,4.60981981,2,0.012079379,21,2.592968565,0.174087665
4.206631059,4.644465531,2,0.02170011,22,2.877025869,0.109407875
4.199784079,4.64291442,2,0.007830302,21,2.620820711,0.155150855
4.2107222,4.657439848,2,0.037823633,19,2.844423871,0.115016087
4.204386613,4.649324472,2,0.022962594,21,2.721558008,0.134521554
4.178646514,4.597154933,2,0.014547694,21,2.715197691,0.143752417
4.183447923,4.633663319,2,0.044434451,20,2.949400089,0.084835205
4.176515711,4.618825654,2,0.009453446,21,2.161111878,0.219673343
4.204301381,4.653802162,2,0.009565781,22,2.611417118,0.157067095
4.205523041,4.663990293,2,0.024470944,20,2.863906205,0.11561649
4.207795897,4.624763377,2,0.037257388,20,2.89047882,0.104856159
4.209415308,4.640822059,2,0.029838727,20,2.845580766,0.116873894
4.177595318,4.651222101,2,0.037037474,22,3.004023586,0.074123505
4.197653276,4.622894694,2,0.015040548,22,-35.06776256,1.23436209
4.193221206,4.637250087,2,0.016344333,21,2.654049593,0.160917263
4.178618103,4.62355869,2,0.029646223,22,-36.63173408,1.338375814
4.171714302,4.629233377,2,0.033128607,20,2.899784723,0.106587512
4.191573385,4.61444067,2,0.027093484,21,2.867202771,0.109019608
4.217654412,4.67521045,2,0.024903629,23,3.008530528,0.068674963
4.181828513,4.631810725,2,0.011169751,22,2.744938928,0.130111002
4.152139326,4.62806757,2,0.029045787,19,2.798944368,0.135364648
4.182652423,4.612486997,2,0.029719485,21,2.879659947,0.111535503
4.213080289,4.665673228,2,0.027793288,19,2.84354652,0.120215397
4.203136542,4.648401451,2,0.028323522,22,2.917464831,0.099040182
4.181998977,4.640873222,2,0.041536728,19,2.907933764,0.100963972
4.192113188,4.648949527,2,0.021734599,20,2.857416187,0.122650419
4.168276607,4.623067911,2,0.012057935,23,2.766923296,0.139573698
4.193817831,4.62583706,2,0.016324711,21,2.734950401,0.130578298
4.171430195,4.626063733,2,0.024320553,21,2.599568502,0.160072393
4.204500256,4.659622959,2,0.030679418,23,3.005846838,0.071309391
4.202568328,4.636523367,2,0.029354529,20,2.54430252,0.170024869
4.226887891,4.660848539,2,0.026108619,21,2.900226812,0.101896451
4.191402921,4.641257058,2,0.027812312,22,2.934260367,0.086076026
4.2332803,4.643833478,2,0.041547461,21,2.957328954,0.079592726
4.208648219,4.626358811,2,0.036458539,19,2.848310341,0.117017558
4.196573669,4.663605478,2,0.024717132,21,1.923008694,0.23014599
4.178163532,4.634439668,2,0.03013039,22,-0.483170256,0.368875445
4.227910677,4.645791312,2,0.008061038,21,2.281696558,0.198509515
4.211659753,4.668738907,2,0.021926658,20,2.764875253,0.138034032
4.224955963,4.668628348,2,0.01980764,22,2.719727731,0.117660974
4.182595602,4.633739903,2,0.020063203,22,2.357730682,0.184136904
4.204216149,4.639219967,2,0.017478982,22,1.008937562,0.293475472
4.196715722,4.640578831,2,0.010131396,21,2.60623596,0.160031961
4.181658049,4.649113145,2,0.039248242,20,2.928734486,0.096807579
4.160378431,4.611719876,2,0.038859415,20,2.865975659,0.108934127
4.208960736,4.664675072,2,0.015993111,21,2.661097102,0.152720436
4.212767771,4.666536868,2,0.028225941,21,2.901880055,0.098735109
4.160037502,4.604006107,2,0.016468398,22,2.280338602,0.191547846
4.160492073,4.607290525,2,0.022558138,23,-38.70666984,1.11420037
4.186857208,4.636457043,2,0.032538971,22,2.772233372,0.114507175
4.182766066,4.624453398,2,0.017582766,22,2.526164839,0.162030427
4.156202057,4.593261484,2,0.021197241,20,2.816329314,0.123601337
4.184896869,4.646112329,2,0.017928767,21,2.534055905,0.173336168
4.176231604,4.614436405,2,0.01560459,20,2.405374697,0.202049924
4.159213592,4.608336815,2,0.011812336,21,2.649734584,0.148650775
4.162111484,4.627768902,2,0.011986895,22,2.701959532,0.123879464
4.244474118,4.688056803,2,0.024843326,22,2.846725558,0.11028527
4.189215296,4.630852304,2,0.042933085,20,2.937624208,0.086545052
4.203903631,4.653972224,2,0.008240661,22,-9.948056055,0.680591589
4.199812489,4.642530734,2,0.023453545,21,2.831818236,0.122784777
4.232172283,4.655837129,2,0.025852653,22,1.670817598,0.251203422
4.182425138,4.612576065,2,0.013896982,23,2.201301404,0.178647364
4.19418717,4.658079266,2,0.01770442,21,1.626469637,0.274441283
4.1236718,4.577466309,2,0.039446454,21,2.956768717,0.083638879
4.180436388,4.618717212,2,0.037789561,22,2.975852524,0.08206553
4.162111484,4.578689895,2,0.025602179,20,2.839196342,0.115568944
4.205295755,4.636918105,2,0.047619048,23,-30.18117012,0.885963294
4.211290414,4.648041015,2,0.009552612,22,-13.58495191,0.792325166
4.189925564,4.657742628,2,0.014521514,21,2.755418795,0.130415397
4.194897437,4.641592143,2,0.018117275,20,2.720292172,0.140185896
4.183817262,4.608777396,2,0.009964054,21,2.518309039,0.170010471
4.188391386,4.629802933,2,0.014890824,21,2.749748992,0.130323766
4.215495199,4.650591742,2,0.012630664,21,2.702817599,0.130450454
4.212767771,4.665099837,2,0.02034126,22,2.452981021,0.165785505
4.211148361,4.677704939,2,0.031570619,21,2.874338595,0.104848066
4.18935735,4.657357069,2,0.041521791,19,2.890143205,0.107415809
4.186402637,4.614153723,2,0.026814068,21,2.710116902,0.14008367
4.207199273,4.650253981,2,0.019165572,21,2.803681898,0.116229827
4.177197568,4.643106252,2,0.032382106,20,2.891574912,0.10641252
4.154639468,4.604715049,2,0.015838824,21,0.951556629,0.329982359
4.175350872,4.622082808,2,0.03433952,20,2.896941556,0.100233598
4.162168305,4.596616224,2,0.028742401,20,2.857486172,0.112546673
4.218591965,4.645548076,2,0.049794703,22,3.021502831,0.064062916
4.227029945,4.670849024,2,0.033744222,20,2.804892548,0.133572915
4.195494062,4.615649066,2,0.02157115,20,2.793045018,0.125809297
4.196800955,4.62255616,2,0.013761898,21,2.764139274,0.138706409
4.164497983,4.589234187,2,0.049382332,11,2.555242818,0.265594281
4.178561282,4.625127535,2,0.006944236,22,0.083751102,0.334945869
4.224728678,4.653242093,2,0.033754959,20,2.886410447,0.107074437
4.204216149,4.652001575,2,0.021194619,20,2.834133098,0.119565203
4.181572817,4.639160177,2,0.01748849,21,2.673985039,0.14209979
4.193846241,4.629958215,2,0.014340356,21,2.556323768,0.162984833
4.117705551,4.573805064,2,0.014762803,21,2.754126882,0.140655662
4.195209955,4.6563223,2,0.034566498,19,2.874897826,0.114100166
4.184499119,4.626690954,2,0.031127984,21,2.905174823,0.102006777
4.225438945,4.675023863,2,0.023935528,20,2.849793753,0.11312419
4.174612194,4.633695069,2,0.025408852,22,2.884947493,0.101992939
4.227797034,4.641691667,2,0.019571912,22,-0.598614274,0.379178554
4.173759873,4.630850643,2,0.032412903,21,2.629209758,0.154687036
4.185493494,4.618399997,2,0.025430384,23,2.635125153,0.122887199
4.162196716,4.609098914,2,0.025715988,22,2.444994708,0.166607055
4.216631627,4.680784594,2,0.038364821,19,2.900071489,0.10751014
4.172651855,4.604130404,2,0.031954898,19,2.860851221,0.11428976
4.150207398,4.621686692,2,0.021819801,20,2.773309549,0.137022808
4.167651571,4.618928315,2,0.018609652,21,2.819321659,0.115831159
4.207653844,4.657541061,2,0.023951718,21,2.900226951,0.103136314
4.186629922,4.641745238,2,0.028399913,19,2.857920058,0.118516372
4.185635547,4.637091266,2,0.026653973,23,-0.856578035,0.381919267
4.210210807,4.646182525,2,0.014495675,21,2.737007213,0.128290593
4.235666799,4.678164687,2,0.024430429,22,-13.62984603,0.820537204
4.263651344,4.692436351,2,0.030637173,20,2.887587656,0.099852893
4.238252173,4.659208361,2,0.04196767,20,2.923875691,0.086842056
4.224217285,4.663951401,2,0.025766058,21,2.742368743,0.134431793
4.168191375,4.606568766,2,0.028983857,22,2.972314497,0.075976605
4.145690096,4.619989884,2,0.029510923,22,2.780474047,0.128052451
4.166969714,4.614965511,2,0.03417295,20,2.899146417,0.101616425
4.206006023,4.629482209,2,0.018692082,20,2.406727627,0.197626485
4.18614694,4.620769159,2,0.015208853,22,2.784285113,0.118985857
4.20589238,4.668817295,2,0.034214419,21,2.923565351,0.092402705
4.213790556,4.648317877,2,0.015742227,21,2.577066437,0.163263671
4.187198136,4.661206575,2,0.044992694,21,2.982539602,0.07527786
4.191459742,4.610577228,2,0.010001323,22,2.736402822,0.130936421
4.172680266,4.635067106,2,0.035451476,20,2.906114649,0.104163642
4.156400932,4.589415126,2,0.00374036,21,2.317697462,0.199510205
4.168645946,4.626522253,2,0.01842328,22,1.882623251,0.239145886
4.161742144,4.60055744,2,0.017869302,20,2.739467267,0.138693101
4.200607989,4.639092625,2,0.022947523,23,-38.37205079,1.10525202
4.208903915,4.62816774,2,0.036429498,21,2.887033251,0.101991888
4.177055515,4.640990991,2,0.01932061,22,2.808395383,0.111717425
4.204585488,4.641263979,2,0.038356005,19,2.889065863,0.10453966
4.181118245,4.623952993,2,0.01725435,21,2.805301038,0.123381874
4.192681402,4.63098546,2,0.017120664,21,2.318351487,0.206250214
4.180777317,4.61672276,2,0.008717132,20,2.53002818,0.184605661
4.204755952,4.656778707,2,0.017119909,22,2.412498476,0.163161891
4.223279732,4.679452301,2,0.022133722,20,2.788156946,0.127146506
4.224643446,4.656667121,2,0.020030533,21,2.36772799,0.18100935
4.194528098,4.663392739,2,0.02126606,21,2.818872063,0.119958838
4.231689301,4.679826675,2,0.029896974,20,2.871857119,0.11172056
4.176174783,4.61156856,2,0.017651001,22,-52.37700849,1.479065058
4.169043696,4.600619157,2,0.029232852,20,2.815293989,0.129953965
4.17969771,4.630461439,2,0.030646975,21,2.906723273,0.08778735
4.168361839,4.607000407,2,0.047619048,23,-26.86018184,0.797801277
4.182709245,4.613698013,2,0.010902795,21,2.408020248,0.184044387
4.201772828,4.626000534,2,0.018805595,21,2.859014498,0.110677053
4.204471845,4.647948665,2,0.02025643,21,2.848383326,0.111783673
4.218904483,4.62650206,2,0.02467827,21,2.634603316,0.154891631
4.126257174,4.599583805,2,0.031208394,22,1.865870097,0.229832185
4.201829649,4.639367272,2,0.047385186,19,2.912017781,0.093881712
4.211489289,4.634696943,2,0.009541594,21,2.614143908,0.163031393
4.18171487,4.609390873,2,0.03400773,20,2.85014848,0.112899952
4.176146372,4.622034119,2,0.02815473,20,2.864088072,0.116784019
4.184442298,4.634583313,2,0.021300054,21,2.835559343,0.11518535
4.192851867,4.618280065,2,0.021194686,21,2.667777348,0.143435217
4.237428263,4.675809782,2,0.019623849,22,2.878477448,0.094943442
4.148872095,4.566135256,2,0.025589794,20,2.862093062,0.108853373
4.25061083,4.641902335,2,0.0100243,21,2.49685345,0.176913732
4.210210807,4.659670648,2,0.027714033,21,2.822348338,0.120840029
4.244076368,4.699239257,2,0.02387069,21,2.810161999,0.127723222
4.139951134,4.593222515,2,0.019474108,23,2.072014478,0.220997798
4.154866754,4.600034406,2,0.027819413,21,2.829707066,0.117625768
4.21916018,4.659255256,2,0.045176841,21,2.757797044,0.127887711
4.151258594,4.627338241,2,0.037019809,22,2.950038147,0.080838202
4.193448491,4.637369269,2,0.011936546,21,2.061603518,0.22765799
4.194243991,4.638114019,2,0.033831953,20,2.893690214,0.101545003
4.221717143,4.668199063,2,0.018390417,22,2.539853078,0.174588136
4.128984601,4.598352903,2,0.021372138,20,2.692164471,0.15643791
4.199130632,4.642382558,2,0.021710222,20,2.790730866,0.127156783
4.230666515,4.675431245,2,0.011244818,21,2.138675206,0.207464617
4.172566623,4.623078766,2,0.02186607,20,2.827177775,0.126727147
4.21234161,4.662332234,2,0.035855463,22,3.002914202,0.071518908
4.177936246,4.628651612,2,0.025873305,20,2.862188015,0.120538605
4.155264504,4.613212999,2,0.024324964,20,2.800282325,0.132156821
4.245127564,4.67060035,2,0.04607601,21,2.753723776,0.131227675
4.253366669,4.66574806,2,0.01286996,22,2.277787038,0.201098781
4.197596454,4.60120741,2,0.047826224,12,2.643645009,0.223295939
4.272202966,4.715471075,2,0.023632541,21,2.876885751,0.101783737
4.163418376,4.618455682,2,0.025917073,19,2.82251298,0.126269554
4.237911245,4.674986152,2,0.033220078,22,2.977796426,0.079254906
4.178021478,4.611414469,2,0.021496627,21,2.871211967,0.101477791
4.194130348,4.64115602,2,0.032740547,22,2.896482813,0.098434769
4.196119098,4.640147957,2,0.031626204,21,2.78298174,0.129014484
4.157821467,4.600224259,2,0.036173443,21,2.964918753,0.086400955
4.223705892,4.658014641,2,0.032583857,19,2.858371348,0.11736718
4.225723052,4.649220551,2,0.031958658,22,2.983537903,0.074964403
4.197511222,4.636092008,2,0.02628073,22,2.936406372,0.100012847
4.182141031,4.604437384,2,0.023732712,20,2.816410878,0.127048053
4.173504176,4.59531519,2,0.016453971,20,2.738885499,0.14442496
4.203363827,4.624364487,2,0.012520399,23,2.90480119,0.080609226
4.205153702,4.658835065,2,0.021560666,21,2.70586323,0.130220622
4.177481675,4.637836275,2,0.027123035,20,2.854814547,0.116208844
4.186090119,4.631892955,2,0.009824567,21,2.677970672,0.149541714
4.205238934,4.635247631,2,0.027539793,23,3.008378619,0.062731956
4.214870163,4.639825724,2,0.03438865,19,2.837106021,0.121489369
4.187567475,4.628391028,2,0.02571018,21,2.864927758,0.115095089
4.164270697,4.587459055,2,0.024903629,23,3.008530528,0.068674963
4.248281152,4.671817472,2,0.020625005,21,2.397361749,0.197896672
4.188817546,4.617899244,2,0.01891482,23,-16.59421473,0.706544939
4.186715154,4.614519746,2,0.0188416,21,2.836671245,0.103400205
4.178646514,4.655568572,2,0.017520082,21,2.07753142,0.236386044
4.191431331,4.641265068,2,0.007035518,22,2.443565218,0.169956221
4.18574919,4.638073033,2,0.01956114,22,2.843280116,0.116906547
4.213904199,4.668517946,2,0.047231205,20,2.952424201,0.088247239
4.188902779,4.638720499,2,0.017858332,22,1.584941546,0.259196041
4.223876357,4.686761414,2,0.011205931,22,1.630982019,0.242851637
4.181629638,4.641717124,2,0.023993791,24,2.537341562,0.133786318
4.186885619,4.635931952,2,0.030554209,21,2.873137082,0.101218364
4.193249616,4.667821096,2,0.03787577,21,2.854631266,0.109451315
4.204699131,4.659751412,2,0.032589098,21,2.945482411,0.087995543
4.209869879,4.64127289,2,0.027777778,22,-55.90376007,1.570163685
4.225353713,4.68223899,2,0.022737192,23,2.987419995,0.068685364
4.130632422,4.579739535,2,0.037120153,22,-49.27090549,1.39472026
4.167736803,4.640541306,2,0.039003048,20,2.877883567,0.106041043
4.193476902,4.618659924,2,0.012311078,23,1.874643158,0.208763863
4.227598159,4.66511241,2,0.017130111,22,-16.56353692,0.877207066
4.175890676,4.62514387,2,0.035896069,22,2.397305331,0.168087703
4.195692937,4.661811526,2,0.024136545,21,2.83853081,0.115453985
4.182794477,4.629637624,2,0.015925198,22,2.503650149,0.163164199
4.184215012,4.62773378,2,0.030429647,22,2.926634008,0.099278821
4.210807432,4.653203666,2,0.018362085,22,2.809576281,0.117503378
4.201318257,4.634279425,2,0.021612531,20,2.841683338,0.115326762
4.183618387,4.629798323,2,0.042232221,19,2.866341654,0.113991078
4.207028808,4.648807288,2,0.016227813,21,2.138535242,0.231842885
4.154071254,4.593682901,2,0.041132345,20,2.934585618,0.091262129
4.192652992,4.646674652,2,0.020491917,22,2.788665012,0.113218452
4.206886755,4.661242839,2,0.042091502,20,2.929091892,0.0890153
4.149525541,4.577669232,2,0.022718763,23,-34.12442361,1.062281546
4.186459458,4.648828328,2,0.022773398,20,2.836456785,0.125465799
4.177225979,4.617811098,2,0.029691337,19,2.804717577,0.129996162
4.152508665,4.607213299,2,0.026780659,21,2.603287983,0.151807683
4.163219501,4.612149986,2,0.037164909,22,2.970458187,0.084640507
4.175890676,4.600853418,2,0.025393721,23,2.973458488,0.084756018
4.216688448,4.659014143,2,0.026141922,21,2.797982138,0.118607602
4.224984374,4.652542807,2,0.037966749,22,0.374032799,0.331291846
4.163929769,4.601236457,2,0.01896066,20,2.783832168,0.136222898
4.236860049,4.669539552,2,0.027207871,21,2.673954847,0.145413509
4.197369169,4.636064353,2,0.018505407,21,2.723258542,0.133540432
4.208875504,4.667342767,2,0.036727773,22,2.912896275,0.09049476
4.193476902,4.611562036,2,0.031732328,20,2.876504261,0.107088115
4.137024831,4.581106525,2,0.030875603,20,2.826373672,0.123235263
4.180663674,4.637492871,2,0.044828649,21,2.978444643,0.079084447
4.191743849,4.614778364,2,0.033379354,22,-52.17039848,1.472109329
4.182481959,4.632340108,2,0.010175427,21,2.627255511,0.160834686
4.176941872,4.621917678,2,0.014973344,21,2.575011992,0.154445877
4.19339167,4.62560615,2,0.019732677,21,2.690005045,0.154528436
4.180578442,4.645915277,2,0.021687421,22,2.92854232,0.093228559
4.184896869,4.637996828,2,0.011833691,22,2.510977093,0.152975889
4.199784079,4.632371386,2,0.033858088,20,2.912522917,0.099563501
4.212568896,4.645766419,2,0.018470868,21,2.330763732,0.203864943
4.227512927,4.633888947,2,0.040833626,20,2.91257002,0.09699939
4.197369169,4.642108941,2,0.012940397,20,2.708135327,0.140275897
4.170151713,4.620558864,2,0.023134778,22,2.914202517,0.097315501
4.207057219,4.638916428,2,0.028045509,21,2.84326743,0.111910358
4.176629354,4.618685984,2,0.041803586,23,-31.08000636,0.992709911
4.15833286,4.612788444,2,0.033346644,20,2.875924095,0.11130615
4.21555202,4.622758507,2,0.00934529,20,2.658824318,0.152485077
4.215466788,4.663645055,2,0.021223542,21,2.834069658,0.116942331
4.171600659,4.623864395,2,0.024247404,22,2.851355332,0.116143997
4.144411614,4.594219347,2,0.014687546,20,2.742405025,0.142690999
4.188419797,4.630522757,2,0.008592672,21,2.166424655,0.197248083
4.162281948,4.597032488,2,0.014174772,23,2.686015733,0.126561426
4.155804307,4.611041875,2,0.027364413,20,2.853335733,0.108048586
4.170663106,4.599741044,2,0.027505675,22,2.96706933,0.077734913
4.182709245,4.632122617,2,0.011875586,21,2.566222773,0.169927252
4.233564407,4.661094776,2,0.014176861,22,-43.80353214,1.462077506
4.173674641,4.636228128,2,0.040402304,20,2.928641343,0.092147439
4.187652708,4.621842524,2,0.017035438,20,2.744313767,0.14506819
4.184982101,4.636942762,2,0.035377145,20,2.917977165,0.098339865
4.222455821,4.651372725,2,0.025857577,21,2.752983849,0.129273083
4.210835843,4.652625362,2,0.036283056,22,2.997549521,0.072180245
4.196545258,4.649803091,2,0.011550528,23,-4.882651048,0.432494316
4.188732314,4.625718758,2,0.021717757,20,2.801118974,0.126988069
4.1679925,4.629237985,2,0.030988632,22,2.986954183,0.078371428
4.189130064,4.625825349,2,0.02209823,21,2.788240326,0.128027377
4.189243707,4.656263527,2,0.018525711,21,2.822976813,0.119374208
4.159923859,4.591428993,2,0.024748399,20,2.844615934,0.12158637
4.220836411,4.641419026,2,0.031058023,21,2.921350111,0.092319976
4.220325018,4.631424529,2,0.013873687,21,2.705030669,0.142467488
4.176174783,4.60645847,2,0.037006019,21,2.947093382,0.08325965
4.187056083,4.616057198,2,0.031291255,20,2.901578713,0.099713362
4.191431331,4.644612227,2,0.014725133,21,1.788597197,0.229638044
4.225382124,4.672528238,2,0.02012664,20,2.802725475,0.127558134
4.13861583,4.591484388,2,0.029547633,22,-49.72939189,1.406088222
4.169270981,4.605221529,2,0.023334151,22,2.922131342,0.090322585
4.184783226,4.647847054,2,0.039242307,21,2.950659295,0.08504699
4.187709529,4.612388676,2,0.033589445,21,2.935216197,0.087262045
4.154270129,4.585402868,2,0.016425079,21,2.658586598,0.159756077
4.167850446,4.611395438,2,0.029670681,22,2.956787272,0.082023204
4.173987158,4.61947207,2,0.032461883,19,2.873975803,0.109128823
4.167509518,4.618715106,2,0.024575833,22,2.717460561,0.130893139
4.257912381,4.697596116,2,0.040167507,22,3.010520638,0.062066057
4.188050457,4.652692247,2,0.024920608,20,2.854547001,0.11136148
4.197710097,4.638022692,2,0.015293272,20,2.761273422,0.136373666
4.225751463,4.675783554,2,0.018243355,20,2.801924944,0.132595109
4.200551168,4.649751184,2,0.026434499,21,-24.00022361,1.179130537
4.182339906,4.628207067,2,0.015395529,21,2.102025546,0.230199628
4.250724473,4.684689306,2,0.010526051,20,2.073535532,0.240305995
4.1555202,4.607476447,2,0.023042288,20,2.852202663,0.117514345
4.209841468,4.654572047,2,0.027260786,21,2.786667298,0.13033088
4.180038639,4.60273037,2,0.035078898,19,2.831483924,0.125484157
4.201573953,4.63864041,2,0.016138801,21,2.716601696,0.140803639
4.215495199,4.6470288,2,0.030214018,23,-37.83920183,1.090308623
4.170719927,4.626977347,2,0.020461309,21,2.754161101,0.13716441
4.211602932,4.672646614,2,0.037397186,20,2.900317931,0.097682117
4.211631343,4.672928049,2,0.014001366,21,2.617536904,0.158774423
4.217910109,4.666734874,2,0.029178429,19,2.84021268,0.123520043
4.189499403,4.62927597,2,0.009979107,23,2.763991509,0.097558691
4.217711234,4.657136681,2,0.010345742,20,1.880217706,0.260852646
4.217000966,4.654530649,2,0.022603141,20,2.819043562,0.123580909
4.185465083,4.618736389,2,0.020199567,23,2.93582102,0.080141983
4.228961873,4.663327947,2,0.032852888,21,2.937294851,0.086172298
4.196573669,4.628984039,2,0.023418502,21,2.874015991,0.104654109
4.194698562,4.631615767,2,0.036104446,22,2.818687949,0.113046004
4.183788852,4.629061258,2,0.021680309,21,2.82519686,0.120573193
4.158105574,4.607373038,2,0.015942659,23,2.646732694,0.134623152
4.204386613,4.644133575,2,0.048878534,21,2.945316621,0.084209566
4.173220069,4.650263089,2,0.01506042,23,2.771086193,0.116182821
4.225893517,4.654293733,2,0.023474787,22,2.816712656,0.103841092
4.201716007,4.641490574,2,0.019109865,22,-49.05211619,1.3889844
4.217057787,4.640008626,2,0.039474382,20,2.942741488,0.091180197
4.20629013,4.63850044,2,0.017840683,19,2.73970269,0.141518308
4.157452128,4.619210364,2,0.032802218,22,2.889007799,0.104439422
4.189215296,4.651774784,2,0.008414177,21,1.341216552,0.306231067
4.188078868,4.647458114,2,0.03426831,20,2.909553709,0.102730051
4.165492358,4.606990291,2,0.013764375,23,2.58337321,0.120936759
4.163901358,4.63651652,2,0.024724717,22,-48.03403325,1.361865696
4.168333428,4.6083672,2,0.022718763,23,-34.12442361,1.062281546
4.217143019,4.674760211,2,0.022662366,22,-51.48932697,1.453587747
4.168759589,4.61933389,2,0.032476817,21,2.949813634,0.088384635
4.223734303,4.666906742,2,0.053443662,2,1.283812908,0.970165866
4.188760725,4.625997047,2,0.024354322,20,2.823204894,0.119755503
4.140462526,4.605289605,2,0.037041812,20,2.915265275,0.100928376
4.193505313,4.62048838,2,0.036729863,19,2.849078354,0.118940966
4.178959032,4.619395913,2,0.021207071,22,-52.75324819,1.488107402
4.206858344,4.648234258,2,0.038154647,21,2.868251914,0.110310481
4.177169157,4.6146006,2,0.024666533,20,2.852507587,0.110426016
4.19177226,4.64801016,2,0.016606338,21,2.698255119,0.139684516
4.196545258,4.678748137,2,0.019936633,22,1.959014772,0.227149165
4.184357066,4.625207281,2,0.027011128,21,2.890062896,0.096736352
4.17927155,4.620844266,2,0.045394055,20,2.950552764,0.084469678
4.2014319,4.642378135,2,0.026721675,21,2.876599288,0.107596987
4.196147508,4.653362375,2,0.013320431,21,1.231081919,0.311840107
4.176998693,4.621718795,2,0.027123493,20,2.823365673,0.1200295
4.189499403,4.630490972,2,0.012251654,22,2.279459475,0.191755748
4.170265356,4.602040547,2,0.008290519,22,2.688588535,0.138520756
4.212796182,4.658434307,2,0.029428896,22,2.960720782,0.094375569
4.218620376,4.63853593,2,0.02741317,21,2.882425595,0.10429367
4.149127791,4.607450381,2,0.039941081,20,2.916454072,0.099072217
4.220467072,4.639333509,2,0.035001003,19,2.883845484,0.110106893
4.2115177,4.630976306,2,0.012563842,23,2.35834364,0.140875627
4.196403205,4.616244428,2,0.013413077,21,2.733423692,0.130556451
4.16964032,4.651451843,2,0.020471169,21,2.852228716,0.111186554
4.182766066,4.639891025,2,0.0257616,21,2.914567942,0.103893071
4.19944315,4.640082808,2,0.037784553,20,2.903964348,0.100091916
4.170663106,4.615365979,2,0.030481171,21,2.70842584,0.13958383
4.171714302,4.638031951,2,0.049290197,20,2.954022795,0.08265007
4.149241434,4.595586054,2,0.033804863,21,2.918892096,0.098812434
4.17447014,4.643129994,2,0.048354454,19,2.912918387,0.096420012
4.182254674,4.630471944,2,0.041654353,22,3.013300231,0.071460926
4.161401216,4.626716183,2,0.02638649,22,1.62400253,0.260991875
4.117506677,4.576930445,2,0.032270858,20,2.903513091,0.107618775
4.213818967,4.631278588,2,0.030240859,21,2.90323872,0.089375073
4.153332576,4.596947258,2,0.050026012,2,1.246881744,0.97883517
4.185180976,4.620125446,2,0.016831857,22,-46.75795698,1.390219016
4.22362066,4.686443236,2,0.020253324,22,2.892903001,0.099296526
4.203335417,4.640033271,2,0.024446867,22,2.932368517,0.095631583
4.208761861,4.651683756,2,0.02236233,23,-37.91187912,1.093022876
4.185919655,4.614798129,2,0.023437427,21,2.697686685,0.140065545
4.195579294,4.625222407,2,0.016586769,21,2.241583085,0.212103719
4.183220638,4.634837123,2,0.032764532,20,2.786194416,0.132241484
4.19097676,4.656873058,2,0.030676019,23,3.021122117,0.0606401
4.206801523,4.63250807,2,0.023318202,21,2.863339634,0.10974891
4.173788283,4.609385281,2,0.024501554,20,2.842117261,0.116936166
4.183561566,4.621644138,2,0.014287749,21,2.672868589,0.151837636
4.232200693,4.667126293,2,0.020003985,20,2.767551091,0.136731907
4.158872663,4.60512313,2,0.019072701,21,2.743043961,0.140420146
4.154667879,4.607178318,2,0.014330398,21,2.710378436,0.139374882
4.19699983,4.65847653,2,0.035514154,20,2.886515474,0.110446452
4.171856355,4.60818168,2,0.027787406,21,2.888699617,0.099473197
4.190777885,4.620183668,2,0.022036426,21,2.878409198,0.102533973
4.17768055,4.612425581,2,0.011667753,22,2.498942562,0.16330045
4.203846809,4.647621581,2,0.039844619,19,2.863390321,0.110195507
4.209983522,4.650959929,2,0.01924547,20,2.803228268,0.125410839
4.166714018,4.615119424,2,0.019678311,21,2.864360643,0.112421786
4.216802091,4.637935241,2,0.028093102,21,2.866777999,0.108918801
4.166344679,4.597217911,2,0.050735885,9,2.435247113,0.327222831
4.18532303,4.622311471,2,0.016821047,21,2.135600162,0.218203137
4.238337406,4.672906859,2,0.036099238,19,2.88650534,0.108008968
4.217228252,4.643538392,2,0.026917199,20,2.716826755,0.14805253
4.181885334,4.636363687,2,0.040122853,22,2.951959558,0.076214823
4.175237229,4.632003443,2,0.009169829,21,2.193453766,0.211170079
4.172879141,4.640178083,2,0.010023254,22,2.462051849,0.154658452
4.228564123,4.687847422,2,0.020580417,20,2.834097482,0.114482467
4.241661458,4.686860141,2,0.020855231,23,-37.22257966,1.074440061
4.148531167,4.582264083,2,0.021285632,20,2.795032776,0.128710326
4.209841468,4.650963286,2,0.034439772,22,2.99286225,0.075770945
4.167509518,4.620049727,2,0.020127304,21,2.849878582,0.11361674
4.222455821,4.642660629,2,0.027191346,21,2.845454933,0.114626621
4.222086482,4.655307009,2,0.02178013,21,2.831956915,0.121884448
4.192255242,4.643828808,2,0.016634366,20,2.790105301,0.131252205
4.195266777,4.617849449,2,0.008500481,21,2.460281654,0.173404913
4.195209955,4.633722289,2,0.009891251,21,1.848986475,0.229586883
4.138076027,4.624747312,2,0.040781381,20,2.868352961,0.113648093
4.124240014,4.572371052,2,0.014777289,21,2.819996354,0.111714302
4.184357066,4.613201383,2,0.040076957,23,3.057559556,0.059639949
4.20751179,4.650737944,2,0.037494044,20,2.836469377,0.12326605
4.189073243,4.634387502,2,0.027960694,19,2.820322811,0.129328883
4.182169441,4.638270141,2,0.007090353,21,2.382351096,0.187231275
4.201602364,4.636479683,2,0.022013035,21,2.780918234,0.128153973
4.156429343,4.608432166,2,0.01690445,21,2.601207721,0.17089713
4.153730326,4.608341125,2,0.020639917,21,2.69705327,0.142225793
4.213421217,4.660265477,2,0.037429398,19,2.882822538,0.109737763
4.231689301,4.642401776,2,0.027045598,23,2.739645011,0.111336952
4.216319109,4.659052649,2,0.040220847,23,-32.9011938,0.95913295
4.225808285,4.663113124,2,0.025430384,23,2.635125153,0.122887199
4.186970851,4.638547655,2,0.01939343,22,2.191120123,0.20256112
4.210438093,4.661696396,2,0.028813783,22,2.761927806,0.123964895
4.224984374,4.658273272,2,0.010399138,21,2.355220214,0.190609728
4.178731746,4.656056528,2,0.025822449,22,-33.72341378,1.203926345
4.216546395,4.645711147,2,0.018957146,21,2.834236649,0.119291662
4.182680834,4.639438185,2,0.044426624,21,2.94346455,0.081369348
4.161798966,4.590311242,2,0.037077487,20,2.904450242,0.100600757
4.190777885,4.638754004,2,0.045844169,20,2.931578036,0.091422371
4.162480823,4.60870672,2,0.018997372,20,2.796869304,0.124673788
4.171259731,4.593052556,2,0.029353481,21,2.842878744,0.106091044
4.227115177,4.664797941,2,0.027673508,20,2.8672176,0.106630225
4.23853628,4.674468099,2,0.01960983,22,2.804731163,0.11785542
4.188533439,4.639657195,2,0.018164227,22,2.82890369,0.117865629
4.174100801,4.6144588,2,0.032104508,21,2.270264062,0.206749704
4.18128871,4.618566961,2,0.018364327,22,-0.535123229,0.364913561
4.186260583,4.625342933,2,0.015900549,23,2.517977998,0.179406575
4.195977044,4.637266163,2,0.024921801,22,2.671795902,0.136975936
4.206545826,4.645554981,2,0.017339781,20,2.761849899,0.134714716
4.163872947,4.62249169,2,0.043637287,19,2.911090789,0.096046674
4.235752031,4.676541645,2,0.023810527,21,2.725411534,0.146379416
4.186317404,4.644722315,2,0.02506805,21,2.16577472,0.201851924
4.197681686,4.61830347,2,0.021634484,20,2.78346951,0.128320357
4.206148077,4.679276061,2,0.013603592,20,2.614496693,0.169144016
4.162594466,4.612744902,2,0.012253945,21,2.482144375,0.162303875
4.197624865,4.635094296,2,0.010350789,21,2.483908989,0.173215256
4.2014319,4.651860354,2,0.029956196,20,2.829662296,0.117572366
4.161315984,4.627808978,2,0.034085123,20,2.903896303,0.09257224
4.240752315,4.684342121,2,0.046322164,22,3.016731083,0.055942647
4.215381556,4.630006708,2,0.014899977,21,2.288551771,0.186214104
4.221234161,4.660416268,2,0.026815189,20,2.880235467,0.101198332
4.211773396,4.649879898,2,0.032600901,21,2.939691463,0.091756038
4.183930905,4.616428957,2,0.020855231,23,-37.22257966,1.074440061
4.211602932,4.637228886,2,0.032390448,21,2.911718329,0.095130504
4.192255242,4.625733368,2,0.049445521,21,2.992029756,0.070045597
4.183021763,4.635534533,2,0.028700027,21,2.580834438,0.168557639
4.191402921,4.637674692,2,0.029579945,23,-38.4831024,1.10736811
4.187283368,4.64711121,2,0.032313375,19,2.837509539,0.123158691
4.181459174,4.62562899,2,0.029680436,20,2.851087543,0.11355059
4.227143588,4.659357661,2,0.020833309,21,-63.65702709,1.776538801
4.199982954,4.667169198,2,0.02684221,23,3.007805256,0.065398746
4.187652708,4.638814109,2,0.017206566,23,1.780780197,0.221109693
4.164924143,4.611233019,2,0.027082342,24,2.791446939,0.107656796
4.176430479,4.650505902,2,0.026017151,20,2.86548924,0.106287603
4.172708677,4.599287898,2,0.02621271,22,2.963400483,0.086457961
4.208733451,4.660456459,2,0.034174162,22,-53.71041337,1.511762708
4.211318825,4.656220092,2,0.027421076,20,2.751643397,0.138443059
4.206148077,4.645915113,2,0.01723612,21,2.683267951,0.156026126
4.207568612,4.643961856,2,0.026888549,21,2.921993253,0.098358342
4.161060288,4.594024526,2,0.045543258,21,2.916625956,0.091225969
4.187084493,4.633438206,2,0.024825151,21,2.723478754,0.149586529
4.213250753,4.667717088,2,0.034993364,19,2.879491723,0.111408182
4.19015285,4.642128619,2,0.028963719,21,2.895463028,0.10706118
4.198505597,4.620473027,2,0.014999547,21,-25.20841656,1.145207228
4.173163248,4.606159424,2,0.007282351,22,2.462449488,0.158083723
4.176913461,4.626529751,2,0.017950734,20,2.76031585,0.143030144
4.186914029,4.626449713,2,0.028476067,23,2.678065438,0.135447178
4.203335417,4.67201346,2,0.02028969,22,-38.21494323,1.313846316
4.163219501,4.583633568,2,0.019894856,19,2.756919592,0.145604623
4.219785215,4.650626174,2,0.025752043,20,2.842741599,0.121889604
4.197255526,4.625639538,2,0.041635235,20,2.930139321,0.08755531
4.174498551,4.637517591,2,0.036837409,19,2.888134952,0.107397616
4.212171146,4.63774204,2,0.015322074,21,2.785325172,0.130761635
4.188618672,4.654818176,2,0.027082342,24,2.791446939,0.107656796
4.198278311,4.645673636,2,0.013366973,21,2.081011387,0.237517874
4.19623274,4.641851101,2,0.046878847,19,2.909979397,0.092456868
4.184697994,4.650585051,2,0.030348098,22,2.849222934,0.100433956
4.171742713,4.623677858,2,0.026794695,21,2.897328494,0.088526898
4.208023183,4.636545324,2,0.020217458,21,2.163570959,0.205251858
4.19015285,4.622619302,2,0.031317405,20,2.790292126,0.134859402
4.190806296,4.633375344,2,0.006617448,21,2.508879154,0.185069658
4.208989147,4.619122028,2,0.040155506,21,2.905650462,0.093967494
4.215921359,4.635559121,2,0.014030048,22,2.83673138,0.114777274
4.199556793,4.632209454,2,0.016813422,22,2.752807493,0.127911004
4.213506449,4.662440518,2,0.016985553,22,2.805589573,0.108747892
4.230155122,4.664323081,2,0.030849078,20,2.73557261,0.147126194
4.162111484,4.60603428,2,0.052902796,19,2.897584166,0.101971567
4.22603557,4.68048862,2,0.006862311,21,2.309127246,0.212620886
4.194300813,4.625506629,2,0.020665852,20,2.737338834,0.142885239
4.183987727,4.624328159,2,0.021834383,20,2.796670283,0.130325118
4.1454344,4.6080802,2,0.033999965,21,2.958884421,0.085720998
4.188533439,4.632818386,2,0.011355175,23,2.277176841,0.175208259
4.190124439,4.645467145,2,0.037346795,20,2.88268044,0.106355925
4.195465651,4.642859586,2,0.031214772,20,2.883785803,0.105183056
4.202966078,4.667006938,2,0.013162028,22,2.84316252,0.114812043
4.207170862,4.678896936,2,0.04167754,23,3.053577012,0.054937001
4.217597591,4.650017306,2,0.018342295,21,2.831248274,0.111267955
4.20629013,4.65276196,2,0.035855463,22,3.002914202,0.071518908
4.177708961,4.629568678,2,0.009453548,20,2.639914023,0.165861845
4.187595886,4.62930747,2,0.017133672,21,2.810285483,0.125705129
4.176600943,4.637572784,2,0.01880448,21,2.752424485,0.131861437
4.229444855,4.677869708,2,0.040197887,20,2.784773196,0.130681678
4.195494062,4.64599955,2,0.029795021,23,1.110895559,0.241573439
4.21472811,4.664129904,2,0.023484564,22,2.764508401,0.11319846
4.183163816,4.629055345,2,0.020709246,21,2.745513667,0.134356373
4.212085914,4.661201173,2,0.035415209,19,2.831100986,0.125574575
4.166486732,4.627920525,2,0.009339747,22,2.691588857,0.155147729
4.191317689,4.65012498,2,0.010387491,21,2.549106662,0.172331913
4.233820103,4.673873682,2,0.033116737,20,2.873109564,0.106730011
4.203420649,4.628593063,2,0.031680278,21,2.91918369,0.096927711
4.196715722,4.639409337,2,0.037514791,20,2.920460026,0.095080229
4.203761577,4.645586202,2,0.022946211,22,2.737200485,0.124290893
4.180294335,4.619162549,2,0.02024353,22,-51.85823928,1.464348779
4.213307574,4.662026102,2,0.026971121,20,2.853467262,0.11351107
4.191260867,4.630271292,2,0.038401946,19,2.889341443,0.109557527
4.202142167,4.632124953,2,0.012301684,22,0.179469458,0.345037093
4.207937951,4.660193303,2,0.027522487,21,2.772386105,0.125523716
4.196147508,4.636977123,2,0.011106246,21,2.392395224,0.183423613
4.178532871,4.607875436,2,0.025430384,23,2.635125153,0.122887199
4.154838343,4.594519803,2,0.021248397,21,2.864452658,0.10620213
4.195124723,4.626752423,2,0.007794074,22,2.531394622,0.161455824
4.169413035,4.606206363,2,0.042765586,21,2.972783253,0.078508005
4.180805728,4.610683829,2,0.019149039,21,2.79793689,0.123948998
4.207739076,4.64034946,2,0.023452406,21,2.867031442,0.107317686
4.231973408,4.640490048,2,0.035907743,19,2.859449975,0.111305909
4.219870447,4.655546456,2,0.017878044,22,0.844257354,0.301933046
4.219955679,4.645991288,2,0.028719893,21,2.767049552,0.131858821
4.192652992,4.637341121,2,0.012364398,22,2.74203438,0.131348374
4.208392522,4.668280375,2,0.022485677,20,2.804117173,0.127040547
4.202880846,4.6617206,2,0.016424501,21,2.78480192,0.121355055
4.202937667,4.676765468,2,0.035774581,22,-51.93324073,1.4653558
4.201687596,4.645312819,2,0.026989202,20,2.837355074,0.118796697
4.187681118,4.624818659,2,0.01866367,20,2.802176598,0.123341422
4.228677766,4.65335192,2,0.019049243,22,1.994576274,0.210366309
4.178618103,4.609428707,2,0.041919748,20,2.936233275,0.092114269
4.162622876,4.622468229,2,0.03238524,22,2.874655397,0.100914438
4.184470709,4.634579117,2,0.026926738,22,2.921714281,0.088252023
4.185891244,4.637286268,2,0.019761202,20,2.732849301,0.152809467
4.202312631,4.628454413,2,0.019623849,22,2.878477448,0.094943442
4.185919655,4.620341748,2,0.053899378,6,2.217576971,0.450115469
4.215097449,4.664749387,2,0.013730406,21,1.90273269,0.2419947
4.227768623,4.674175531,2,0.024942273,20,2.875342831,0.114287552
4.208790272,4.644809385,2,0.012895774,21,2.726817706,0.13836831
4.211034718,4.632798584,2,0.033187639,20,2.916433119,0.097394969
4.232143872,4.673224719,2,0.032966929,20,2.89091744,0.098973301
4.187624297,4.652162908,2,0.02236233,23,-37.91187912,1.093022876
4.203420649,4.661700123,2,0.045375812,20,2.918717043,0.09236387
4.201517132,4.62912131,2,0.016571741,21,2.667703667,0.148752698
4.195749759,4.618681029,2,0.024211153,20,2.791029891,0.12543845
4.189811921,4.628492884,2,0.016325337,21,1.548644448,0.275208514
4.179044264,4.632716496,2,0.022716129,22,1.195393372,0.274530996
4.182084209,4.624879609,2,0.02510866,22,2.794423905,0.150007131
4.215978181,4.641381366,2,0.019663796,21,2.769058785,0.128456412
4.17890221,4.630283628,2,0.019659254,21,2.792952808,0.134419573
4.118813569,4.569951544,2,0.023773769,21,2.812971926,0.116393541
4.181515995,4.625725032,2,0.008595329,21,2.358026365,0.196160677
4.190664242,4.644506148,2,0.031826049,22,-40.67860138,1.272293133
4.169242571,4.608370892,2,0.015642359,21,2.655371822,0.147434069
4.1897551,4.647007881,2,0.008698737,21,2.499165738,0.18212954
4.18574919,4.644304647,2,0.019168646,22,2.662306677,0.145898035
4.157508949,4.605867054,2,0.008536578,22,2.547305485,0.14371316
4.273282573,4.683366853,2,0.023549451,21,2.791256462,0.121830206
4.195550884,4.648577012,2,0.02563219,23,2.968008968,0.093201979
4.193476902,4.651776604,2,0.034973392,20,2.920764819,0.09954295
4.199130632,4.623335216,2,0.018759737,22,2.9139114,0.092776608
4.220637536,4.675906138,2,0.015945055,20,2.608812084,0.174306802
4.150889255,4.587308684,2,0.019691598,21,2.439026397,0.178019794
4.229927837,4.683736576,2,0.010757584,23,2.820846366,0.091102151
4.177538497,4.640791946,2,0.02968171,21,2.804712414,0.119043133
4.151798398,4.582730503,2,0.028807539,23,2.816256323,0.102029473
4.155491789,4.593999926,2,0.015247733,22,-26.68723693,1.121931917
4.23126314,4.667066315,2,0.021390256,24,1.861952589,0.186091031
4.199642025,4.651787883,2,0.034578604,19,2.869982689,0.116927988
4.232825729,4.680796154,2,0.023128064,22,2.882688532,0.109679384
4.154128075,4.585342588,2,0.035317468,20,2.883653238,0.107273433
4.220040911,4.633235042,2,0.034575277,20,2.85610105,0.10987517
4.162452412,4.622806107,2,0.036000833,22,2.687723923,0.131150664
4.185550315,4.634744442,2,0.024999524,21,2.695996413,0.140349511
4.169810785,4.603865817,2,0.02375238,22,-45.93220728,1.306117175
4.199386329,4.649932644,2,0.046469124,19,2.89291328,0.101059815
4.179498835,4.606074171,2,0.022493041,20,2.803589957,0.120125478
4.213165521,4.643081166,2,0.016172541,22,2.846890532,0.103704509
4.170947213,4.62278556,2,0.013764375,23,2.58337321,0.120936759
4.165236661,4.60708272,2,0.029093795,19,2.858504399,0.113977851
4.218563555,4.663120176,2,0.023952266,22,2.728944881,0.10822598
4.142479686,4.596610418,2,0.021855347,21,2.472826507,0.177957707
4.178987442,4.617287851,2,0.009363766,21,2.538911497,0.159252554
4.173731462,4.624641899,2,0.022031638,21,2.74056304,0.134127977
4.214841752,4.666944102,2,0.031688061,21,2.835947277,0.121198128
4.195266777,4.639975724,2,0.005590779,22,2.473630919,0.160842222
4.188703904,4.624697178,2,0.036807053,21,2.943046415,0.093374842
4.228109552,4.672633016,2,0.026689022,21,2.826406855,0.122275688
4.19461333,4.641952941,2,0.036415289,23,3.041742013,0.059502022
4.197852151,4.636304208,2,0.031385723,20,2.810728849,0.134027763
4.141286437,4.588116085,2,0.0318175,20,2.884701954,0.103314135
4.191232456,4.620742871,2,0.018807204,22,2.817994325,0.123003195
4.187908404,4.615979497,2,0.047204455,20,2.947969301,0.084189847
4.180777317,4.632879164,2,0.032438772,22,2.323979601,0.185108983
4.178248764,4.628679484,2,0.011567072,20,2.702417171,0.146352535
4.223336553,4.65700452,2,0.031958658,22,2.983537903,0.074964403
4.242343315,4.666175306,2,0.02471001,20,2.843004944,0.12101485
4.209045969,4.639819304,2,0.020485784,21,2.861782885,0.106553304
4.230410819,4.687269113,2,0.015138629,22,2.790770422,0.127684461
4.174299676,4.623195039,2,0.020457509,21,2.334864155,0.193198791
4.124382067,4.568136901,2,0.029203093,20,2.873735084,0.102766389
4.174186033,4.638108235,2,0.024848357,24,3.05494413,0.066144187
4.216063413,4.663797162,2,0.021025431,22,2.84837496,0.116657933
4.208136826,4.661193282,2,0.031466901,22,2.879303732,0.096627508
4.22524007,4.639961535,2,0.007290329,22,2.669665576,0.120984207
4.228990284,4.67026973,2,0.025194163,22,2.783722546,0.113755372
4.176032729,4.613215529,2,0.02465056,21,2.818814789,0.123478648
4.20546622,4.669751799,2,0.03295664,20,2.911635038,0.100180205
4.173958748,4.630576292,2,0.032911431,19,2.845910218,0.121212307
4.171373373,4.617133702,2,0.044274159,19,2.910023401,0.100147227
4.176316836,4.601192162,2,0.03656203,21,2.658249745,0.14787796
4.21313711,4.648919322,2,0.031805464,23,2.082251763,0.177645212
4.187226547,4.627582222,2,0.012647459,21,2.495133903,0.173623105
4.177339622,4.593248634,2,0.033163326,20,2.892247769,0.103476545
4.187084493,4.631855965,2,0.022895904,21,2.875334919,0.102857857
4.229416444,4.662123532,2,0.025848503,21,2.907777828,0.092114943
4.20427297,4.642737447,2,0.044270107,20,2.943716071,0.087974752
4.209841468,4.615779266,2,0.037599724,22,3.004394979,0.070425411
4.212483664,4.637804306,2,0.023363924,20,2.841164143,0.118604574
4.186857208,4.618603387,2,0.019622658,21,2.660702433,0.147123192
4.190522189,4.644270348,2,0.049771274,19,2.90156006,0.098127579
4.179243139,4.625696966,2,0.013203068,22,2.400588387,0.171019983
4.20106256,4.647541137,2,0.01669739,23,2.817034843,0.135423012
4.211744986,4.656661387,2,0.033263987,20,2.847989503,0.116530311
4.23853628,4.637361428,2,0.026548722,22,2.931350299,0.090616227
4.181885334,4.620145676,2,0.026886413,19,2.832451598,0.123014911
4.168532303,4.625758727,2,0.021879862,22,2.504709264,0.164458308
4.183959316,4.619802204,2,0.031420535,20,2.900337581,0.104332639
4.137933974,4.567726019,2,0.023580791,20,2.840508728,0.117836605
4.181998977,4.621610653,2,0.030113814,20,2.891475878,0.107463497
4.230581283,4.66726441,2,0.033193071,19,2.827392746,0.119779008
4.186715154,4.642785272,2,0.020042216,20,2.789189014,0.12173429
4.183902494,4.64321266,2,0.02485805,22,2.789486678,0.112648292
4.194783795,4.633522557,2,0.024888311,22,2.465629074,0.174983161
4.189300528,4.647442136,2,0.036891892,23,2.979602181,0.07846093
4.209415308,4.671002898,2,0.005324317,22,2.557378728,0.167806128
4.195948633,4.646059896,2,0.028803615,21,-63.26742643,1.767166347
4.213449628,4.658962419,2,0.025593108,21,2.911243107,0.092741325
4.230808569,4.699036026,2,0.009248358,22,2.702813316,0.135354234
4.166628786,4.631827362,2,0.024325876,20,2.854762821,0.111462439
4.230979033,4.645015941,2,0.018586614,20,2.801968643,0.123552391
4.19421558,4.624634865,2,0.009250986,20,2.634751123,0.159426619
4.230183533,4.682204279,2,0.041311209,19,2.872738225,0.112768789
4.197369169,4.654876512,2,0.021366272,20,2.826760825,0.127661386
4.140661401,4.615368314,2,0.017559353,22,2.651664492,0.151591177
4.217143019,4.65802939,2,0.013211212,21,2.416166416,0.180446013
4.184726405,4.623549107,2,0.018498912,22,0.93808658,0.30317721
4.177424854,4.633854935,2,0.041795178,21,2.971405815,0.080688382
4.19177226,4.640185757,2,0.037269346,20,2.914379882,0.098694086
4.174413319,4.610637381,2,0.032482284,22,-47.58774248,1.349905252
4.182027388,4.632419323,2,0.014872894,23,2.478478598,0.152767919
4.186800386,4.655721489,2,0.023133587,20,2.740684719,0.139864469
4.185010512,4.600826095,2,0.030000996,20,2.778389991,0.129585302
4.17245298,4.627708181,2,0.009045665,21,2.362239294,0.197090724
4.176345247,4.632473522,2,0.025676051,21,2.915494934,0.101958983
4.195096312,4.631905725,2,0.03333994,21,2.802072916,0.121422597
4.188647082,4.634579582,2,0.032649011,21,2.772764081,0.128427421
4.176941872,4.6505048,2,0.042145771,20,2.935645762,0.088540797
4.252713222,4.708646117,2,0.01615183,22,-0.514489502,0.388334497
4.156116825,4.586508161,2,0.029156436,22,2.938441734,0.087367264
4.204017274,4.646434149,2,0.021916561,23,2.979111746,0.067282178
4.167197,4.606336675,2,0.030576824,20,2.871711536,0.109237071
4.173504176,4.614755244,2,0.046170801,19,2.865209292,0.11631614
4.146428774,4.603172339,2,0.013585263,23,2.654076503,0.136420988
4.171288141,4.625163044,2,0.019179936,21,2.632687509,0.157275174
4.205807148,4.669730701,2,0.010546315,22,1.899679871,0.233634063
4.252145008,4.685995608,2,0.013528038,22,2.803210841,0.12225937
4.184641173,4.656661852,2,0.01350047,21,2.580075637,0.17678679
4.187254958,4.623917453,2,0.024395425,20,2.592746839,0.166675447
4.193590545,4.629542423,2,0.028959361,20,2.830720999,0.124092853
4.220126144,4.666028114,2,0.025092129,22,2.85669337,0.1135575
4.189499403,4.627821229,2,0.036021055,20,2.903231263,0.098029056
4.205182113,4.658684405,2,0.022199082,22,-55.98736736,1.57329864
4.157224842,4.613014191,2,0.02198068,22,2.284735912,0.177674783
4.212796182,4.649179382,2,0.041661985,19,2.907068683,0.10232064
4.193647366,4.658098688,2,0.021852212,20,2.801571594,0.128265217
4.191971135,4.641631462,2,0.048824917,19,2.921659127,0.09105268
4.228280016,4.663135954,2,0.029273639,22,-16.96122391,0.933731125
4.208534576,4.662491878,2,0.008652378,22,0.835473806,0.289993666
4.207057219,4.634713167,2,0.027045284,22,-47.26779385,1.341528827
4.219785215,4.667973942,2,0.031627963,22,-39.98814936,1.372306989
4.221518268,4.684050861,2,0.034949835,20,2.870780648,0.111544177
4.233564407,4.669255315,2,0.026315789,23,-37.48344017,1.081204261
4.203676345,4.656929765,2,0.051033539,21,2.993362059,0.072727885
4.233905336,4.676728536,2,0.019663991,23,2.887566548,0.100193836
4.155349736,4.614500166,2,0.032661894,23,3.023831746,0.068109733
4.161713734,4.622254271,2,0.022619246,22,-40.54049563,1.236338176
4.206829934,4.65382783,2,0.030459462,20,2.858964899,0.113802235
4.163872947,4.622522421,2,0.039604948,20,2.835891888,0.116044702
4.202113756,4.636310352,2,0.018705594,22,2.275962889,0.176512573
4.210182397,4.681008822,2,0.015982319,21,2.808633401,0.117612616
4.180550031,4.628605635,2,0.02476143,22,2.95815885,0.085787694
4.19219842,4.645568331,2,0.014837091,21,2.223420018,0.217811974
4.185180976,4.628536231,2,0.017706792,22,-53.95788218,1.561523655
4.190124439,4.647552162,2,0.011972689,23,1.737969289,0.251592927
4.219131769,4.666479805,2,0.011202811,21,1.966727489,0.229624945
4.203193363,4.6639279,2,0.037270322,19,2.837291888,0.123205185
4.196289562,4.662094199,2,0.035685388,22,2.936334696,0.086247077
4.215125859,4.651302164,2,0.024336541,23,2.318094251,0.234571418
4.205352577,4.647216007,2,0.039224211,22,3.004523773,0.073918052
4.14625831,4.605115351,2,0.030945813,20,2.893784136,0.107355924
4.18572078,4.613657821,2,0.0328637,20,2.904607564,0.0982585
4.206261719,4.641602966,2,0.017058555,22,2.809871886,0.115200721
4.255952043,4.674650062,2,0.029553733,21,2.851808849,0.106740163
4.206886755,4.629482824,2,0.011996565,22,1.872372585,0.2139801
4.202142167,4.632554272,2,0.021708086,20,2.829500527,0.121520209
4.139638616,4.596505997,2,0.039911551,21,2.949165074,0.085692122
4.230524462,4.676516721,2,0.036324103,20,2.917388501,0.096674793
4.206261719,4.665748254,2,0.044425,19,2.862076002,0.118733249
4.201687596,4.66693148,2,0.021997119,21,2.870915583,0.104304024
4.178163532,4.656621339,2,0.010493335,22,2.516012844,0.160823881
4.159071538,4.601675551,2,0.020613857,20,2.819889078,0.122194377
4.190692653,4.645040194,2,0.016032265,22,2.846033221,0.128005053
4.172907552,4.615045436,2,0.040233037,21,2.964628682,0.083402587
4.199471561,4.632860142,2,0.047547584,23,3.14110085,0.0095168
4.156429343,4.606693325,2,0.02983044,22,2.968771816,0.081866036
4.182396727,4.610719755,2,0.025416595,21,2.879064915,0.09915571
4.177027104,4.620903129,2,0.020884932,21,2.857343876,0.110096489
4.202625149,4.65313366,2,0.0118841,23,2.141766109,0.179123374
4.194016705,4.636512252,2,0.010338384,21,2.50415648,0.185524665
4.170322177,4.619181205,2,0.028201016,20,2.839737343,0.125485721
4.177936246,4.61805756,2,0.016336916,21,2.791193049,0.127563999
4.224586624,4.659615751,2,0.020328564,21,2.821110565,0.120962243
4.226546963,4.669701442,2,0.019588097,23,2.756762019,0.146585729
4.203818399,4.638355519,2,0.030155974,20,2.858477553,0.115167053
4.202966078,4.637161581,2,0.032577722,21,2.858599653,0.107929634
4.154838343,4.624443769,2,0.006028077,22,2.295979166,0.17685004
4.236860049,4.690180426,2,0.019741805,21,2.820731911,0.122434042
4.220296608,4.669459003,2,0.010619207,21,1.492145629,0.297872545
4.177708961,4.610998318,2,0.02598358,20,2.825215479,0.120697602
4.195636116,4.647182805,2,0.033648383,20,2.843897598,0.121174372
4.199698847,4.658480536,2,0.026101456,21,2.909030475,0.105591884
4.149241434,4.578559722,2,0.033333333,23,-36.54805749,1.055998389
4.214642877,4.644995245,2,0.019078581,21,2.066120933,0.223711381
4.207284505,4.661164216,2,0.018024234,21,-61.9837131,1.733050791
4.211233593,4.670945354,2,0.026767159,20,2.854941064,0.113246241
4.169043696,4.615601007,2,0.02048533,20,2.651772954,0.162003804
4.201318257,4.657572173,2,0.017680016,21,2.801760862,0.121173506
4.184215012,4.628445875,2,0.026336329,19,2.841583063,0.120082616
4.180351156,4.634505245,2,0.035372086,19,2.850214632,0.113258877
4.205437809,4.664344296,2,0.015547702,22,0.832562081,0.315024856
4.236632763,4.656585797,2,0.050305775,20,2.964504242,0.083568897
4.208960736,4.635041498,2,0.033675338,20,2.869841756,0.106992182
4.191829081,4.63011893,2,0.048357633,11,2.564599148,0.261910104
4.167708393,4.620150126,2,0.024310583,20,2.801073296,0.119783001
4.163702483,4.598310693,2,0.040226016,19,2.876327291,0.111515079
4.211404057,4.657518748,2,0.017989452,22,2.867148099,0.104038218
4.179527246,4.633301831,2,0.018738997,21,2.826081929,0.118490437
4.171259731,4.618872828,2,0.036026692,20,2.877084114,0.108570314
4.190238082,4.646275823,2,0.01153877,21,1.253006548,0.311725188
4.224132053,4.672576207,2,0.016593517,21,1.802345509,0.256561619
4.209756236,4.643713669,2,0.037664623,19,2.878844504,0.110752791
4.154753111,4.581112512,2,0.038055998,19,2.861763899,0.113940663
4.204557077,4.667339242,2,0.020958783,21,2.872122635,0.101225454
4.166543554,4.613900372,2,0.027565588,20,2.851924239,0.118666727
4.169810785,4.619390697,2,0.02892402,22,2.876941073,0.107081883
4.191459742,4.61717209,2,0.021980422,20,2.78796799,0.130885576
4.191715438,4.670555533,2,0.017736098,21,2.109402356,0.223778
4.183930905,4.616225862,2,0.037831818,19,2.892839846,0.104131301
4.222683107,4.647334907,2,0.03191401,21,2.847761626,0.111522821
4.225865106,4.676586123,2,0.019737555,20,2.776698298,0.132285232
4.182680834,4.616177028,2,0.026353829,22,2.696428238,0.129423719
4.241121655,4.675383792,2,0.017383677,21,2.068224216,0.233391477
4.18412978,4.631851691,2,0.01135039,22,2.753485856,0.114416471
4.229274391,4.659238052,2,0.032088729,19,2.844042823,0.1203747
4.209727825,4.639102675,2,0.035276603,21,2.945695677,0.091610453
4.208790272,4.656367719,2,0.027174581,23,2.962037726,0.078535626
4.203534292,4.645785746,2,0.02821751,21,-3.490214162,0.533707577
4.198193079,4.635419404,2,0.022929083,20,2.838382419,0.114664103
4.210608557,4.652867692,2,0.01810414,22,2.854790013,0.107735095
4.182709245,4.644538399,2,0.017279344,22,-51.73150981,1.503556414
4.205608273,4.659193103,2,0.025112319,22,-51.18964588,1.444600674
4.208619808,4.649603913,2,0.033873332,21,2.928120509,0.093839628
4.224586624,4.672590862,2,0.010026535,21,-24.35924428,1.162538005
4.206716291,4.66633702,2,0.01864563,19,2.774678365,0.14081371
4.16356043,4.628666335,2,0.034439772,22,2.99286225,0.075770945
4.165946929,4.612687104,2,0.021503912,23,2.975518234,0.088359655
4.199102222,4.625127379,2,0.032825252,20,2.698582172,0.146990425
4.181089835,4.593213647,2,0.037614833,21,2.953738259,0.084069013
4.155491789,4.616185125,2,0.017683043,21,2.637180016,0.14724495
4.184499119,4.627562838,2,0.023639128,20,2.80688926,0.121361193
4.16557759,4.624237594,2,0.01873881,19,2.740310117,0.145543031
4.178816978,4.635992805,2,0.029914307,22,2.878656108,0.110365995
4.174640605,4.599542331,2,0.035122962,20,2.917121724,0.095537947
4.175919086,4.62607331,2,0.030679418,23,3.005846838,0.071309391
4.202085346,4.666896011,2,0.023403952,22,-53.28598477,1.500773
4.210580147,4.637594016,2,0.013877736,22,2.823445646,0.126153007
4.199954543,4.625760119,2,0.029976241,20,2.883399411,0.107380996
4.192823456,4.626606349,2,0.015852564,21,2.003485723,0.233765226
4.187709529,4.614784159,2,0.017922784,20,2.608472336,0.162772645
4.175833854,4.609184425,2,0.009500864,21,2.173331094,0.209714244
4.144667311,4.615776937,2,0.024559413,22,2.751346195,0.120761261
4.206119666,4.654326333,2,0.019756779,20,2.680934599,0.155795614
4.217768055,4.657725732,2,0.019136957,23,-3.797091729,0.425307214
4.196289562,4.644082165,2,0.032662695,20,2.866338754,0.114534433
4.137195295,4.599335401,2,0.020078437,21,2.606597068,0.152421287
4.207994772,4.628552436,2,0.008310554,22,1.216404231,0.288882009
4.17407239,4.606495223,2,0.04531914,19,2.863867919,0.118835687
4.164895733,4.621471815,2,0.016783785,22,1.735948238,0.239405286
4.175691801,4.62497636,2,0.03162756,22,2.966015188,0.075803829
4.238791977,4.672348589,2,0.018211595,22,-45.26157588,1.43922311
4.237172567,4.654944281,2,0.025272397,22,2.3462535,0.185073885
4.209642593,4.642286947,2,0.04071453,21,2.949506356,0.079284315
4.153446219,4.605853072,2,0.015909201,21,-6.467352247,0.650845647
4.183788852,4.619569142,2,0.022673769,23,-10.08122918,0.666805059
4.170776749,4.618161762,2,0.016809351,21,2.688690095,0.147687481
4.18654469,4.645233089,2,0.029327703,22,2.896500667,0.099534616
4.216205466,4.649804241,2,0.02911246,21,2.870740138,0.105532732
4.237030513,4.700125835,2,0.006508365,20,2.322681813,0.203570191
4.181146656,4.62030383,2,0.019541895,22,2.872747983,0.106348214
4.194925848,4.613308869,2,0.028571429,23,-47.58694668,1.350118204
4.200125007,4.646563676,2,0.022763709,22,1.977871547,0.205668029
4.242684243,4.706853381,2,0.021351733,21,1.034292149,0.317907537
4.199727257,4.644415814,2,0.027539793,23,3.008378619,0.062731956
4.191260867,4.620025338,2,0.017899991,21,2.783817297,0.127567701
4.202568328,4.639224847,2,0.036426897,21,2.955559461,0.086949476
4.232030229,4.652337199,2,0.017902048,21,2.708894798,0.131059652
4.201233025,4.640131048,2,0.035558186,19,2.851868216,0.116244455
4.226319677,4.673093963,2,0.03030527,21,2.749965356,0.132961821
4.175521336,4.61271767,2,0.042618339,20,2.940822126,0.090936773
4.186573101,4.635990502,2,0.0209345,21,2.728356735,0.138522644
4.169867606,4.602314524,2,0.011600022,21,2.561192446,0.165209713
4.190436957,4.648153689,2,0.017214245,20,2.696205435,0.15432773
4.165606,4.59762772,2,0.040292941,19,2.893958278,0.103926614
4.20708563,4.645454503,2,0.031530016,20,2.887505557,0.101694917
4.191942724,4.649964807,2,0.02127618,22,1.984762858,0.222599015
4.137138474,4.589170657,2,0.030794407,21,2.63465108,0.146025516
4.142195579,4.588329491,2,0.016141986,22,2.235329928,0.19916361