mean,std,median,D,xmin,alpha
3.218265072500636,13.286931209792039,1.0,0.014647827443815542,3.0,2.2656560883466073
3.698804375476978,18.334725061014076,1.0,0.01450844234340054,4.0,2.1474910288413485
3.473925209870262,20.410454155989026,1.0,0.015401622274328508,3.0,2.248234663872406
2.931569575171712,8.27276954249673,1.0,0.014395291795321175,4.0,2.2624297728051697
3.2691427117781733,11.836020792444154,1.0,0.015415534783282725,3.0,2.173828226788948
3.575171712032562,19.721854588239612,1.0,0.025114144814031403,5.0,2.165662839325181
2.9247010938692446,8.014958533645277,1.0,0.01650497099760695,8.0,2.480653641690451
3.0681760366319004,9.52098365153231,1.0,0.018033181488108174,3.0,2.2676813772726163
3.0852200457898755,15.931106856685448,1.0,0.018998141608023156,4.0,2.293876634496269
3.5787331467819894,14.217290934239,1.0,0.01992197361391923,5.0,2.1633530559002168
2.982955990842025,9.837238886059222,1.0,0.018838129145046456,3.0,2.2413164506723087
3.079877893665734,12.201760555619622,1.0,0.021377973690277496,3.0,2.2665638281521874
3.4029509030780973,20.689474843819283,1.0,0.019318393285992386,4.0,2.311364576915061
3.2424319511574664,14.464950422579726,1.0,0.029454053274522884,3.0,2.2418716023518765
3.0460442635461713,10.977981084053487,1.0,0.012930702138313932,4.0,2.2575652307273635
3.1877384889341136,16.00328642948625,1.0,0.016846680469507103,4.0,2.3642091359857167
3.740015263291783,20.53499842129469,1.0,0.023688648948553048,3.0,2.1957854153980176
3.3561434749427628,20.42980922187722,1.0,0.01806189794847174,4.0,2.3076252436784896
3.272195370134826,12.960899958800665,1.0,0.012175540088513404,4.0,2.1776123562897007
3.3457135588908673,17.824586754596478,1.0,0.028158778141874063,3.0,2.233908306194688
3.3218010684304247,15.750793300905329,1.0,0.011574078635416929,4.0,2.2413408312497753
3.2569320783515643,15.564135196056856,1.0,0.02210872805898728,5.0,2.2460782046343177
3.208343932841516,14.486253155337995,1.0,0.017942443708718447,4.0,2.2698595529617283
3.1732383617400153,15.920425249856372,1.0,0.013758843866797266,3.0,2.252321116122345
3.0564741795980668,8.816589303284777,1.0,0.011764161212237889,4.0,2.248045530938643
2.94937674891885,9.423160925873596,1.0,0.013738250558774867,4.0,2.298510798193552
3.0071228694988554,12.328310097288707,1.0,0.021195412415380366,3.0,2.2232099172719795
3.1124395828033578,15.841159384005275,1.0,0.016770745139931903,5.0,2.3593596632541187
3.469854998728059,21.36446561940134,1.0,0.02341866958618366,4.0,2.295623388202115
3.189773594505215,13.489214143859561,1.0,0.01749676264213934,3.0,2.245632054320034
3.375985754261002,17.361878469146447,1.0,0.019679648294192553,3.0,2.2811926331964916
3.2085983210379037,10.875547096321245,1.0,0.023364837111940373,3.0,2.2570869847296327
3.648435512592216,22.921942566007342,1.0,0.012145325385234051,4.0,2.2212702055683256
3.3945560925973033,18.807984493758806,1.0,0.019360109456448837,4.0,2.2481112020147136
3.242686339353854,16.988859213550263,1.0,0.015950496222614352,3.0,2.272535074357108
3.0343424065123377,8.94740509551804,1.0,0.011178124374335185,3.0,2.236930147076319
3.5161536504706183,18.319306180847725,1.0,0.012191271862640851,5.0,2.22050392273169
3.120580005087764,11.656894801250681,1.0,0.018131499954205932,5.0,2.1925046736884264
2.9687102518443145,13.456763926949401,1.0,0.019262852061502078,4.0,2.3720721568032896
3.2928008140422285,15.332439147835885,1.0,0.01807540278941172,4.0,2.3278188213965425
3.5118290511320276,20.63021447198976,1.0,0.026161835417817136,3.0,2.2702838838172346
3.246756550496057,14.955923082326676,1.0,0.028811777407136974,8.0,2.30654109854307
3.317730857288222,17.02131898426776,1.0,0.01010173139780357,4.0,2.2759022530764685
3.2292037649453067,16.040939795765148,1.0,0.01668112315736614,3.0,2.2743637428539114
3.0727550241668786,14.23382158603372,1.0,0.01483380771328524,4.0,2.3068675578829643
3.515390485881455,19.381060200592973,1.0,0.017220236490742002,4.0,2.25141978226016
2.9102009666751463,10.456671281619375,1.0,0.010046744574322752,4.0,2.3322430355514863
3.5395573645382856,21.35969881243359,1.0,0.028429811574151476,6.0,2.193262957461509
3.139404731620453,15.50263274517644,1.0,0.019870965672588614,3.0,2.2999451813268856
2.9140167896209617,7.515860236466357,1.0,0.01359327243317654,4.0,2.291251155944966
3.617908929025693,21.740953663413844,1.0,0.032384126476495134,10.0,2.1753546930134906
3.5176799796489444,19.365025246789777,1.0,0.013806408334065656,3.0,2.2506135005115153
3.8196387687611293,25.432974767355272,1.0,0.02357907836342732,4.0,2.2344392725140927
3.3162045281098957,16.287139487544643,1.0,0.012936835484635117,5.0,2.2267190592859016
3.4810480793691174,14.280161286923288,1.0,0.014410281941622194,4.0,2.1807542774753985
3.6336809972017297,21.668007385169208,1.0,0.017543297693993654,4.0,2.2794557027812807
3.1551767997964895,16.73549096640354,1.0,0.014997746978421267,4.0,2.2658741340456436
3.000254388196388,8.264715370728036,1.0,0.01318205051120347,4.0,2.2845154922893807
3.0132281862121597,9.451550222655301,1.0,0.014401065268225932,3.0,2.2772901223527815
2.8392266598829816,10.477367053011575,1.0,0.017311881556857756,6.0,2.4045441241220784
2.792419231747647,6.585651055148194,1.0,0.016344782909843425,3.0,2.2721281470060353
3.587127957262783,24.04283100819215,1.0,0.02608482436858861,3.0,2.273567260239872
3.0801322818621215,12.209397466702733,1.0,0.01702480893319047,3.0,2.281440540039066
3.388450775883999,17.057788827120138,1.0,0.031552547514202,3.0,2.2410837570992093
3.4311879928771307,13.274168344701227,1.0,0.013039360064777461,4.0,2.186125678854604
3.0653777664716357,13.69241088994719,1.0,0.02353232997296731,6.0,2.358678402540731
2.857542610022895,11.701148320038216,1.0,0.02166023755847657,3.0,2.3103971339437788
3.0880183159501398,12.360805207733689,1.0,0.018018521775438945,3.0,2.28991638040974
3.2765199694734166,19.816779830678573,1.0,0.015860637532749355,3.0,2.277259631450965
3.6331722208089543,23.8154901628621,1.0,0.0151929681004348,6.0,2.239077451186094
3.8878148053930297,25.34726268955414,1.0,0.019645206174676355,8.0,2.1479510261996024
2.6232510811498346,6.471412092615136,1.0,0.01720830050501676,4.0,2.4336534435062602
3.106843042482829,14.65807289422152,1.0,0.020721044894118024,6.0,2.260817570049812
2.981175273467311,10.023764778430742,1.0,0.020633372861708077,3.0,2.3188590878947304
3.3197659628593232,20.043929459114683,1.0,0.022916954279084134,3.0,2.3332037003738915
3.2864411091325363,14.891359882943766,1.0,0.027996412525104097,3.0,2.292041489184321
3.0808954464512848,10.180766020101284,1.0,0.018561649384010448,6.0,2.2882420088011726
2.92851691681506,14.126395611664854,1.0,0.011951584774913537,4.0,2.366629596048676
3.666242686339354,23.69204887626541,1.0,0.02924119754999932,7.0,2.123244530658642
3.091834138895955,11.225876908158448,1.0,0.016435153793467994,6.0,2.292072334952599
3.0483337573136606,15.536343656134267,1.0,0.01167764607573385,3.0,2.3117142437758913
2.9610786059526837,10.428385291990153,1.0,0.012564070895168089,3.0,2.223223825568932
3.2701602645637244,15.023216915891096,1.0,0.02424014205351077,3.0,2.2234938596778298
3.610786059526838,21.304377372036573,1.0,0.018568190493998382,3.0,2.2132428543078233
2.963368099720173,11.646588487850504,1.0,0.015724099336996922,7.0,2.3627974463069004
3.2414143983719157,14.28200100540461,1.0,0.023440672822674535,4.0,2.27333502753641
3.1887560417196643,17.493887750528632,1.0,0.022460867972502907,3.0,2.2534004558416774
3.048842533706436,17.536012458703393,1.0,0.028422307949970693,3.0,2.3569851826199537
2.6949885525311625,6.872559649206141,1.0,0.014440413807254249,3.0,2.346646897547336
3.067412872042737,13.326565122991605,1.0,0.016628430237039304,4.0,2.285645022655235
2.811752734673111,7.015567546456628,1.0,0.024588699774305334,5.0,2.372104202027036
3.3894683286695497,20.49887057209048,1.0,0.023348494771928685,3.0,2.2583143036851814
3.3296871025184434,17.423107414301022,1.0,0.01287945626891196,4.0,2.2844471205967274
3.2073263800559655,12.603537407286279,1.0,0.017496997643065337,3.0,2.2892849341890154
4.237344187229713,29.385695394817816,1.0,0.025858500401226503,4.0,2.167149347972895
3.9842279318239635,26.413367712736004,1.0,0.0178697135308325,3.0,2.1864832367007248
3.4179598066649706,16.759497791605366,1.0,0.013521876318742798,4.0,2.2131298274360907
2.8766217247519714,8.896721669133365,1.0,0.01745841254417263,3.0,2.2817305336371816
2.9173238361740017,11.470645736908748,1.0,0.00946024137663537,4.0,2.292683627720982
2.7138132790638516,7.645694015098469,1.0,0.018677749271451494,5.0,2.496441993739478
3.6525057237344187,23.213756364780206,1.0,0.02281937337393758,3.0,2.2431289627620012
2.9977105062325107,11.704417143331497,1.0,0.015232491509907797,4.0,2.331622628684089
3.503179852454846,17.568434424650935,1.0,0.018457290885293576,3.0,2.2126959024765034
3.261256677690155,16.280771420116775,1.0,0.012312343420555705,5.0,2.2549547704112554
3.1610277283134063,17.222230029411175,1.0,0.019513746388787778,3.0,2.298754355997464
3.397354362757568,20.336893756008763,1.0,0.022827078076469665,13.0,2.1936129990915307
3.3080641058254896,18.11617681011016,1.0,0.021596374705558308,3.0,2.2727522122073287
2.8923937929280084,9.093671256734993,1.0,0.028559274054572925,3.0,2.2299420489487773
3.0007631645891633,10.716923731354765,1.0,0.016622122988413368,4.0,2.2801282072809306
3.1045535487153395,13.282673470480184,1.0,0.025722819250949436,3.0,2.319279885677794
2.8888323581785804,9.696231040873379,1.0,0.023612104120380284,3.0,2.2837446489060014
3.359959297888578,17.386310998109792,1.0,0.019638875776734954,3.0,2.2389305274784723
3.2739760875095394,17.278907755012924,1.0,0.02768680224975073,3.0,2.2748862841102486
3.477232256423302,21.106896303248373,1.0,0.01719533670241491,4.0,2.2993488613161572
3.197914016789621,17.739917168019584,1.0,0.020773645257510576,3.0,2.2978606316835215
3.0501144746883746,10.309619500636183,1.0,0.013710106295706348,3.0,2.257852053305765
2.8359196133299416,8.447259096918364,1.0,0.013761346201934255,4.0,2.2953060972439703
3.198931569575172,16.88070308775256,1.0,0.016476616486573725,3.0,2.242880714098673
3.2928008140422285,17.26099637902466,1.0,0.014732608962283122,3.0,2.2649757434141886
3.395828033579242,18.10873410042389,1.0,0.011344920973119232,4.0,2.2689790610523453
4.154159247010939,30.053215667213443,1.0,0.02407351465754015,3.0,2.212576661393717
3.0256932078351566,14.793382407660348,1.0,0.01777982628198893,4.0,2.2205715582477117
3.213940473162045,16.14442162312332,1.0,0.02105892262657494,3.0,2.3042375182361834
3.580768252353091,21.222789489402487,1.0,0.014441123242155629,5.0,2.2691667088379184
3.1348257440854743,14.002512242846807,1.0,0.019704643694292923,3.0,2.24808679336621
3.0760620707199187,9.129223756182611,1.0,0.01156266808288997,3.0,2.226182434864339
3.4810480793691174,18.94137575823979,1.0,0.02353089473698533,3.0,2.240831946186021
3.026201984227932,10.12863464063373,1.0,0.017615750657573925,3.0,2.249895061860924
3.031035359959298,11.081050280582845,1.0,0.015580773799328707,4.0,2.24426282283713
3.5314169422538795,18.4112885389541,1.0,0.02813570309732044,4.0,2.2115587004113717
3.2454846095141185,17.99923757784828,1.0,0.018699595924743795,3.0,2.3050436674125754
3.0206054439074026,15.750207090489166,1.0,0.010315236653035909,5.0,2.277626269788483
2.750953955736454,6.581179735923232,1.0,0.00848335811484846,4.0,2.386557952577565
3.0745357415415926,14.52578791785062,1.0,0.019216782731460325,3.0,2.3205670457230676
3.1821419486135842,15.708677556970095,1.0,0.018528417615158665,4.0,2.3249814150923953
3.1798524548460954,15.748870611705593,1.0,0.013517642000344443,3.0,2.297384044043148
3.5833121343169676,19.137012617295536,1.0,0.022942087886251628,4.0,2.20001007084301
2.866446196896464,8.756360253418922,1.0,0.007724233010512616,4.0,2.322068679356913
3.296362248791656,19.35017675941869,1.0,0.013363769076871534,3.0,2.2572702917284326
3.073518188756042,14.68543869631559,1.0,0.017640622094178382,3.0,2.249175077005705
2.884253370643602,9.553399776341648,1.0,0.011689375709872496,3.0,2.3632106826199326
3.9992368354108367,29.759867386652687,1.0,0.020478254687305908,4.0,2.200473445581106
3.238361740015263,15.36154345471237,1.0,0.015807252418457596,3.0,2.2448633455255593
3.1121851946069703,15.257941006476091,1.0,0.018430947055062652,4.0,2.343459964096952
3.244467056728568,15.796370744885236,1.0,0.01762406916728415,3.0,2.235696094278719
3.5566013736962603,20.313807243851638,1.0,0.01654458548408977,4.0,2.1876190815738115
3.079114729076571,11.623605961491364,1.0,0.016682427476796158,3.0,2.274616419445277
3.8336301195624523,25.747078107240426,1.0,0.020975795023605248,3.0,2.2187758036653054
3.3726787077079625,20.147516426005232,1.0,0.018555220842236708,3.0,2.251814966925184
2.7026201984227933,6.617956252003774,1.0,0.01741362002137556,5.0,2.3655398060182127
2.904858814551005,10.223008367181466,1.0,0.009993024061317302,4.0,2.340078175820361
3.6965148817094886,25.446973223970673,1.0,0.014340645205422109,4.0,2.2419285426524667
3.4199949122360724,16.83033375838688,1.0,0.025895692297090767,3.0,2.215899748466618
3.341134571355889,21.82299424290172,1.0,0.019419830184728926,3.0,2.292142725784549
3.229712541338082,16.372380350927106,1.0,0.01453667257006619,5.0,2.24733170529424
2.880437547697787,7.2366651311327175,1.0,0.015549882375691881,3.0,2.275465494796956
3.065632154668023,10.037541676941153,1.0,0.018660779914521308,3.0,2.2863638380728046
3.0882727041465277,10.351570720204291,1.0,0.012717297040187092,4.0,2.2604375837164605
2.978122615110659,14.500169900011644,1.0,0.018764535819879025,4.0,2.331964354197438
2.791656067158484,7.501146631911517,1.0,0.012500810113693417,4.0,2.383871689931199
3.2536250317985247,10.772952647093987,1.0,0.02384940808862923,4.0,2.1807227769442763
3.0086491986771815,10.592444208666995,1.0,0.019659486483772026,3.0,2.2687210564895306
3.78326125667769,20.184416481098594,1.0,0.02500469484872414,7.0,2.124476780699477
2.6535232765199694,7.7332153641538195,1.0,0.01640991306393358,3.0,2.3398578401885413
3.273467311116764,15.777186665861251,1.0,0.01838437272948723,3.0,2.2431863994226147
2.8173492749936404,8.385412961906274,1.0,0.010659042220044768,3.0,2.289461124800063
3.408293055202239,16.92828100993303,1.0,0.015705161263246836,5.0,2.2355068115123182
3.5357415415924702,20.719491081774056,1.0,0.015571133609323717,4.0,2.235529124683458
3.262783006868481,16.918449143854733,1.0,0.015582522578994173,4.0,2.305334701704636
3.066140931060799,12.728709543551206,1.0,0.01061127916591742,4.0,2.278191083326475
3.2024930043245994,15.33805292755192,1.0,0.02314755923392875,3.0,2.2454784531196754
3.1160010175527857,11.248416079299973,1.0,0.0218953139064183,3.0,2.270416072263272
3.082421775629611,9.938775889300455,1.0,0.01919526015324785,3.0,2.306660181748879
3.7463749682014753,22.245194392948797,1.0,0.01529861053753756,4.0,2.1963692286604095
3.2576952429407275,11.93133021638235,1.0,0.02292916797235911,3.0,2.2292326418784776
3.331467819893157,16.55004895567311,1.0,0.025971041710854625,3.0,2.254675699478253
4.084456881200713,25.841177634551272,1.0,0.015563045477150594,5.0,2.146264726310455
3.2838972271686595,12.577666836550174,1.0,0.025596887562267967,3.0,2.2222010622061905
3.5026710760620707,20.375967120884006,1.0,0.013887101538550217,4.0,2.2829376363805576
3.3706436021368607,21.83754554404801,1.0,0.027872661039184177,3.0,2.319563094480877
3.7791910455354873,25.893164147845305,1.0,0.024669803383347455,3.0,2.2715414992168097
3.071737471381328,10.222179113267723,1.0,0.01465017227047749,5.0,2.2365226722481335
3.354362757568049,13.262465735088067,1.0,0.022297473227753883,3.0,2.1952600892149303
3.6402950903078097,19.871780403051492,1.0,0.022337457830496565,5.0,2.1673419860239997
3.2882218265072503,15.802250729812105,1.0,0.020978086072456326,3.0,2.2789133837785327
3.337827524802849,16.58768216033566,1.0,0.015973544397441697,6.0,2.21092870328527
3.2790638514372934,16.361665950706755,1.0,0.02055623759110725,4.0,2.292838832601485
3.3162045281098957,13.220051737412087,1.0,0.017467390303154473,3.0,2.2154816326900963
3.272704146527601,15.255957972688645,1.0,0.016226740136043583,4.0,2.2401504547040085
3.20681760366319,16.327128817028445,1.0,0.0241084352068468,5.0,2.2242759327013424
3.100737725769524,10.926899258848481,1.0,0.01825060773009901,3.0,2.278491037788661
3.2454846095141185,19.043711900488884,1.0,0.011365930477861053,3.0,2.277810419905833
3.155685576189265,11.464751599409684,1.0,0.026997409618829238,3.0,2.2300347609700704
3.4383108623759857,20.526061576996756,1.0,0.019097791826486632,4.0,2.3275797598587062
3.001780717374714,12.629396278220199,1.0,0.020145807955572748,4.0,2.3408583205951414
3.039684558636479,10.570688622406923,1.0,0.02301624136531477,3.0,2.32221411691999
3.0819129992368355,12.04781054803463,1.0,0.026971482898851318,3.0,2.263495661018597
3.3309590435003815,16.664269988417132,1.0,0.017995456493903328,4.0,2.2332136857637606
3.312134316967693,16.414777726270607,1.0,0.0187260833458196,8.0,2.2744647027266436
3.403968455863648,19.79189940707905,1.0,0.021095283601733406,3.0,2.26104289681276
3.527601119308064,20.89364325545027,1.0,0.026455977145683984,5.0,2.1941860821664623
3.0437547697786824,13.360017675584693,1.0,0.020386855451203334,4.0,2.3227696836758747
3.371406766726024,19.997238082766327,1.0,0.018515395118442246,4.0,2.2739654634400708
3.438819638768761,16.092346990952343,1.0,0.025208507188367424,5.0,2.207717527462787
3.2472653268888325,15.247234596295172,1.0,0.014017276268851075,3.0,2.231083303766127
3.328669549732892,17.43057135733743,1.0,0.021522923378801906,5.0,2.1957716650497607
2.8415161536504705,10.511181246853447,1.0,0.013885190930923108,3.0,2.2924841651027297
3.240396845586365,12.501618567109094,1.0,0.01832270005333725,3.0,2.2466958761501243
3.217501907911473,15.829229183139882,1.0,0.017413684231399218,4.0,2.253990409430684
3.2912744848639024,14.364140767675497,1.0,0.014666776462435305,6.0,2.2731180306791794
3.6787077079623507,25.144128967418716,1.0,0.018278484300609632,5.0,2.251683758984571
2.960061053167133,9.468107502333472,1.0,0.01670580345384054,3.0,2.2899597038287443
2.990842024930043,10.163828080491284,1.0,0.00990687052404493,4.0,2.323854574499158
3.5614347494276264,20.811212522381915,1.0,0.02848017842448569,4.0,2.267340283317118
3.1411854489951665,14.447852192903788,1.0,0.013036895465404097,4.0,2.326329851860673
3.2169931315186977,17.822236965802826,1.0,0.014426397169219007,3.0,2.2265177938813308
3.279827016026456,15.687988933090985,1.0,0.024410034695615868,3.0,2.2736054657296703
2.903841261765454,7.363575677330541,1.0,0.01250236810405303,4.0,2.3394555759181825
2.932332739760875,17.655742999866302,1.0,0.01652266462647828,4.0,2.459897438720888
4.010175527855507,24.869231090732065,1.0,0.029810153612439994,4.0,2.192448151821658
3.6624268633935384,23.959895265558572,1.0,0.016801231094672797,3.0,2.2543999339899576
2.9827016026456374,10.236541302855787,1.0,0.01937464711476289,3.0,2.3367340158341845
2.953701348257441,9.234109586960711,1.0,0.02187939323388932,4.0,2.26035420261175
3.175782243703892,14.962137701774726,1.0,0.008998416890082128,4.0,2.2935079614191376
2.851691681505978,7.620757449117163,1.0,0.014480574996412865,3.0,2.282325370756513
3.555075044517934,20.0851964724591,1.0,0.016975608829207456,6.0,2.1960980917301702
3.0997201729839734,14.776094584694247,1.0,0.02535082509664699,3.0,2.2538706843478495
3.5891630628338844,22.604276572041098,1.0,0.02526187502438093,3.0,2.2469212716999696
3.1752734673111167,15.465705708455406,1.0,0.015331124396812501,4.0,2.2924983670191126
3.1503434240651234,16.633357135119347,1.0,0.014183774952742367,3.0,2.278743372335268
3.135843296871025,16.865528733048933,1.0,0.016360689444635312,8.0,2.3178481899611354
3.0475705927244974,9.33745251177246,1.0,0.018649461436181847,4.0,2.1884603012000534
3.4029509030780973,17.87444356710898,1.0,0.014282283477220603,5.0,2.2125592990781855
3.4777410328160774,18.807522988736647,1.0,0.018464464209830833,5.0,2.2360819767204765
3.2147036377512084,15.28014317368219,1.0,0.019632226499687766,3.0,2.231472426440163
3.065123378275248,15.074134857366849,1.0,0.01706945785333236,3.0,2.2380818753151535
3.9254642584584074,23.82072426180808,1.0,0.02440246739689289,9.0,2.1111159952509
3.1951157466293565,15.168730859389425,1.0,0.010923214885825372,5.0,2.2568594662410186
3.8458407529890613,25.447081375288548,1.0,0.020255310221125478,3.0,2.261700256416075
3.1175273467311118,11.644502114746397,1.0,0.014113938763854472,4.0,2.2692507162397177
3.483591961332994,16.89542928803955,1.0,0.02371241619493858,3.0,2.215526857832577
4.042482828796744,26.273679972837513,1.0,0.01927318524464619,8.0,2.0953976388713857
3.096158738234546,14.756426985176645,1.0,0.015031812159323144,3.0,2.2806043760453067
3.1012465021622995,17.97512133474385,1.0,0.019893481133514856,3.0,2.2613030773487335
3.134571355889087,12.241899722479623,1.0,0.017150086805328535,4.0,2.3444188903504006
2.9580259475960315,9.892915249801193,1.0,0.016942937796995072,3.0,2.2966650086888363
2.9572627830068683,8.22797191218617,1.0,0.011623236845014207,3.0,2.2001886986814823
2.9842279318239635,8.258957843970052,1.0,0.018235407124716274,4.0,2.325335838475538
3.5131009921139658,14.973478421577314,1.0,0.02769353156078265,11.0,2.1809434057824446
2.941999491223607,13.941502746323435,1.0,0.012947137867571845,3.0,2.3195398744214395
2.9872805901806156,7.805433600939763,1.0,0.019220868448108663,3.0,2.2539233341668705
3.240396845586365,15.034107114959149,1.0,0.014036790799314636,3.0,2.17690943022083
3.3635207326380057,17.64409390060613,1.0,0.014705480189082354,4.0,2.190501416322212
3.5850928516916816,23.238328579021243,1.0,0.017781980558294497,3.0,2.266823802147031
3.544136352073264,22.43399029860975,1.0,0.018430430282330823,3.0,2.2385582089409923
3.2373441872297124,19.734794422061416,1.0,0.020503742663436686,3.0,2.3163487309888344
3.446960061053167,19.43113449681482,1.0,0.018439097993584563,3.0,2.2720400585572085
3.5764436530145,19.20003934190426,1.0,0.025708634650504325,3.0,2.2246359006515384
3.469346222335284,18.10230583447877,1.0,0.02262892031895436,4.0,2.259885056651841
3.4131264309336045,19.8821066287757,1.0,0.017226607390580018,3.0,2.251779188812657
3.2640549478504197,19.73768392226261,1.0,0.017384975175662398,4.0,2.278613919942136
3.284151615365047,14.506286873338725,1.0,0.018616940472815036,6.0,2.173181312542522
3.5606715848384636,18.669699786316105,1.0,0.0163388323884745,5.0,2.2176161566082166
3.1691681505978124,16.729920271841575,1.0,0.023558979994841467,5.0,2.2836688245612464
3.569066395319257,21.72428463689673,1.0,0.022943029677754523,4.0,2.181038827735148
3.2454846095141185,16.202908458713505,1.0,0.011931826889063801,3.0,2.2117478720014545
2.922157211905368,8.525989120777849,1.0,0.01817651318597524,5.0,2.271766041715064
3.4629865174255916,17.724131561743203,1.0,0.0076673582670609974,6.0,2.238531583560868
3.009157975069957,8.541601701781357,1.0,0.011749775391693085,3.0,2.2390579774770787
2.9613329941490716,9.149513106319063,1.0,0.017076127929957607,3.0,2.258807993255136
3.33223098448232,18.65070830991488,1.0,0.019651256831717867,4.0,2.2511931854544347
3.0099211396591197,11.173439144863899,1.0,0.019088181436771823,5.0,2.2832135690359516
3.4711269397099973,20.74008130414594,1.0,0.022028265793932467,10.0,2.1802898775624096
3.109895700839481,10.404103218907498,1.0,0.01814390129936916,8.0,2.3451190254515932
3.0330704655303995,8.70792498109263,1.0,0.02020136421122032,4.0,2.333717254353643
2.7611294835919615,7.4988797702369725,1.0,0.010023711984925798,5.0,2.4693448335645845
3.0,10.823953763295405,1.0,0.01577757792452572,3.0,2.243703872173102
3.152378529636225,13.591635961692532,1.0,0.018791922989344623,3.0,2.2501012661741013
3.553039938946833,18.985405172343807,1.0,0.02707038670908468,8.0,2.0961581067218606
3.306029000254388,16.39923283964828,1.0,0.022741093350215458,3.0,2.2418654099904156
2.9257186466547953,7.453277000248807,1.0,0.013325769425448053,3.0,2.2419566030066154
3.0379038412617656,13.382665638423376,1.0,0.012822138999724675,6.0,2.374517937724412
3.7234800305265834,23.4402547188692,1.0,0.021810539640442883,7.0,2.124501999762291
3.285677944543373,12.177669966263842,1.0,0.015182398014566612,7.0,2.2606999301558357
3.3383363011956244,20.762469398352643,1.0,0.012785535716568153,6.0,2.2587171771865924
3.3238361740015265,17.83753781828072,1.0,0.02073690626839697,4.0,2.3012369128093537
3.0775883998982447,14.986599080732827,1.0,0.015768159161585693,3.0,2.2887067129839402
3.2587127957262783,19.3453786646092,1.0,0.011784407263350283,4.0,2.272565274838229
3.102772831340626,14.75108901960613,1.0,0.019433208132085378,3.0,2.250892443693435
3.0531671330450267,14.628094435010713,1.0,0.028176372559669982,6.0,2.2714472068895026
3.258458407529891,17.264027814712477,1.0,0.02614704452130867,3.0,2.2882459078547646
3.526074790129738,23.32767959511393,1.0,0.015403713564125399,3.0,2.2402884580035582
3.1925718646654797,15.73131387874765,1.0,0.016835335976506105,3.0,2.216461357790945
3.0882727041465277,9.513053455768961,1.0,0.017854636000304236,6.0,2.2672956195461937
3.0768252353090815,14.584753478608487,1.0,0.015696522997677653,3.0,2.2876828102460984
3.3146781989315697,16.459286147965713,1.0,0.028506612037787038,3.0,2.2385674900812225
3.5390485881455103,22.82291531008952,1.0,0.013274869075174611,3.0,2.2550451103731586
3.4764690918341388,18.826961602516995,1.0,0.020408930181871066,5.0,2.16974882701036
3.394301704400916,21.484944900542292,1.0,0.020010935814062325,3.0,2.2658896330038565
3.3724243195115746,11.749362207626083,1.0,0.01578298416182511,5.0,2.1994458163965858
3.088527092342915,12.811265161067627,1.0,0.015961153510626658,3.0,2.255236725445263
3.4362757568048843,19.559241408252873,1.0,0.01666243484679919,7.0,2.278360308433994
3.556855761892648,18.044392830658563,1.0,0.017919630900512185,3.0,2.1900990540413403
3.0373950648689902,14.795455232240931,1.0,0.019906232502057475,5.0,2.3290032686917823
2.884253370643602,10.697291079972887,1.0,0.014936938760086935,10.0,2.348807527356998
3.0279827016026455,11.023354891597027,1.0,0.01782313410923131,6.0,2.2852937618026434
3.07479012973798,9.900060406757898,1.0,0.010599400497905198,4.0,2.2717420375672615
3.16611549224116,16.523200670966148,1.0,0.01884189765196942,3.0,2.287946711079674
3.318494021877385,17.505541118488267,1.0,0.011872556555037606,4.0,2.264796273052527
3.2795726278300688,18.639804650145273,1.0,0.019669420450568742,5.0,2.3159702543264395
3.5476977868226913,20.432613224976095,1.0,0.01855130067303168,3.0,2.208421313867777
3.1584838463495295,11.38813916767334,1.0,0.01911131962492152,3.0,2.2764467374953203
3.0111930806410583,10.256758541483192,1.0,0.031291848866069616,4.0,2.3036472645772768
3.14958025947596,16.207099383188293,1.0,0.023282093211458244,7.0,2.3074766275293177
2.926481811243958,8.621197442526741,1.0,0.017035599560674797,4.0,2.3072463563138923
3.1795980666497075,14.630227346729074,1.0,0.018891751078859986,5.0,2.3438570474413836
3.0653777664716357,10.206793368186402,1.0,0.013983662693399124,4.0,2.264412135646909
3.2398880691935896,17.775879271774393,1.0,0.023835107744786477,5.0,2.218337925667603
3.1366064614601883,14.613999295481813,1.0,0.016458901485379873,3.0,2.2923305784697003
2.943017044009158,11.389155180063089,1.0,0.01492744136922608,3.0,2.2961409522658567
3.2009666751462733,14.543920590144987,1.0,0.013642050208059808,4.0,2.234982617846482
3.790892902569321,21.772137620996574,1.0,0.021224103718699427,3.0,2.188456937787333
2.986008649198677,7.665086853258707,1.0,0.011927431338619898,5.0,2.3540123166305023
2.9849910964131263,14.55190199108173,1.0,0.011177531610877645,3.0,2.2920057998924106
3.320020351055711,21.035139250460915,1.0,0.027150602645623745,7.0,2.2162420469737425
2.981175273467311,7.955559069891624,1.0,0.015909779656671286,3.0,2.271535861302106
3.282879674383109,17.64452577140595,1.0,0.022583460719017456,5.0,2.2690804639953175
2.8633935385398117,7.432724508720727,1.0,0.024875206183211485,5.0,2.2358818342330746
3.4131264309336045,20.060371123558458,1.0,0.01307232950583237,3.0,2.2126695351005994
3.1803612312388707,16.188513000391332,1.0,0.016503034516531234,4.0,2.3029911193922588
3.1096413126430935,12.141367594736982,1.0,0.012370427454034827,4.0,2.2510413144954944
3.4433986263037397,13.613296470819625,1.0,0.019990773620915503,5.0,2.179653674659109
3.0485881455100485,9.788370150180738,1.0,0.012575174835604108,4.0,2.282070418375664
3.129992368354108,15.238046463051532,1.0,0.022715374679258993,6.0,2.292226575499777
2.7089799033324855,9.863828307535693,1.0,0.013675984009685282,5.0,2.362858904559662
3.327397608750954,17.247872237992627,1.0,0.022161079657816496,5.0,2.237903907207059
2.9763418977359453,11.366299983875663,1.0,0.013316308175920444,3.0,2.2922946239695063
3.0630882727041464,11.505988775080752,1.0,0.01604867423614581,4.0,2.3125313357026682
3.139404731620453,15.426552797538104,1.0,0.021540893923210347,6.0,2.4124015568605954
3.3480030526583566,16.081956941077916,1.0,0.021596861671293488,4.0,2.19102456432797
3.119053675909438,14.566231188621334,1.0,0.028752357386202188,3.0,2.2572430116668682
3.4818112439582802,23.3139863860045,1.0,0.015054095291206604,7.0,2.234768726423583
3.20351055711015,13.889607207847012,1.0,0.017734449145789644,4.0,2.2673542984673887
2.7886034088018317,7.723953521923272,1.0,0.014876866761259766,4.0,2.3172696629583145
3.137878402442127,11.603266124830624,1.0,0.022314280808302223,3.0,2.2486923253001145
3.6738743322309846,23.457284348011058,1.0,0.02553848870954989,5.0,2.187353313290638
3.2437038921394046,12.49462394360354,1.0,0.011620018449573166,3.0,2.2113251305812236
3.123887051640804,14.570407898044703,1.0,0.010761213477985865,5.0,2.328977903432964
3.5637242431951157,20.506886168552303,1.0,0.019165304106132264,3.0,2.1883920326171675
3.2169931315186977,12.056340908731764,1.0,0.01832833058607697,5.0,2.2050542339179007
3.1142203001780717,10.685648647716345,1.0,0.018739184594051106,5.0,2.256713548941702
3.6430933604680744,19.135502438406768,1.0,0.01994066157640345,7.0,2.1666300514847867
3.2668532180106844,17.43569112772932,1.0,0.021752270575536192,3.0,2.2669504817507704
2.9842279318239635,8.88544670212789,1.0,0.022112811805150345,3.0,2.2917239681856416
3.2813533452047823,14.424646288717724,1.0,0.01938732738291793,3.0,2.245545188113184
3.1518697532434494,9.708552900895532,1.0,0.01832775756405014,3.0,2.2463394823378158
3.1617908929025695,12.903168528497918,1.0,0.009354906002514984,4.0,2.2282148811991895
3.0882727041465277,10.803421089768488,1.0,0.018216002135970855,9.0,2.2818242579245114
2.8977359450521494,8.478126491710336,1.0,0.023418464096744307,3.0,2.3270512109397443
3.171712032561689,12.725074592028294,1.0,0.01254001764767454,3.0,2.260231661855835
2.8616128211650977,7.919088373364218,1.0,0.015267160377882116,4.0,2.278256117126543
3.3050114474688375,19.401220312114585,1.0,0.025773781493752868,3.0,2.2913324369763504
3.0083948104807936,9.538188223634618,1.0,0.009158367104074583,4.0,2.3081648181818464
3.117272958534724,9.847797935767042,1.0,0.016572695309732266,4.0,2.28806140402407
3.0847112693971,12.003569289695404,1.0,0.020453724262249673,3.0,2.262082342600802
3.3439328415161538,21.49681844969714,1.0,0.020691595147809827,4.0,2.3285852136210368
2.922157211905368,11.563855874360955,1.0,0.017511008514806248,3.0,2.312416839499247
3.0417196642075806,11.8112773525053,1.0,0.01587938243471909,4.0,2.3022664095232024
3.2253879419994913,15.729964230224704,1.0,0.019935242688708943,3.0,2.257591083485534
2.878656830323073,8.876711723214871,1.0,0.02871838550564365,3.0,2.2857067373904005
3.1366064614601883,12.831170334866165,1.0,0.016422739923387275,4.0,2.2491721464162864
2.7763927753752227,6.742425567334749,1.0,0.013687959316173393,4.0,2.37496970160785
2.989315695751717,9.449292313445254,1.0,0.014825496124665105,4.0,2.319451661419755
3.259984736708217,15.73531623298993,1.0,0.024656291421966903,3.0,2.2450711469739533
3.183922665988298,16.12874322928848,1.0,0.01220622464632204,4.0,2.22210706787515
2.8280335792419233,8.486926374283875,1.0,0.018536139238815252,5.0,2.4418697177474638
3.740269651488171,21.802610096024743,1.0,0.019838878551376338,4.0,2.1745265003492946
3.0646146018824725,15.507833487917164,1.0,0.02140973162266782,9.0,2.2154155353807488
3.007631645891631,8.289130522913887,1.0,0.017261856250434637,3.0,2.241959178558316
3.042482828796744,10.452907141551265,1.0,0.01751319985639721,4.0,2.288424597117583
3.05393029763419,10.051236924795237,1.0,0.01837085911525549,5.0,2.272960798949561
3.0987026201984227,10.188876464462613,1.0,0.013359867736425501,4.0,2.198281805461983
3.2241160010175527,12.36152557850813,1.0,0.025316177180801702,3.0,2.24574556527991
3.129992368354108,15.176587743727527,1.0,0.020959123319563733,7.0,2.223659770540559
2.801068430424828,6.345886151974881,1.0,0.011467119573888573,3.0,2.2522158777428496
2.896464004070211,8.879143610826333,1.0,0.02161760158781134,3.0,2.3002030352738365
3.280844568812007,20.075005295081887,1.0,0.018401753785912356,4.0,2.3333609612658845
3.561180361231239,22.382751041095762,1.0,0.01706411249570794,5.0,2.29446638137295
3.7774103281607734,19.05739990079096,1.0,0.020176876229378915,3.0,2.152252607681831
3.2699058763673365,12.70007651518377,1.0,0.014418934595208932,4.0,2.2464364578057774
3.55227677435767,22.38318275610679,1.0,0.018544547412861156,4.0,2.238054360195995
3.04731620452811,15.144375983656676,1.0,0.02453233225245799,3.0,2.321941365496489
3.105825489697278,15.919713796295516,1.0,0.016412885697960955,4.0,2.320081715281174
2.796743831086238,6.055299272566587,1.0,0.015048539071809197,6.0,2.486217084438935
3.2632917832612565,14.633350647017462,1.0,0.02294690762842133,8.0,2.2504163827207755
3.3782752480284914,20.58964493826549,1.0,0.015488475432890225,5.0,2.2526415644226834
3.647417959806665,21.440773590114038,1.0,0.022059780707871512,3.0,2.2636181493653336
2.7758839989824473,7.447527863684844,1.0,0.013502939846238515,3.0,2.304919521792068
2.897481556855762,9.625256210995067,1.0,0.012577255090221673,3.0,2.2802553865448836
3.2332739760875095,17.034368178864103,1.0,0.02422711354036955,6.0,2.206516806382493
3.0882727041465277,18.54529179376848,1.0,0.02110821860047518,3.0,2.2881609951504056
3.2129229203764944,15.233005706796778,1.0,0.01835241498966811,4.0,2.275065283729761
3.4261002289493767,18.632198206375328,1.0,0.024040222777828357,3.0,2.2625052878986995
3.485372678707708,21.989914138489013,1.0,0.021459664374769538,3.0,2.266390465328274
3.6598829814296616,23.233336120481017,1.0,0.02796239491062158,3.0,2.255334180383822
3.408038667005851,16.212493698227473,1.0,0.024164171584968197,5.0,2.202124563962709
3.0386670058509284,10.197067662446818,1.0,0.014241323774748516,4.0,2.3324739348317687
3.2292037649453067,14.170155482108303,1.0,0.012585698378103083,4.0,2.3225614949328786
3.565759348766217,20.886446337337492,1.0,0.01761155417033944,4.0,2.2295144162932186
3.5357415415924702,20.934160021141093,1.0,0.01743169933790975,5.0,2.232773588666188
3.447977613838718,19.808021055839234,1.0,0.017988844954917038,7.0,2.216629856811621
3.347748664461969,14.578462764986552,1.0,0.01453183081286158,6.0,2.243252278368039
3.33553803103536,16.143376498319302,1.0,0.01920308608294541,3.0,2.2079606656640034
3.8633935385398117,26.94540511596445,1.0,0.018037994705560334,3.0,2.2201213175983145
2.990333248537268,8.996870942861996,1.0,0.017087745361022755,3.0,2.2558007688643285
3.3128974815568557,12.469337983532519,1.0,0.02330171238282186,4.0,2.2409447113300756
3.1063342660900535,11.353835400197527,1.0,0.02259581562423779,4.0,2.320275598923388
3.106843042482829,12.594987615329845,1.0,0.0185952480272904,4.0,2.305756330799458
2.982192826252862,8.34639827447463,1.0,0.01788198542845154,3.0,2.2257217619056258
3.2325108114983463,16.285761269488116,1.0,0.014523717839540762,4.0,2.261247103671108
3.060290002543882,10.426551523145964,1.0,0.01286478298415572,4.0,2.2614094176445234
3.5395573645382856,19.98647850497221,1.0,0.02399803228046904,7.0,2.201881201603256
3.728059018061562,24.98821037242285,1.0,0.02375176822669034,3.0,2.2440581903594063
3.368862884762147,17.3927439557163,1.0,0.018006453056262584,6.0,2.2609758811574068
2.923429152887306,9.076933849243416,1.0,0.01604370435285421,5.0,2.2585136391934375
3.5525311625540574,21.747012720786024,1.0,0.023118115986022314,3.0,2.230331768657673
3.57975069956754,23.970662494627938,1.0,0.020038453417325908,3.0,2.2733161221929543
3.27830068684813,14.961950716112806,1.0,0.019395823896164788,4.0,2.2433909828982657
3.3141694225387943,13.209570399166774,1.0,0.020646610651041675,4.0,2.2097229002356933
2.903078097176291,9.336988925048198,1.0,0.017335090440869283,4.0,2.3166336310635343
2.924955482065632,10.527294440108923,1.0,0.016607465323614568,4.0,2.3652117452687893
2.930043245993386,9.910612473826832,1.0,0.016829630403969675,3.0,2.246590099684264
3.230475705927245,15.546936909500216,1.0,0.020873593432332305,3.0,2.2268799300344138
3.043245993385907,9.279495839628417,1.0,0.01350471521624863,3.0,2.2616821850938145
3.1803612312388707,15.425740775582371,1.0,0.012883234074059446,4.0,2.2577666124984277
3.2103790384126176,14.711410389861491,1.0,0.017521609981689834,5.0,2.381737678165181
3.3833630119562454,19.40883674425634,1.0,0.017535521072617688,3.0,2.2408273586238106
3.196133299414907,12.853951157038553,1.0,0.016354019952115162,3.0,2.2338643405387675
3.0549478504197407,11.950122443801751,1.0,0.019921654270050437,3.0,2.291220154734285
3.0862375985754262,12.790106094296231,1.0,0.012531591650482898,3.0,2.2858809705968754
3.490714830831849,22.987384477160955,1.0,0.01629721228055714,4.0,2.2536038502340068
3.5288730602900027,20.715032220224263,1.0,0.015253227120823443,3.0,2.2182881106809704
3.1770541846858307,11.492034008803268,1.0,0.016752536536286722,5.0,2.2580902908566802
2.9287713050114474,7.9708202251183495,1.0,0.016992345443768486,4.0,2.2969293492606777
3.57313660646146,21.825874380574824,1.0,0.0189506687645129,3.0,2.2629228691044188
3.096921902823709,16.565051593808164,1.0,0.014788412733984457,4.0,2.3636784651364984
3.236835410836937,15.159128012667122,1.0,0.012505590452240756,3.0,2.2031420909642327
2.9857542610022896,10.804278553634063,1.0,0.027471636541450795,3.0,2.351981276479872
3.331467819893157,15.434709135676824,1.0,0.010026583821149626,3.0,2.1756302552420896
3.297125413380819,19.5247721609291,1.0,0.016044686966090294,4.0,2.291757252362281
2.8600864919867717,8.007422268689863,1.0,0.021791645451086028,3.0,2.330228021095781
3.287204273721699,16.488509958914328,1.0,0.014423596192876531,5.0,2.265173318136466
3.722208089544645,21.69031503405884,1.0,0.018297551541069823,6.0,2.234389075268146
3.680742813533452,20.25345840887342,1.0,0.02189076189629291,4.0,2.2349136003480004
3.1951157466293565,16.62453941210244,1.0,0.015238612554858255,4.0,2.2624857814754495
3.160518951920631,10.086722819765216,1.0,0.02367779836389383,3.0,2.2208991127132576
3.1577206817603662,10.953710484818476,1.0,0.015171291393794584,4.0,2.252093239837252
3.1020096667514627,15.924923182156215,1.0,0.018230149150365027,4.0,2.308452121560676
3.423301958789112,18.108084615743383,1.0,0.024239686508448877,3.0,2.2747342976470555
3.051895192063088,14.393208118208651,1.0,0.016294582672913394,4.0,2.301273763102399
3.106588654286441,14.902159832754448,1.0,0.02461696944864411,3.0,2.2913062012633367
3.087000763164589,12.22318781917105,1.0,0.016685581150763795,3.0,2.259064874820421
3.142457389977105,12.609774647179927,1.0,0.013048566432317554,4.0,2.374331857847414
3.3047570592724496,18.321897028437846,1.0,0.023613590740534707,3.0,2.313173212347709
3.71839226659883,23.11396152897072,1.0,0.02943164658896369,3.0,2.2552868099994474
3.088527092342915,9.863881429163905,1.0,0.017484213276848515,4.0,2.237547031076231
3.5792419231747648,22.03573602601752,1.0,0.028332637812642614,3.0,2.235150889580276
3.900534215212414,26.472441470995754,1.0,0.018407164330775605,3.0,2.1865579781465665
3.134571355889087,18.960775775232946,1.0,0.009572441397328046,3.0,2.267589321852202
3.20681760366319,11.576175954515213,1.0,0.015262662114567394,4.0,2.2590105982694686
2.9646400407021116,8.03490358662214,1.0,0.02001417777431247,4.0,2.2937744542807477
2.9392012210633425,7.553530985336231,1.0,0.011019992184814364,4.0,2.2639053968716505
3.1053167133045028,12.420127915237236,1.0,0.023522902859993755,10.0,2.3519393360056244
2.955736453828542,12.528596626818947,1.0,0.014799631226708798,3.0,2.260600332930765
2.9000254388196387,8.807239425206792,1.0,0.019379062045182138,3.0,2.31394264657342
3.4016789620961587,15.834159841566759,1.0,0.018990493391041474,5.0,2.23693172705015
3.9124904604426356,22.837919486040658,1.0,0.01883823060554668,4.0,2.1829248071692975
3.092088527092343,14.959681793313989,1.0,0.033585738457938996,3.0,2.313871102729821
3.1663698804375477,16.59718642808065,1.0,0.01453342044603112,4.0,2.300429706510109
3.6609005342152123,21.371321816566642,1.0,0.021672941618013142,3.0,2.1982539027924513
3.1004833375731367,9.706547880592996,1.0,0.011955690817463283,5.0,2.2451315015412363
3.3108623759857543,15.714332657535056,1.0,0.01828352979009995,4.0,2.286327466573036
3.2803357924192316,16.81106247113742,1.0,0.027943233375042065,4.0,2.2658159345110747
2.832358178580514,11.594814190527941,1.0,0.014910268039568075,4.0,2.364387364910575
3.7013482574408547,16.52149823891796,1.0,0.017516325771164354,4.0,2.1435857723468192
3.2846603917578223,18.394753221372746,1.0,0.014910276197488026,4.0,2.3025528346360895
3.145764436530145,18.293165599519803,1.0,0.030366686734713877,3.0,2.2981715212973493
3.110150089035869,11.17066907684506,1.0,0.018895019420092196,4.0,2.2689232813820377
3.1521241414398373,18.959871599024424,1.0,0.014241164199969347,4.0,2.3509257742576954
3.2510811498346475,14.127604524183699,1.0,0.01680017279151902,6.0,2.2065872128073023
3.2739760875095394,16.991789716506325,1.0,0.021272467589656285,3.0,2.259385984466218
3.443144238107352,17.04860129422193,1.0,0.021263849316803585,4.0,2.2178837697121634
3.482065632154668,20.322930205713206,1.0,0.02120856854781894,6.0,2.262963954731438
3.2902569320783517,16.959195172550526,1.0,0.015321339597529016,4.0,2.261094690292466
3.0068684813024675,10.410559754459479,1.0,0.013165686967679058,3.0,2.27457694441688
3.885270923429153,26.22644311162054,1.0,0.02238417053720032,4.0,2.1761296682342204
3.5410836937166117,22.698751138036734,1.0,0.016604083227357513,3.0,2.2656972423414494
2.9816840498600863,9.474096501292086,1.0,0.019027380168254004,3.0,2.299487689474261
3.272195370134826,19.79380320633559,1.0,0.022826952340228135,6.0,2.21885717972901
2.928262528618672,11.225966669307802,1.0,0.014052133991827254,3.0,2.2690432835154524
3.09793945560926,18.217259835578055,1.0,0.016970585491132617,5.0,2.3811468196993157
3.40371406766726,16.857795597064946,1.0,0.019598285129020065,7.0,2.268135460921541
3.3541083693716613,20.729491040955462,1.0,0.020076205237803846,3.0,2.309100435033832
3.8359196133299416,21.386268190010124,1.0,0.01683488271608896,5.0,2.1566451746882027
3.1371152378529636,15.475233534096507,1.0,0.015662383711186445,3.0,2.2783172160976517
2.9173238361740017,9.26165247814813,1.0,0.014839014679784546,4.0,2.2741526344995107
3.315950139913508,19.709952199394692,1.0,0.022361495099337936,3.0,2.236194622477642
3.0600356143474943,10.649187647731866,1.0,0.013685811014176874,4.0,2.2739428302679414
3.203764945306538,11.799022766932612,1.0,0.01137920258147146,4.0,2.2537742203430375
3.4222844060035613,16.728068925418505,1.0,0.02215433642439546,3.0,2.1596842523199813
3.9254642584584074,27.361664552975796,1.0,0.014565193796807874,4.0,2.201890584710936
3.00661409310608,15.312797507239841,1.0,0.018966641632601533,5.0,2.335742583776222
3.1569575171712034,13.367933372009688,1.0,0.02036394740599856,3.0,2.244813905969739
3.195624523022132,13.70945899823802,1.0,0.021952916723149807,4.0,2.285740474833683
3.308827270414653,20.37229854175174,1.0,0.02911911825130442,3.0,2.317546524027998
3.320783515644874,16.945799931875612,1.0,0.014910867859632027,4.0,2.2392616590696326
3.4207580768252352,13.522775065406623,1.0,0.015363350987355084,4.0,2.2679204140638776
3.414398371915543,19.499577287372137,1.0,0.023175364954101885,5.0,2.2809748021213516
3.0478249809208853,9.31867493776192,1.0,0.014146676347830622,3.0,2.2473020810380744
3.5209870262019844,18.95219533741244,1.0,0.019064567315103198,3.0,2.2302067372312386
2.8293055202238615,9.710598185557934,1.0,0.015290991468491444,3.0,2.287032028073867
3.4581531416942255,19.811075804871813,1.0,0.020778903729860576,3.0,2.2149564873639926
3.0834393284151616,15.304545407320056,1.0,0.01087462958712343,5.0,2.2957011552300406
3.6064614601882474,20.597202996382975,1.0,0.020570119333044035,3.0,2.2075529048145404
2.865428644110913,12.400853932823509,1.0,0.012725173478490892,3.0,2.361144722159864
3.0852200457898755,10.906723358548549,1.0,0.024963739885355773,6.0,2.2814216238771055
3.266090053421521,16.547547718263328,1.0,0.01887752545164645,3.0,2.2585936474636794
3.157466293563979,18.06398875495304,1.0,0.01976390762044944,3.0,2.3483690135733157
3.8552531162554056,26.1666510043471,1.0,0.029668968430464626,3.0,2.2281626969699757
3.3653014500127196,20.820766221706698,1.0,0.021154749192146438,4.0,2.306829132281782
3.604171966420758,16.01516144081961,1.0,0.017948516480904786,4.0,2.187010037830322
3.2225896718392266,11.16760489740429,1.0,0.01707466606353536,5.0,2.2382514689259336
2.9516662426863394,9.605561230853828,1.0,0.014327663243544508,3.0,2.2859572364202183
3.215975578733147,16.788565271343895,1.0,0.02075290375976735,3.0,2.2625814029153943
3.3017044009157974,15.832693205806844,1.0,0.01741189829302414,3.0,2.2650844610307197
3.2447214449249553,14.858824994810353,1.0,0.014843906227491821,4.0,2.251655757267344
3.318239633680997,14.076750067018915,1.0,0.02150362111409221,3.0,2.267348937577518
3.1658611040447724,15.129037604050298,1.0,0.011320119973197817,4.0,2.260276481587563
3.1628084456881203,9.45158373793068,1.0,0.019041508365162718,3.0,2.2175076601421857
2.8951920630882726,7.48091473371501,1.0,0.011323188662061279,3.0,2.28252300059287
3.1533960824217755,8.944933180365046,1.0,0.013348368644930608,3.0,2.2141654882127613
2.8448232002035105,7.534122194418433,1.0,0.028985356222314795,3.0,2.3351611815773397
3.0880183159501398,13.36065621463055,1.0,0.020900609815477478,3.0,2.299464792666485
3.1719664207580767,14.87295260124918,1.0,0.01935842390085818,5.0,2.250173554390871
2.986263037395065,14.895081712518216,1.0,0.014366637558706596,3.0,2.3080389811107636
3.0267107606207073,9.56973355947927,1.0,0.0211720821578556,4.0,2.252958140667228
3.1264309336046807,15.485282924000009,1.0,0.024216394059076496,7.0,2.284971788795861
3.234545917069448,15.832239861896845,1.0,0.0188872204685685,4.0,2.2720406887193896
2.7298397354362756,7.654872431382252,1.0,0.013706993327089356,3.0,2.3260244613360266
3.7941999491223606,24.10719989308229,1.0,0.01232472530523232,4.0,2.191474299067417
3.357415415924701,19.599363184229425,1.0,0.014926607139367998,3.0,2.227681389332795
3.139404731620453,10.545145960786147,1.0,0.016066044615407282,4.0,2.266593356314246
3.0897990333248537,16.807401830180623,1.0,0.015643839062691067,4.0,2.2980508549135976
2.8305774612058,11.12132354270077,1.0,0.01543204304419854,3.0,2.301884823169858
3.183922665988298,20.11083524379648,1.0,0.027767305551356314,3.0,2.2829034186873347
3.0544390740269654,9.493458632900408,1.0,0.013951533301858221,7.0,2.290884605732491
3.608496565759349,24.844827389865923,1.0,0.014304241366308701,7.0,2.2102776539132254
3.3775120834393286,19.373563721511772,1.0,0.013115971249173741,3.0,2.2203038688332706
2.934367845331977,8.915201103216067,1.0,0.014626508632489543,4.0,2.286344239628873
3.1681505978122617,14.568218218236076,1.0,0.013807542170806819,3.0,2.281700197881733
3.307300941236327,14.878262725211702,1.0,0.026241753047744565,8.0,2.225159240486321
3.492495548206563,22.88322433342462,1.0,0.014635960054832808,4.0,2.2405839223602895
3.2258967183922667,15.876105503276762,1.0,0.0166453018109175,4.0,2.276297557641346
3.282879674383109,14.737242738431055,1.0,0.026036536230850116,3.0,2.240020955452497
3.285932332739761,16.103397557248513,1.0,0.023091335106388833,3.0,2.260163397629444
3.0981938438056473,11.292914386179369,1.0,0.02047648050705897,3.0,2.302883675765713
3.2256423301958788,14.858193902269031,1.0,0.01611893868241232,4.0,2.280221529641401
3.104299160518952,13.153490263673644,1.0,0.020703173224928095,3.0,2.2438644572915116
3.0083948104807936,12.359541283582846,1.0,0.02454962011292028,3.0,2.2976760379658847
3.3324853726787076,14.675792870124756,1.0,0.017610179753693223,4.0,2.218635412561701
3.1332994149071483,11.66149097192421,1.0,0.033145373652780585,6.0,2.1820611596817097
3.407275502416688,20.775152418351997,1.0,0.018215617235383008,6.0,2.240925106715451
3.1536504706181634,14.046359945084717,1.0,0.024874627461304866,3.0,2.2661224215725677
3.606715848384635,23.81394634183538,1.0,0.020619271643232073,4.0,2.298182536087685
2.929788857796998,7.302049309768979,1.0,0.01257716342996218,3.0,2.2546739159915097
3.305520223861613,14.972866752797689,1.0,0.012740704525772584,6.0,2.30513139756761
2.9244467056728567,10.960818735836009,1.0,0.02292173485859106,3.0,2.3348296568819613
3.360976850674129,20.078482326066425,1.0,0.026925918187782893,3.0,2.2581266510933817
3.2500635970490968,13.865667145287217,1.0,0.016322911156107733,3.0,2.230486225725528
3.405240396845586,17.68864562902486,1.0,0.01207944504899422,4.0,2.269944698084908
3.1706944797761385,11.136561990795608,1.0,0.023666658476993896,5.0,2.343563867574935
3.7830068684813023,25.221319538477214,1.0,0.0243477901415613,3.0,2.2740221721165783
3.3223098448232,14.392087708535474,1.0,0.016248751252223248,4.0,2.250834787061529
3.2928008140422285,15.456835345791307,1.0,0.013099149345420336,4.0,2.228623222464911
2.9425082676163825,8.23106596539016,1.0,0.009420292378845563,4.0,2.330395277999612
3.244467056728568,15.924299960081212,1.0,0.018380106714510513,3.0,2.2026412316664743
2.916306283388451,7.401201452984223,1.0,0.01558660121183797,3.0,2.2616937340349432
3.490969219028237,19.526058548876502,1.0,0.014599016780443619,5.0,2.202060824756197
3.4350038158229457,18.446593475652943,1.0,0.020860742481337624,5.0,2.2248467376173533
3.0531671330450267,11.662556958827997,1.0,0.01147556972142938,5.0,2.2775903662321726
3.63037395064869,25.69621727276806,1.0,0.02292454499680019,3.0,2.275526773127347
2.9384380564741797,9.337956478290739,1.0,0.019087873635270425,3.0,2.3250532558017305
3.0849656575934876,15.384296419041066,1.0,0.02045451826984568,3.0,2.299106268183773
3.0880183159501398,12.960377808688815,1.0,0.015302996651728185,4.0,2.2502074230393196
3.0249300432459933,14.14781469377704,1.0,0.015008611318823584,3.0,2.26127402077171
3.2912744848639024,16.166013344743803,1.0,0.019903545785902255,3.0,2.2724365723005
3.5011447468837447,21.01396093727633,1.0,0.017932075531908676,4.0,2.2534260440231
3.057746120580005,10.82804112452528,1.0,0.023402229051333934,6.0,2.226547320266888
3.2210633426609006,13.969848841745312,1.0,0.01704113898103088,4.0,2.2449270981381177
3.3630119562452303,21.355020058380372,1.0,0.015658718899807855,3.0,2.245485200725473
2.71508522004579,6.289887128814067,1.0,0.013697763703648558,4.0,2.3896970411624907
3.1966420758076826,11.822706613768618,1.0,0.02012929327034818,3.0,2.214208486457105
3.116509793945561,15.725696875881109,1.0,0.023939088342752157,3.0,2.300925189967856
3.4792673619944035,16.4112675451832,1.0,0.012877885611279116,4.0,2.2073074998947897
3.577969982192826,19.909403380470316,1.0,0.02625675032650765,3.0,2.2375383564809486
3.4947850419740525,17.753840169854488,1.0,0.019473709423057456,5.0,2.1639347069794486
3.1892648181124397,15.391484123026203,1.0,0.015112215281814168,3.0,2.2443078261185114
3.7219537013482573,19.44540848938763,1.0,0.015443512511818414,3.0,2.1728667227141925
3.127194098193844,11.623693586592402,1.0,0.02290232333465836,3.0,2.2993153587023913
3.2882218265072503,19.380499898324903,1.0,0.014690641387610448,3.0,2.230853213336347
3.155685576189265,14.139515618113466,1.0,0.01841371452796914,4.0,2.2670545808829194
2.860595268379547,10.793777075618433,1.0,0.016683459157446512,5.0,2.4236888224862847
2.8234545917069447,7.652219838221207,1.0,0.021530302064669993,4.0,2.3324284934068116
3.44772322564233,20.323133745339355,1.0,0.013755805536114996,5.0,2.218733624444332
3.6680234037140678,24.295433043836592,1.0,0.025076462820088352,3.0,2.2710072751768138
3.2500635970490968,14.405731669411534,1.0,0.020497068310260658,3.0,2.2681996111697105
3.4077842788094634,17.229423829161593,1.0,0.024420670614412776,4.0,2.2211346445912827
2.883490206054439,7.493177402439139,1.0,0.018484872057582535,3.0,2.23689648101967
3.3563978631391502,13.232627808424581,1.0,0.019460716785706156,3.0,2.189079284498642
3.495293818366828,18.48031165413054,1.0,0.013161743935210746,3.0,2.205133434070413
3.188247265326889,11.364060521661223,1.0,0.027645340927600515,3.0,2.280120746403636
3.2180106843042484,19.8352548570429,1.0,0.026465236171672846,3.0,2.2995638387657538
3.5181887560417198,23.168739682483245,1.0,0.025628005554647948,10.0,2.1359079405771
3.2838972271686595,17.080675368650358,1.0,0.017832015021582492,3.0,2.2535605582215004
3.2928008140422285,19.403073567542677,1.0,0.02053639858066969,6.0,2.304105830695874
3.180106843042483,15.72359253112161,1.0,0.022904421280196652,4.0,2.3268637297880534
3.2012210633426608,20.384711489571654,1.0,0.023934274858826043,3.0,2.327568455828992
3.0485881455100485,12.094974365437366,1.0,0.015548262573933824,6.0,2.3000551105228992
3.4993640295090307,20.552386659651063,1.0,0.015617441611198934,3.0,2.260304633911073
3.5817858051386415,19.502189610635266,1.0,0.023644435246488293,3.0,2.212425479623488
3.0755532943271433,15.195416310303763,1.0,0.015357831002548172,4.0,2.3259373171417765
3.846095141185449,23.381030212288472,1.0,0.022631384143256494,3.0,2.2137316423167333
3.253370643602137,18.351964959316085,1.0,0.023285133446954043,3.0,2.281377333543274
3.0572373441872296,10.594034137063526,1.0,0.01031722237230881,3.0,2.239923937863361
3.394047316204528,14.561884893718208,1.0,0.01887787461900603,5.0,2.237999114992604
3.234545917069448,16.96537354234517,1.0,0.024841881265768584,11.0,2.2527682959539286
3.5576189264818114,17.129756788107887,1.0,0.01889322183385822,3.0,2.199514158407271
3.0933604680742812,15.63845797293025,1.0,0.018148807719371773,3.0,2.3079609101137932
3.2531162554057493,16.292848713084258,1.0,0.01792087842324852,4.0,2.298498125372419
3.1261765454082933,12.069115557982713,1.0,0.023326025085022684,3.0,2.2555795520123274
3.09793945560926,15.779333167300777,1.0,0.019456940701569225,8.0,2.3962689178402323
3.324090562197914,10.4671975975721,1.0,0.017985757278360937,4.0,2.183603055829311
3.012210633426609,10.42460806417586,1.0,0.024718771591695665,3.0,2.24755607532079
3.2976341897735946,18.618734653055416,1.0,0.015402620452293347,4.0,2.254198748904286
3.2742304757059273,17.106147870725252,1.0,0.02415748125819761,3.0,2.234663706030272
3.5970490969219027,21.00521265010411,1.0,0.01963943981921512,5.0,2.2358018416923864
3.1383871788349023,16.170459933254605,1.0,0.021874242237914898,3.0,2.3049431477708233
3.1106588654286442,8.580278621612903,1.0,0.022187840667082015,4.0,2.2375074564511257
2.970745357415416,10.95082363172759,1.0,0.012698524638257047,3.0,2.332583171915103
3.1078605952683795,14.827887906162573,1.0,0.03964573538853278,3.0,2.3295669311858846
3.2531162554057493,15.303901446113867,1.0,0.01793197872590313,4.0,2.302858609509453
3.5680488425337065,20.528334136019332,1.0,0.031129927466523877,3.0,2.220853327540056
3.2643093360468076,16.078938939983825,1.0,0.02588758923340395,7.0,2.1486695681470627
3.5924701093869245,26.944864595843367,1.0,0.02560303733757263,3.0,2.303903831114884
3.367336555583821,16.499990872963235,1.0,0.020852157478041367,3.0,2.2521898751411973
3.039684558636479,8.1935969877256,1.0,0.025301576112698898,3.0,2.2506629073089393
3.099465784787586,9.614948889441134,1.0,0.01350930521013849,3.0,2.2261033602207103
2.855761892648181,8.33072451819158,1.0,0.012370597761183433,4.0,2.2955287450167314
3.4815568557618928,22.287952792997512,1.0,0.023977701288593334,3.0,2.2613802865158323
3.1119308064105824,10.944167531721916,1.0,0.020958820332167782,3.0,2.253028066588083
3.1851946069702364,17.301559993410354,1.0,0.017149150018147763,3.0,2.25772540361495
3.058509285169168,11.351695369189326,1.0,0.016509533577393487,4.0,2.3024182901745776
2.8382091070974305,7.9953417656570585,1.0,0.01528301880382521,3.0,2.247992994406228
3.3319765962859322,16.800456760985032,1.0,0.025953121071893126,9.0,2.1979433115633435
2.92520987026202,12.70976136723952,1.0,0.015330917153776102,3.0,2.302963173568384
3.1371152378529636,8.976822170033124,1.0,0.016905177665931304,4.0,2.2132683988933373
3.143474942762656,15.778605959881638,1.0,0.01886749389627529,8.0,2.2833488967530866
2.8857796998219283,9.259229378907765,1.0,0.01904450150272463,3.0,2.3238074904326336
3.267616382599847,11.728121515517895,1.0,0.018235767219964116,4.0,2.1759709795503865
3.34215212414144,15.57603196129816,1.0,0.02363143150914304,7.0,2.186932768453765
3.1755278555075046,11.215051550120696,1.0,0.02498024455926562,3.0,2.2770815017669284
3.3846349529381836,20.083002731554714,1.0,0.017497602852888594,4.0,2.264663975083053
3.0160264563724244,12.873906513650798,1.0,0.01746326126801656,3.0,2.2512846438009078
3.3864156703128976,20.298322250518773,1.0,0.026350476595069172,3.0,2.270118894526335
3.0590180615619436,11.659180127867566,1.0,0.016861965412768798,3.0,2.256586738617375
3.4673111167641824,20.81440652705828,1.0,0.013239414746655465,4.0,2.2705302821412783
3.0564741795980668,15.820857518501965,1.0,0.012841413007843472,3.0,2.3148099195815206
3.067412872042737,10.66936949070352,1.0,0.026009733100919585,3.0,2.254314516160384
3.018570338336301,11.395166540900652,1.0,0.015376305792164036,3.0,2.2842568136887236
3.1106588654286442,13.621429383013105,1.0,0.020778156809296622,3.0,2.342364916179981
3.0256932078351566,11.436778371250497,1.0,0.010133569264523024,4.0,2.3039567286517038
3.213940473162045,12.922021929280124,1.0,0.024748051798171078,3.0,2.2355792433187336
2.6932078351564486,6.963436298990891,1.0,0.018115766306557757,4.0,2.4060758275529617
3.4701093869244466,16.680465025610314,1.0,0.021086596374856548,4.0,2.196186174805395
3.1470363775120833,15.637679392510753,1.0,0.01890483369266882,3.0,2.295228935871455
3.09463240905622,12.822614180808573,1.0,0.015081827681953874,4.0,2.304303256239253
3.439074026965149,21.19055144214389,1.0,0.019269542756115032,3.0,2.2422238778473735
3.1053167133045028,11.966590467978394,1.0,0.022701111063163526,4.0,2.3367750277949106
3.5054693462223354,21.160388784839952,1.0,0.01079967604157539,4.0,2.234921751750992
2.9638768761129484,10.933704044391844,1.0,0.01967583385280347,6.0,2.3497554181035403
2.9916051895192064,10.370848364298947,1.0,0.014123846458243383,3.0,2.222044538701544
2.969727804629865,12.765734527362143,1.0,0.01582860218928628,4.0,2.3216213622800166
3.102772831340626,7.762705585664186,1.0,0.020523241374656,3.0,2.207673578550555
3.307046553039939,16.95144272722347,1.0,0.016994154315979282,4.0,2.232431597576992
3.257186466547952,17.122116537079044,1.0,0.02054324640207994,3.0,2.279171617760639
3.4011701857033834,20.37228150280163,1.0,0.022441103263281303,3.0,2.253361632513209
3.1836682777919103,14.322532085421837,1.0,0.018051942846837976,4.0,2.205679840291044
3.385143729330959,12.799760042048051,1.0,0.015147630576785032,3.0,2.183166748231978
3.5784787585856015,18.49246162461675,1.0,0.009946511657533075,4.0,2.1978912357895997
2.9392012210633425,9.11439033567267,1.0,0.009620863631224386,5.0,2.3491985147915244
2.7412872042737217,6.352406048227992,1.0,0.01982380765964492,3.0,2.2862506942934075
2.808954464512847,6.841809695478604,1.0,0.019202139213263192,3.0,2.2663345182935686
2.934367845331977,9.433685413415676,1.0,0.013089168392455552,3.0,2.2497329180393546
3.127957262783007,9.929241361297093,1.0,0.013465612659365966,4.0,2.2486931272359225
3.156448740778428,9.705204304590874,1.0,0.010626365642279367,4.0,2.2249907095693207
3.400661409310608,17.863682627857877,1.0,0.02049027293293948,3.0,2.2630464315624943
3.0117018570338336,8.670594370918021,1.0,0.016246730948495824,4.0,2.278333725844246
3.282879674383109,15.63969990527189,1.0,0.020268538645235368,4.0,2.242195704846111
3.6123123887051642,20.90206332771929,1.0,0.022412124524967325,3.0,2.251076238932165
2.952938183668278,7.300998380378338,1.0,0.01814146115168258,4.0,2.2762766090939275
3.154668023403714,15.536009179862667,1.0,0.014220574745270498,4.0,2.3131407680388616
3.126939709997456,10.699993665074802,1.0,0.01569642621182954,4.0,2.253293347375771
2.883490206054439,7.71504456379293,1.0,0.012262106129318995,3.0,2.260538935812613
3.220554566268125,15.523574765190912,1.0,0.025231301788836036,3.0,2.266891459477054
2.983719155431188,8.353956711109912,1.0,0.01250400909003857,3.0,2.248222874994628
3.2129229203764944,10.131051520630622,1.0,0.015066254753678066,3.0,2.165026949168325
2.894174510302722,9.641764181636468,1.0,0.020087771411986588,3.0,2.3144630736586156
3.090562197914017,10.188802267453545,1.0,0.02665952753263945,6.0,2.162068086985108
3.2485372678707707,16.813839824340786,1.0,0.013469347221150896,3.0,2.243195361263936
3.0478249809208853,10.10729778716999,1.0,0.015507872121335087,6.0,2.3402455303739016
3.2284406003561434,16.460082998505822,1.0,0.008565987411035536,4.0,2.2905309930770095
3.3497837700330706,13.81087548594122,1.0,0.01889802526132678,4.0,2.2468542591440404
3.233528364283897,15.95707499581861,1.0,0.01958328099621176,3.0,2.2274590054323005
3.140676672602391,13.166209513696325,1.0,0.02034803079558689,3.0,2.2605817856054653
3.469854998728059,14.699250555149753,1.0,0.01432382848872904,7.0,2.224901435105741
2.8064105825489696,7.527777416318926,1.0,0.0171049549921235,8.0,2.542900129432291
3.435512592215721,15.14680473991407,1.0,0.011854841994146326,4.0,2.209320445426602
3.15950139913508,12.12422968542563,1.0,0.01588334726008056,3.0,2.2321916833435997
3.5204782498092086,17.619707964412473,1.0,0.015836018350743997,3.0,2.220843885652302
3.115746629356398,9.204402285904493,1.0,0.013165141348649323,5.0,2.3027445984793493
2.859832103790384,6.83664403981145,1.0,0.01611817992758846,3.0,2.2697977569834733
3.058000508776393,11.05687955854267,1.0,0.016156896484127437,3.0,2.230057236819935
3.4505214958025947,19.720439472841832,1.0,0.02204730293685253,10.0,2.165293408413966
3.002543881963877,15.387639161430723,1.0,0.01675639863580025,4.0,2.3192689955757593
3.0114474688374457,14.765051216868828,1.0,0.020931779055943456,4.0,2.384280142794002
3.3441872297125412,18.267517386674342,1.0,0.013412406740440197,4.0,2.251756689265841
3.469346222335284,16.81165251226904,1.0,0.021572352581126775,6.0,2.1726169082123428
3.12210633426609,11.158616682546779,1.0,0.015508024311697954,4.0,2.288616294391676
3.2299669295344695,18.7187549206299,1.0,0.02356830957014122,3.0,2.3227791150444355
3.417705418468583,18.500215731640566,1.0,0.01625810883692469,5.0,2.234424776916619
2.90536759094378,9.247505411336443,1.0,0.027232693507469596,7.0,2.2798773385691264
2.8196387687611293,7.013798296547902,1.0,0.01734272497673328,4.0,2.2569825644003956
3.0183159501399137,15.179957407945649,1.0,0.01629387061499854,3.0,2.308956759403153
3.4899516662426864,20.143370333119808,1.0,0.016133837565461273,3.0,2.240325232327737
3.0564741795980668,10.479953398456294,1.0,0.018494943128472996,3.0,2.2824038821027535
3.6517425591452555,26.27978067717585,1.0,0.020658956124864125,3.0,2.2591366564357713
2.815314169422539,7.938133944013618,1.0,0.015909216480060606,5.0,2.335548791707711
3.212414143983719,17.615105579917746,1.0,0.021158276657929243,4.0,2.2419620551090853
3.2360722462477742,15.447442713242431,1.0,0.021337933856228453,3.0,2.2383595795546816
3.123887051640804,10.150190720505863,1.0,0.010237217535050025,4.0,2.2394800724180204
3.327143220554566,12.09286644808228,1.0,0.016572973985453487,5.0,2.211082657054299
3.3238361740015265,18.8020844911823,1.0,0.023219538003334872,3.0,2.2579179804879703
3.3693716611549225,14.920834700265052,1.0,0.02567392933009327,3.0,2.223115473730278
3.256677690155177,17.09070190581222,1.0,0.017188550128680036,3.0,2.2514787187818803
3.2699058763673365,18.369609176675038,1.0,0.012160480370551174,3.0,2.241450983308163
3.3228186212159754,15.182493224977948,1.0,0.019591949533619313,4.0,2.2675237752757154
3.368862884762147,23.174765160042565,1.0,0.02202460277419982,3.0,2.2789752027474575
3.430933604680743,19.304571911499504,1.0,0.01635733994345845,6.0,2.181089068094363
2.8967183922665987,8.697143916485462,1.0,0.027082279844964363,3.0,2.287151092925029
3.1890104299160518,19.33392622948339,1.0,0.030260951593784613,3.0,2.316834034244822
3.271177817349275,16.16750373953324,1.0,0.022578275820702043,4.0,2.257463230255508
3.37954718901043,14.467427740518247,1.0,0.019832024093157763,3.0,2.220720167773431
3.596031544136352,17.550019355177497,1.0,0.019246310122348897,4.0,2.1806271536119852
3.2348003052658356,16.17655922181825,1.0,0.012550103389811551,4.0,2.2608365477406425
3.7601119308064104,21.644515788928,1.0,0.019594421951818597,4.0,2.1837376451455244
3.264818112439583,13.429497109301538,1.0,0.03460605652109683,3.0,2.2479650242278026
3.4612058000508776,14.256890436771343,1.0,0.017321080598021732,5.0,2.184027267646896
2.8336301195624523,6.8631125177456695,1.0,0.015829275475613525,4.0,2.2751070208128867
3.1648435512592217,12.955564443828758,1.0,0.012789134982363004,3.0,2.2410361184174574
3.0559654032052914,14.59049853752318,1.0,0.0173813113521174,4.0,2.3940207804245457
2.8860340880183157,9.011100637063304,1.0,0.01850945671634363,3.0,2.2911575963710495
3.2559145255660136,12.70003565423119,1.0,0.020004094536698047,3.0,2.2240003377186626
3.7420503688628846,23.0092746669814,1.0,0.027850282158242257,3.0,2.2340611789614684
3.3805647417959808,16.565547633305655,1.0,0.011816280530833057,3.0,2.2047510775359624
3.180870007631646,11.783970864145704,1.0,0.015805469707067976,4.0,2.3148133610299984
3.191045535487153,12.629441974201091,1.0,0.011840293929946899,4.0,2.271607491935013
3.2821165097939455,16.97970516175013,1.0,0.011833280546005631,4.0,2.2727398358584083
3.053675909437802,11.929322882599873,1.0,0.02176166799368162,4.0,2.3496375663817126
3.4133808191299924,17.52477082626415,1.0,0.022120042505141546,3.0,2.1954322615499873
3.0567285677944542,12.634706368527995,1.0,0.013751642846224321,3.0,2.2737804966390227
2.880183159501399,9.664461858480438,1.0,0.023367453524433257,3.0,2.3165720348775
3.1750190791147292,14.770021847517034,1.0,0.013630656508594297,4.0,2.3074210583552732
2.9211396591198167,9.505819734553528,1.0,0.013554951371596125,4.0,2.328610980576582
2.7756296107860594,7.363099836717734,1.0,0.02741480897223003,3.0,2.3588782264094315
3.0984482320020352,9.991638586941168,1.0,0.02509798340966085,3.0,2.289994338593745
3.1429661663698805,12.296862797126796,1.0,0.012314053940864711,3.0,2.2489502864233786
3.246756550496057,14.898543053936422,1.0,0.01618131810373069,4.0,2.291902552342481
2.891630628338845,7.173643686186991,1.0,0.01913996777959104,3.0,2.2529864027472284
2.7367082167387435,6.585494204009802,1.0,0.013829419089067985,3.0,2.3200635375737715
3.2805901806156195,11.91009214253819,1.0,0.017117574865909924,4.0,2.2440629615774026
3.3968455863647926,15.344288654851237,1.0,0.017064411069902752,3.0,2.1813042202659965
3.004070211142203,11.639850483433113,1.0,0.017787998906900082,4.0,2.226967697070764
3.95268379547189,23.949372102675863,1.0,0.021569047689180776,3.0,2.1963898524574823
3.3373187484100737,13.271835660945486,1.0,0.014578665156045334,3.0,2.2022324554576107
3.018824726532689,10.412072115166426,1.0,0.020121917853878513,3.0,2.223000380906848
2.898244721444925,12.93894334436272,1.0,0.019151154739887155,4.0,2.4253523407993285
3.0206054439074026,13.430955664937965,1.0,0.01872035065402966,3.0,2.3123733676633065
3.208343932841516,16.086009335495365,1.0,0.02274462394055432,8.0,2.3403515616960355
3.1569575171712034,10.121522579954634,1.0,0.023098737553508775,5.0,2.218962931178233
3.1305011447468836,13.811649131090846,1.0,0.021431836106591162,3.0,2.289534676240645
3.1719664207580767,15.120845785967926,1.0,0.013010891834202676,3.0,2.2435908923361887
3.0386670058509284,9.042004956251448,1.0,0.013276843318862142,3.0,2.249477675020052
3.3360468074281355,18.249919115995233,1.0,0.01744447352044043,4.0,2.287556084502441
3.379292800814042,20.771690042166327,1.0,0.017221043448792384,3.0,2.2681746851835443
3.610786059526838,20.700542642672755,1.0,0.020078945177051,6.0,2.207523252704751
3.622996692953447,25.781853378833365,1.0,0.012996116220260534,4.0,2.2584618190990717
3.066904095649962,9.96339528179518,1.0,0.022039801237008327,4.0,2.262314465251396
3.1121851946069703,12.708835777718834,1.0,0.02821989962635807,3.0,2.297756416425974
3.146527601119308,11.249416730426702,1.0,0.017071755046254133,3.0,2.2972220225859434
3.3296871025184434,13.689647274934371,1.0,0.013502032497605843,3.0,2.2119738913557163
3.4746883744594252,21.573089171847858,1.0,0.016569794306691366,5.0,2.2109304861750365
3.4459425082676165,19.2593280070829,1.0,0.022833431044029462,5.0,2.266575577407079
3.5843296871025183,14.51225847592035,1.0,0.03414631857339434,3.0,2.183699792530055
3.5566013736962603,20.342827168198756,1.0,0.01967735278527305,5.0,2.1769467994848544
3.706944797761384,23.197472210770695,1.0,0.027895198930286247,13.0,2.156603035413059
3.1704400915797506,15.852681342883393,1.0,0.02193484326948747,3.0,2.2448759876076925
3.261256677690155,12.562483763930043,1.0,0.01959031057898153,4.0,2.1993122876422735
2.7542610022894936,6.8956059089644555,1.0,0.03298570846735294,3.0,2.3440338054835705
2.891376240142457,7.489713418140003,1.0,0.017657608250973178,4.0,2.3174407277005047
3.330704655303994,18.84703979860531,1.0,0.021894573492700853,3.0,2.2936188031326927
2.984482320020351,11.084009504960733,1.0,0.01811693113172752,4.0,2.3106462633330764
2.9188501653523278,8.884760865116725,1.0,0.017162437029438427,4.0,2.2934458180430743
3.4108369371661156,17.822319706246013,1.0,0.02332206626481448,6.0,2.1651097867048286
3.5573645382854235,20.663983332055018,1.0,0.019196130273941625,3.0,2.185951984458188
3.510557110150089,22.1180679998911,1.0,0.019386077585663353,4.0,2.2550472690958467
3.177562961078606,15.727342131614144,1.0,0.017161409558994922,4.0,2.320923778389944
2.9654032052912744,9.383506246465988,1.0,0.017486758950945425,3.0,2.2457096418902616
3.008903586873569,8.70338092790992,1.0,0.010861747076589157,4.0,2.3174975964440403
3.3904858814551004,16.752235556073344,1.0,0.022111422093356703,3.0,2.2062180810610164
3.065123378275248,10.947706791965125,1.0,0.019138187921150074,3.0,2.2910646926642504
3.3006868481302467,17.901938916756194,1.0,0.012784927756473274,4.0,2.3033458459823484
3.6764182141948614,20.539247747500063,1.0,0.014951529956885201,4.0,2.1794608949646457
3.1015008903586874,11.613119244054703,1.0,0.017468856840862967,5.0,2.259500948909685
3.044772322564233,13.044452891036238,1.0,0.016212141674380343,4.0,2.2547565658949225
3.1958789112185193,13.198417044281499,1.0,0.01590420283751326,3.0,2.2350583472541112
3.4367845331976596,20.393552490905382,1.0,0.025545908383096116,5.0,2.2692242520258175
3.336555583820911,16.302031443787982,1.0,0.019095698281785922,4.0,2.222421779062028
3.1307555329432715,9.500027335392492,1.0,0.025516325347817004,4.0,2.1650063865637934
3.369880437547698,18.196349819187784,1.0,0.014649829609401477,5.0,2.2428255229697944
3.168659374205037,15.48975895943657,1.0,0.021679455492947808,3.0,2.2821063886400568
2.8631391503434243,6.657946726108891,1.0,0.024226991366556483,3.0,2.2598783311152717
3.184685830577461,16.35298058686966,1.0,0.024320761412079395,3.0,2.2811820392942805
2.716611549224116,5.000389332739119,1.0,0.017503642478203463,3.0,2.298506002990745
3.4001526329178327,22.93222491793373,1.0,0.02302381817881405,5.0,2.2930798712608276
3.021368608496566,8.842184640299498,1.0,0.011081258224114099,3.0,2.2257131600249562
3.1274484863902314,15.867753101127168,1.0,0.023731460379189495,3.0,2.3012777192492253
2.9905876367336557,9.171708511739192,1.0,0.012767925047961759,5.0,2.2822207463399375
3.12541338081913,15.73656809719979,1.0,0.01351865292831067,3.0,2.269293233785713
3.0793691172729587,16.202493415710393,1.0,0.02303458297673533,3.0,2.335579594152839
4.034596794708725,27.033380981948348,1.0,0.02065251185275463,3.0,2.155390521656196
3.4655303993894684,17.81164402224429,1.0,0.01130958634974688,4.0,2.217601548614092
3.380819129992368,13.368720766330272,1.0,0.018662010283750696,4.0,2.1784219143692303
3.3683541083693718,15.715825932788345,1.0,0.02325787688289349,3.0,2.2102803561562396
3.3373187484100737,13.092713978904573,1.0,0.015647561400707444,3.0,2.2079354458261076
3.090307809717629,10.851474568567827,1.0,0.01974689172721622,3.0,2.2745105690157166
3.0068684813024675,9.24786326432964,1.0,0.013550360554310692,5.0,2.276618201178382
3.5125922157211904,18.812170745884238,1.0,0.011399908569679484,4.0,2.202663552810385
2.868226914271178,7.005861948301942,1.0,0.016236088857683906,4.0,2.34865466409627
3.1200712286949885,9.374338967690687,1.0,0.015613636768191441,3.0,2.2369269372176674
3.048842533706436,10.810132877993215,1.0,0.01575631057539073,5.0,2.365792455449456
3.2007122869498854,18.961653373405134,1.0,0.02268896781043117,3.0,2.276097552553275
3.2342915288730603,18.53506180948232,1.0,0.024415173743250862,5.0,2.343237125685876
3.3950648689900786,15.971526625435665,1.0,0.0157345069863849,4.0,2.240928789245696
3.254896972780463,13.54531662422814,1.0,0.017025043550894847,3.0,2.264307437357467
3.5894174510302723,16.788274970522494,1.0,0.027447787208001673,3.0,2.1801868404494926
3.639023149325871,16.888675659073996,1.0,0.021144710723740134,3.0,2.2066341743244235
3.999745611803612,26.79387480808142,1.0,0.02233812939011004,4.0,2.15660145259709
3.3505469346222334,18.668014661111027,1.0,0.019019037392008165,3.0,2.253189368964916
3.5204782498092086,20.390571376085028,1.0,0.013510948987636051,4.0,2.2042467872519804
3.2762655812770287,14.9785225326953,1.0,0.021870686372011283,3.0,2.240870690054403
3.244467056728568,16.220467104256134,1.0,0.01681228455036443,3.0,2.2375208238514377
3.004833375731366,14.870670377899431,1.0,0.01657903143452988,4.0,2.326558364435596
2.8995166624268633,8.167903958199966,1.0,0.024355105383728648,3.0,2.2895412722666446
3.0897990333248537,8.525259890750698,1.0,0.014356626363692615,3.0,2.2042747365206283
2.937420503688629,9.667225791359236,1.0,0.01902530916931605,3.0,2.28762566903594
3.509793945560926,20.24683833874093,1.0,0.01187396126615714,5.0,2.221041321186749
2.9687102518443145,9.298453866342339,1.0,0.01906098762931424,4.0,2.337970527265354
2.991859577715594,6.647878331886439,1.0,0.012461472846221011,3.0,2.2426373602032097
3.4360213686084964,15.713074236196658,1.0,0.021961458602842487,8.0,2.1387777966828323
3.379292800814042,14.859466107596019,1.0,0.021978450736166888,6.0,2.1890333204562187
3.209361485627067,10.23837851823262,1.0,0.011157729033048236,3.0,2.1777504331957576
2.8918850165352326,10.530220240764661,1.0,0.02121544064137182,4.0,2.3094847889949133
3.1060798778936656,11.017189740418017,1.0,0.019738918443266695,5.0,2.2906107670269398
3.0630882727041464,14.780324381910138,1.0,0.015133210054183888,5.0,2.358083029232853
3.1633172220808956,15.533562602270376,1.0,0.01412329248018973,3.0,2.2831492975589884
3.5761892648181126,22.40994261907146,1.0,0.02922157622523458,5.0,2.22272386454512
3.0256932078351566,18.731676571936287,1.0,0.01602262532359089,6.0,2.484722609827608
3.0373950648689902,15.980619008777632,1.0,0.013490388978097623,3.0,2.2740726303670087
3.1332994149071483,16.07713338993613,1.0,0.028999370697733173,3.0,2.298268800884943
3.399135080132282,20.607973385230483,1.0,0.023861900420841964,4.0,2.255147529648572
3.261511065886543,15.506780150453945,1.0,0.01408142000634749,6.0,2.3214950650364257
3.127194098193844,11.697910492186677,1.0,0.016611219708862923,3.0,2.277752266193069
3.4467056728567793,19.67880978426224,1.0,0.020046729927687634,5.0,2.1544103627904327
2.9671839226659884,10.244564320855599,1.0,0.02051064350500742,3.0,2.3193667919606216
3.935639786313915,25.813031032162748,1.0,0.022547132969124584,9.0,2.1033241561101983
3.4960569829559907,15.522189243532683,1.0,0.01884541223761871,3.0,2.2192543475291044
3.2106334266090055,20.42821655022127,1.0,0.028830396403310088,3.0,2.3614388948468
3.0111930806410583,10.3170979532357,1.0,0.027640826634440008,3.0,2.2670425557329503
3.3251081149834647,18.55113534797311,1.0,0.022060320948188994,3.0,2.272840542009119
3.038412617654541,10.313197622631058,1.0,0.015111640350219613,4.0,2.2270935722427243
3.2574408547443396,15.082790854752352,1.0,0.015291876718849573,4.0,2.2746929288609725
3.246247774103282,16.404667298420957,1.0,0.026286920532105407,3.0,2.297607949165813
3.0541846858305775,11.839805179385754,1.0,0.012802995961804897,3.0,2.2729553242658085
3.189773594505215,15.579539877931692,1.0,0.014056973719406507,5.0,2.2580780238638045
3.127957262783007,14.955940017953086,1.0,0.019204299720183893,4.0,2.3655328555949757
3.6723480030526585,17.560144741564024,1.0,0.019922502245715124,3.0,2.1515867248738987
3.272704146527601,15.39672647842944,1.0,0.012667432611807194,5.0,2.285766092691956
3.266344441617909,18.77561093156165,1.0,0.028397257764315897,3.0,2.2658278839323143
3.214194861358433,19.637879489490167,1.0,0.018157042686649194,5.0,2.367552056098133
3.117781734927499,8.931043488365637,1.0,0.016234765357632353,3.0,2.2512913134649204
3.726532688883236,24.089584260948005,1.0,0.019505408978412686,3.0,2.223835787066812
3.473162045281099,21.336219693764864,1.0,0.015361500719653504,5.0,2.2581337690892207
3.135080132281862,16.262765937952324,1.0,0.012862628201029347,5.0,2.266336372261439
3.038158229458153,9.670036702932801,1.0,0.012196399257097146,4.0,2.2705969802316144
3.0035614347494275,11.426470160805147,1.0,0.023229402255026232,4.0,2.391876483987638
3.694479776138387,18.546675120591885,1.0,0.025161027649675816,3.0,2.214456965434577
2.954210124650216,14.842201942082383,1.0,0.019510800297866893,3.0,2.304069056218473
3.4487407784278807,18.474486324170478,1.0,0.016108315351286873,4.0,2.1985388251197975
3.762910200966675,26.547380797283097,1.0,0.02511622968805649,3.0,2.263042436913387
3.0231493258712794,11.005663228598923,1.0,0.011326317613627013,3.0,2.252473939119226
3.4492495548206565,13.60116775335649,1.0,0.013287281228778758,6.0,2.193508812613135
3.184940218773849,13.869880366978272,1.0,0.025906464650944372,6.0,2.2251329891501372
3.1750190791147292,17.48175330216694,1.0,0.02274495850097924,6.0,2.282910553738901
2.7926736199440345,7.713550585199962,1.0,0.013543944659121454,4.0,2.3341504660341688
3.112948359196133,10.292044962057922,1.0,0.02305130768862451,3.0,2.21396378059912
2.9949122360722464,10.049330098181347,1.0,0.03455292621716077,3.0,2.2971756708568876
3.1974052403968454,11.066860625496274,1.0,0.023851293032801313,3.0,2.2056938966869963
3.416179089290257,19.92939158496347,1.0,0.029801922754969734,3.0,2.240827997581891
3.437293309590435,21.348588279355813,1.0,0.023235721767725592,3.0,2.2504650119208076
3.502925464258458,18.614778434844908,1.0,0.026390510631875252,3.0,2.196971456637198
2.923429152887306,8.898019584424823,1.0,0.018128835103103036,3.0,2.261549649232699
3.3398626303739505,16.44285018447894,1.0,0.02564213992026476,4.0,2.227538628483368
2.9842279318239635,14.616743970776913,1.0,0.02161179111268774,4.0,2.367394250880901
3.5843296871025183,14.887424541904466,1.0,0.025177200913934245,5.0,2.0980431278304126
3.215975578733147,17.352699011827497,1.0,0.026877069234471973,3.0,2.307419770892029
3.475705927244976,19.802846822702072,1.0,0.01674242450115948,3.0,2.217768156084342
3.061053167133045,12.171789797041562,1.0,0.01410268075775234,4.0,2.336453291284636
3.3340117018570337,13.01096774914869,1.0,0.020857629571322034,4.0,2.2175132127993793
2.887051640803867,13.846028434755441,1.0,0.013683314006409875,5.0,2.457240161975097
3.082421775629611,11.376886771821594,1.0,0.022365490641173102,6.0,2.248941244191604
3.0445179343678452,11.88646375914223,1.0,0.01643180250354548,3.0,2.271644981682117
3.027728313406258,12.537341605140965,1.0,0.019421457463093483,3.0,2.239966423581768
3.1218519460697025,15.561945975139327,1.0,0.013941402380710177,4.0,2.273055154241268
3.32892393792928,18.650255435701304,1.0,0.021349515790810458,4.0,2.3189430401213578
3.1714576443653013,11.360833672393852,1.0,0.014965938692650727,4.0,2.206329762790746
3.368099720172984,17.37775458861352,1.0,0.01689345837396633,7.0,2.2378841199422705
2.893156957517171,7.34308636092712,1.0,0.015141801390011728,5.0,2.3807090371309108
3.530653777664716,21.353459927671533,1.0,0.010650207727553984,5.0,2.2225671087478673
3.4261002289493767,15.325230900089588,1.0,0.022475759961719133,3.0,2.227033266810576
2.9531925718646654,10.201622810651356,1.0,0.013113066616333713,6.0,2.4028047720951955
3.4991096413126432,14.89808288988488,1.0,0.016051159251165736,3.0,2.194550471107916
3.247774103281608,17.262180381977082,1.0,0.02175534629457343,3.0,2.2583193153311
3.0686848130246758,11.653496577112648,1.0,0.01338506641760051,3.0,2.21566233431271
3.336555583820911,19.186161972485415,1.0,0.020885671691180607,7.0,2.1739161997047094
2.964894428898499,10.714361695198413,1.0,0.016864659621297018,4.0,2.3525846356351643
3.193843805647418,13.704649696620166,1.0,0.017508612889335806,3.0,2.2351224134228467
3.108369371661155,12.387389828925444,1.0,0.023648576167462965,3.0,2.2502262105608297
3.157975069956754,16.334761891898232,1.0,0.023176238232723856,3.0,2.267411721817628
3.252607479012974,12.600066633110508,1.0,0.02700171742466595,3.0,2.2252839335966224
2.7901297379801577,9.121524118655994,1.0,0.013875565070078144,6.0,2.3611560757759333
3.171203256168914,13.47247002369852,1.0,0.01397449358118752,4.0,2.232253794890764
3.6764182141948614,19.367421735162132,1.0,0.027972319982017324,9.0,2.0663864652090522
3.508776392775375,18.53387616122202,1.0,0.017336346131581304,4.0,2.2052588480325133
2.7575680488425336,7.728770948152237,1.0,0.01378246020148255,4.0,2.3458902615003305
3.186466547952175,14.26567982841212,1.0,0.013790839808265454,3.0,2.2478201924569827
3.3212922920376493,14.23773517752333,1.0,0.011105713783779447,4.0,2.188972072320942
3.12541338081913,10.92858773195901,1.0,0.009860318103542487,4.0,2.2762633992783963
3.141694225387942,15.181845894062773,1.0,0.018456632076788604,3.0,2.2370754875517953
3.3823454591706943,15.505034302580862,1.0,0.018664264058520785,3.0,2.2360273841297893
3.0694479776138386,10.071431985024658,1.0,0.018888915109883664,3.0,2.2300525473993575
3.2276774357669806,14.677723623556934,1.0,0.01204472823810121,4.0,2.2366367489867374
3.0704655303993893,10.338969817310428,1.0,0.014311246925380439,3.0,2.2212307845096206
3.360722462477741,15.905170003925747,1.0,0.019921783723911957,3.0,2.2003176995878913
3.0256932078351566,11.39392480709769,1.0,0.01640941761396797,3.0,2.2860768879842492
3.2861867209361484,17.857921988600477,1.0,0.0146457948533677,3.0,2.309886052729355
3.1958789112185193,11.396277438943299,1.0,0.017081478932548078,4.0,2.257297825000789
3.2983973543627574,21.26937729596139,1.0,0.014929032142278031,4.0,2.336562019573492
3.0010175527855507,14.459937689973328,1.0,0.024231333042836423,3.0,2.265865563030652
3.8692444670567285,24.74096168003027,1.0,0.022906825431558087,3.0,2.1798087063041374
3.293818366827779,15.80430469059202,1.0,0.015367083614433341,4.0,2.2528216257511726
3.80310353599593,24.78617590379924,1.0,0.010246873325461925,5.0,2.254896381919619
2.9165606715848384,8.507536753244418,1.0,0.015322814406462992,5.0,2.366369114157821
3.6438565250572372,23.62441100866333,1.0,0.020294922296971885,3.0,2.2205622253086057
3.2487916560671586,15.937350968056279,1.0,0.022113173068971537,15.0,2.3257742999900826
3.3464767234800306,18.977822472310727,1.0,0.02184617263823807,3.0,2.2751448062953594
3.2131773085728823,17.525453796106238,1.0,0.0210040722861905,3.0,2.3297003123956896
3.3251081149834647,17.139160707887925,1.0,0.014476826394371312,3.0,2.2242790799416117
3.6779445433731874,17.776333580393118,1.0,0.018268610344200242,3.0,2.23313378356727
3.203256168913762,12.588254695390496,1.0,0.012659531532477564,3.0,2.2432064337997435
2.9763418977359453,9.508886708234595,1.0,0.016284621174701752,3.0,2.2823361077315427
3.3879419994912237,19.533984295844686,1.0,0.020666165480555776,6.0,2.2468522663679784
3.1460188247265326,13.071065616299752,1.0,0.017020750499495252,3.0,2.2936736024098376
3.3775120834393286,17.31433671648639,1.0,0.018271335867565797,3.0,2.2270051647544733
3.394047316204528,13.932356669918306,1.0,0.029823024010443455,3.0,2.2420766382693147
3.2541338081913,15.682320033060726,1.0,0.018316678021262356,3.0,2.2191099428871572
3.116255405749173,9.272903486439965,1.0,0.01902059845666748,3.0,2.2533358644961847
3.473162045281099,21.22689336507526,1.0,0.02324045587004564,7.0,2.205723298021118
3.4380564741795983,20.464111743137796,1.0,0.019981328891537364,3.0,2.307356263265987
3.3202747392520986,16.764183438980943,1.0,0.02649645064663264,4.0,2.2548322264697607
3.449758331213432,18.324964707649787,1.0,0.023483443282649508,3.0,2.3022192866106144
